case_id,case_type,razorpay_payment_id,razorpay_order_id,razorpay_sub_id,razorpay_token_id,razorpay_customer_id,amount_paise,currency,method,card_network,error_code,error_source,error_step,error_reason,error_description,decline_class,subscription_status,retry_count,max_retries,created_at,last_attempt_at,next_retry_at,case_status,recovery_method,recovered_amount_paise,contact_phone,contact_email,invoice_id,company_name,gstin,aging_bucket,checkout_stage,amount_rupees,recovered_amount_rupees
ea8276c8-2c52-417b-9d80-9e34a3e85ebf,subscription,pay_lao3SRul1Kkz37,order_SPLn8xcf56KYFr,sub_XDlMyN6bAvwClx,token_SsAMUMVZmAYv1j,cust_S0D3B4pY8WGMZx,1173100,INR,netbanking,,GATEWAY_ERROR,issuer_bank,payment_authorization,bank_technical_error,Bank downtime. Please try again later.,technical,active,2,3,2026-08-05T04:28:18.997650+05:30,2026-08-08T10:28:18.997650+05:30,,recovered,auto_retry,1173100,+917788237410,ayaan.pillai178@rediffmail.com,,,,,,11731.0,11731.0
9756f76b-4c16-4c16-8887-f480cc0cf6d2,mandate,pay_JlBfh9zayAYZva,order_oB5XAFzQ73NhDF,,token_TIskmMZdCpD6xs,cust_rgrwzaVAWriH6f,34200,INR,card,visa,BAD_REQUEST_ERROR,issuer_bank,payment_authorization,debit_instrument_blocked,Your card is blocked. Please contact your bank.,hard,,0,0,2026-08-05T04:29:01.997650+05:30,2026-08-05T04:29:01.997650+05:30,,closed,manual,0,+918877087760,ishaan.thakur714@outlook.com,,,,,,342.0,0.0
04feae54-931d-47bd-8fff-0869b327698f,subscription,pay_ykmqFld657jRhz,order_ddn2iYhXGdxHNq,sub_F5V4rxdihsjqcU,token_OIRG36fM4YJkYX,cust_HeEyQKiuqNYhD9,396700,INR,card,mastercard,BAD_REQUEST_ERROR,gateway,payment_authorization,payment_failed,Payment was declined by the bank.,technical,active,1,3,2026-08-05T04:46:34.997650+05:30,2026-08-29T10:46:34.997650+05:30,,recovered,auto_retry,396700,+917766680987,sai.roy981@hotmail.com,,,,,,3967.0,3967.0
06623738-bc4f-484c-8e82-6ca59fb71b30,subscription,pay_3IFbGAycFIj4P9,order_XbvVjqLTfeko0S,sub_7dLSHBKfInhgw7,token_RPAgSUi8LDVk7b,cust_RJJG8t8dxhLO46,95900,INR,upi,,BAD_REQUEST_ERROR,gateway,payment_authorization,insufficient_funds,Your payment could not be completed due to insufficient account balance.,soft,active,1,3,2026-08-05T05:08:45.997650+05:30,2026-08-23T10:08:45.997650+05:30,,recovered,auto_retry,95900,+918899070207,krishna.shah363@outlook.com,,,,,,959.0,959.0
238b1093-8f70-4533-b269-150e80e4d63f,subscription,pay_6iW0NCv68v62wI,order_JcT3YbSonlybi6,sub_49uOlReacVdCyk,token_hIQcsqJL1RWM5S,cust_MjE3yOx1wr8sZv,204200,INR,card,visa,BAD_REQUEST_ERROR,issuer_bank,card_enrollment_check,card_not_enrolled,Your card is not enabled for online payments.,hard,pending,0,0,2026-08-05T05:48:27.997650+05:30,2026-08-05T05:48:27.997650+05:30,,closed,manual,0,+918899054726,ananya.dey629@gmail.com,,,,,,2042.0,0.0
9926d760-3af6-4fb5-9b8f-dbd269ebcab9,mandate,pay_6CWCckBigmpwUU,order_l1s2ofcwoXRNUh,,token_fZGjwCFHw9K1Sm,cust_txLRprHE9iM0VW,1452900,INR,upi,,BAD_REQUEST_ERROR,issuer_bank,payment_authorization,transaction_limit_exceeded,Maximum transaction limit exceeded for the day.,soft,,3,3,2026-08-05T05:56:44.997650+05:30,2026-08-18T11:56:44.997650+05:30,,escalated,voice,0,+919988085471,amit.chauhan429@rediffmail.com,,,,,,14529.0,0.0
d0466cbf-4f16-4b6b-b1a2-832c1f880476,subscription,pay_JdGQ3w34mAWcwj,order_XYcVVBW806LDfL,sub_e8wf8Z9PgdcK0U,token_ZqUwy5z3mPasqs,cust_Lw3YHwJQQvXuJ0,69100,INR,emandate,,BAD_REQUEST_ERROR,customer,payment_authentication,payment_cancelled,Your payment has been cancelled.,soft,active,1,3,2026-08-05T06:39:11.997650+05:30,2026-08-24T10:39:11.997650+05:30,,recovered,auto_retry,69100,+918877348768,sanjay.chauhan936@outlook.com,,,,,,691.0,691.0
e4568a34-0e2e-46fa-91ba-4766700692d1,subscription,pay_4LIIhmEdrRglSF,order_48LMkjdpIYjYRg,sub_JNB5vvd7GVrf2q,token_8XsjHXf9RD9L91,cust_FhzHC78iszmf2X,2577000,INR,card,mastercard,BAD_REQUEST_ERROR,gateway,payment_authorization,insufficient_funds,Your payment could not be completed due to insufficient account balance.,soft,active,1,3,2026-08-05T07:05:06.997650+05:30,2026-08-24T10:05:06.997650+05:30,,recovered,auto_retry,2577000,+917788674885,neha.mishra259@outlook.com,,,,,,25770.0,25770.0
e126ffbe-c6aa-4ee8-a754-822d12005c6a,subscription,pay_MipTlLoTjWVFTq,order_VHmHkfzkGDJDOJ,sub_aWWrtCSwirrgoX,token_ySrwFc0uYHpIMk,cust_iLwfqCyBKgSKtf,1609500,INR,upi,,BAD_REQUEST_ERROR,customer,payment_authentication,payment_cancelled,Your payment has been cancelled.,soft,halted,3,3,2026-08-05T07:13:18.997650+05:30,2026-08-11T15:13:18.997650+05:30,,escalated,voice,0,+919876710257,aditi.kumar776@rediffmail.com,,,,,,16095.0,0.0
78c3a41b-8a5e-4e2c-b5c4-a74c9705fcff,mandate,pay_vX0YGos5NWqp26,order_K3h4lID8NbL28e,,token_tJGQYGAQXy0uuD,cust_sOKGFYxbkiJLmc,18600,INR,card,mastercard,BAD_REQUEST_ERROR,issuer_bank,payment_authorization,card_disabled_for_online_payments,Your card is disabled for online payments.,hard,,0,0,2026-08-05T07:30:23.997650+05:30,2026-08-05T07:30:23.997650+05:30,,closed,manual,0,+918877246556,ananya.joshi380@yahoo.co.in,,,,,,186.0,0.0
03a56ed9-6cee-466d-9dff-734029197c24,mandate,pay_a4fCmVeKw7W0zD,order_rzMRaaOJOIfKOn,,token_pd0xCPpQyqS1Sm,cust_rPmOlxcAJnZYQP,301300,INR,emandate,,BAD_REQUEST_ERROR,customer,payment_authentication,payment_timed_out,Your payment could not be completed due to a temporary issue. Try again later.,soft,,3,3,2026-08-05T07:56:38.997650+05:30,2026-08-25T15:56:38.997650+05:30,,recovered,sms,301300,+917766355887,priya.das736@rediffmail.com,,,,,,3013.0,3013.0
26fbf8a6-3655-41f3-bf71-7844deb3f36e,mandate,pay_KT5JnndPSswx4k,order_MCzN4EAyjGS0Xc,,token_RTCfHGGCQ9AyaI,cust_oluiPVcuAvj3Cu,985500,INR,card,mastercard,BAD_REQUEST_ERROR,customer,payment_initiation,incorrect_cvv,Incorrect CVV entered.,soft,,1,3,2026-08-05T07:58:08.997650+05:30,2026-08-13T10:58:08.997650+05:30,,recovered,auto_retry,985500,+917788075256,aditya.banerjee17@hotmail.com,,,,,,9855.0,9855.0
1cc418b6-f2d9-427c-96d6-09ede50a521e,payment,pay_kP1l3MRhXGwSvG,order_6lB1Rk7z8Wdtva,,,cust_63D3ugiguAIeA6,231800,INR,upi,,BAD_REQUEST_ERROR,customer,payment_authentication,payment_cancelled,Your payment has been cancelled.,soft,,3,3,2026-08-05T09:12:45.997650+05:30,2026-08-26T16:12:45.997650+05:30,,escalated,voice,0,+919988694481,aditya.thakur768@outlook.com,,,,,,2318.0,0.0
bf067887-0a89-4925-9e00-2440d86d11c5,payment,pay_Wx1ttTI53VB5a3,order_XHgJlRHBewuCnC,,,cust_WWoexGjkfkKhTp,190600,INR,upi,,BAD_REQUEST_ERROR,gateway,payment_authorization,insufficient_funds,Your payment could not be completed due to insufficient account balance.,soft,,3,3,2026-08-05T09:12:55.997650+05:30,2026-09-03T13:12:55.997650+05:30,,escalated,voice,0,+918899873111,diya.iyer375@yahoo.co.in,,,,,,1906.0,0.0
48e13b41-24c7-4e61-80a8-96ddd339e992,checkout_drop_off,pay_YhwvcYxGlovpnd,order_yzhKsons7MkUKt,,,cust_BAkc5QB9OG94id,154600,INR,upi,visa,CHECKOUT_DROP_OFF,customer,checkout_funnel,preferred_bank_missing,Abandoned at payment_method_selected: preferred_bank_missing,soft,,0,3,2026-08-05T09:42:59.997650+05:30,2026-08-05T09:42:59.997650+05:30,,closed,payment_link,0,+917766616956,nisha.sharma480@yahoo.co.in,,,,,payment_method_selected,1546.0,0.0
7ffe6c4e-9b7b-4678-8c61-fe468d728923,mandate,pay_wZALwGkYcLzwYD,order_K5Tjz5XpgAsQgK,,token_cFSPLQM4hmbABv,cust_gvnak5vgsVvdmC,87200,INR,netbanking,,GATEWAY_ERROR,gateway,payment_authentication,authentication_failed,Payment could not be completed due to incorrect OTP or verification details.,soft,,3,3,2026-08-05T10:16:18.997650+05:30,2026-08-23T14:16:18.997650+05:30,,escalated,voice,0,+917788616052,kiara.reddy545@gmail.com,,,,,,872.0,0.0
ad7c17c7-96eb-4bb7-9621-191a6e6eec57,mandate,pay_ZtfF6rRCe0ifSe,order_m0zlp9i5azr5Kl,,token_iX4BBbiBdX6FXD,cust_R4AfiAVFI1e8MR,311800,INR,upi,,BAD_REQUEST_ERROR,customer,payment_authentication,payment_timed_out,Your payment could not be completed due to a temporary issue. Try again later.,soft,,1,3,2026-08-05T10:24:13.997650+05:30,2026-08-11T10:24:13.997650+05:30,,recovered,auto_retry,311800,+917788541859,aarav.thakur716@rediffmail.com,,,,,,3118.0,3118.0
cfb3c31f-842f-4283-a837-62526dce19ce,subscription,pay_2zFaGZfZQi3NUi,order_1VePewq6fpvktx,sub_hZqfQ69cGtjl9s,token_5vH5J95xjl1ep7,cust_otfrOSnhTJruZX,414000,INR,card,visa,GATEWAY_ERROR,gateway,payment_authentication,authentication_failed,Payment could not be completed due to incorrect OTP or verification details.,soft,halted,3,3,2026-08-05T11:10:39.997650+05:30,2026-09-05T15:10:39.997650+05:30,,escalated,voice,0,+917766506258,ananya.patel502@gmail.com,,,,,,4140.0,0.0
5f00d811-45d7-4c4d-b7ce-13ce06ad55f3,subscription,pay_QkA7UBK68x3zZN,order_6Or01dYjsWgUXq,sub_hmzMfjjUqK64ZX,token_TaGSuWwAlpumez,cust_iYDEVbFAF0fl3m,1029900,INR,emandate,,BAD_REQUEST_ERROR,customer,payment_authentication,payment_cancelled,Your payment has been cancelled.,soft,halted,3,3,2026-08-05T11:12:44.997650+05:30,2026-09-05T16:12:44.997650+05:30,,escalated,voice,0,+919123667318,nisha.sharma125@hotmail.com,,,,,,10299.0,0.0
6b477f5f-ab6d-4d4a-806e-fafd7e009d50,subscription,pay_hMyxZ5C1PDo1vV,order_pNL3KiQFmqm37o,sub_HwkyinG874aDQj,token_hdZmh13raJ5EIv,cust_fzWLXGKmLuf4DE,1301300,INR,upi,,BAD_REQUEST_ERROR,issuer_bank,card_enrollment_check,card_not_enrolled,Your card is not enabled for online payments.,hard,pending,0,0,2026-08-05T11:35:06.997650+05:30,2026-08-05T11:35:06.997650+05:30,,closed,manual,0,+919988761214,aditya.mishra63@yahoo.co.in,,,,,,13013.0,0.0
b67ffe39-6b0a-4201-862d-f95a66e83ac2,subscription,pay_joUxgKezN74ON0,order_W0ndXmM6Q63oRm,sub_2Bd32gt6tlNlx3,token_Up4U7n0fHwlVwT,cust_VoJIrsZmNDxtSv,378200,INR,upi,,BAD_REQUEST_ERROR,issuer_bank,card_enrollment_check,card_not_enrolled,Your card is not enabled for online payments.,hard,pending,0,0,2026-08-05T11:36:26.997650+05:30,2026-08-05T11:36:26.997650+05:30,,closed,manual,0,+917788473702,neha.singh5@outlook.com,,,,,,3782.0,0.0
5d539994-b62e-4993-91ab-101ca83be0b5,mandate,pay_KtoYis41lXj1BI,order_OfBtu8HEHZX4d2,,token_MkSojb24hBf23Q,cust_YnRT4OMU2hGocZ,207500,INR,upi,,BAD_REQUEST_ERROR,gateway,payment_authorization,payment_failed,Payment was declined by the bank.,technical,,3,3,2026-08-05T11:42:29.997650+05:30,2026-08-23T10:42:29.997650+05:30,,recovered,auto_retry,207500,+919123982404,nisha.thakur443@hotmail.com,,,,,,2075.0,2075.0
8ef5fe7e-a633-4fac-868f-6bd819e9be75,mandate,pay_ryq1xXpPjAyeKM,order_HJLuMmNrIccMqn,,token_MDA4izyTBKFu0I,cust_6zdPU7IuWsC4h9,147700,INR,upi,,BAD_REQUEST_ERROR,issuer_bank,payment_authorization,debit_instrument_inactive,Your card is currently inactive.,technical,,1,3,2026-08-05T11:45:16.997650+05:30,2026-08-23T10:45:16.997650+05:30,,recovered,auto_retry,147700,+917766572801,ananya.dey615@outlook.com,,,,,,1477.0,1477.0
9600ed1b-3881-4db9-8bfa-8b56994db062,subscription,pay_g1RZ20K0wQEflR,order_PmmaeXthU2fK8y,sub_sLMQriTczv8p5N,token_PekBzqqeUR5rgD,cust_eNVecfUUsPD0sw,550300,INR,netbanking,,GATEWAY_ERROR,gateway,payment_authentication,authentication_failed,Payment could not be completed due to incorrect OTP or verification details.,soft,halted,3,3,2026-08-05T11:46:46.997650+05:30,2026-08-11T16:46:46.997650+05:30,,escalated,voice,0,+919876325488,isha.yadav578@outlook.com,,,,,,5503.0,0.0
509991e2-d9eb-41a7-a708-5c3dafc3347a,mandate,pay_XrHGxyFa1sFjtq,order_PSvv1HEC0dfAXf,,token_AQuz88XE0W5lfn,cust_H4Dm8WUg8s0b7M,589700,INR,card,mastercard,GATEWAY_ERROR,gateway,payment_authorization,gateway_technical_error,Payment did not go through due to a temporary issue.,technical,,4,3,2026-08-05T12:33:45.997650+05:30,2026-09-09T15:33:45.997650+05:30,,escalated,voice,0,+917788500924,suresh.chauhan144@yahoo.co.in,,,,,,5897.0,0.0
7e53c84c-dff5-4df2-82ca-465b69c84980,checkout_drop_off,pay_CFH1wu7EMTJFa7,order_ke5F6jIgCleXwV,,,cust_DWaEEQIo8s5DSt,108400,INR,upi,visa,CHECKOUT_DROP_OFF,customer,checkout_funnel,bank_page_latency_timeout,Abandoned at otp_abandoned: bank_page_latency_timeout,soft,,0,3,2026-08-05T13:12:25.997650+05:30,2026-08-05T13:12:25.997650+05:30,,closed,payment_link,0,+917766399427,nisha.bose98@gmail.com,,,,,otp_abandoned,1084.0,0.0
b81103b5-b562-4edc-99e8-474925b9a5f6,payment,pay_hyQ0afr8y3T7TC,order_ewxRILWDFTnZc4,,,cust_7mhNUGVfAuyW6n,56500,INR,upi,,GATEWAY_ERROR,gateway,payment_authentication,authentication_failed,Payment could not be completed due to incorrect OTP or verification details.,soft,,1,3,2026-08-05T13:43:24.997650+05:30,2026-08-08T10:43:24.997650+05:30,,recovered,auto_retry,56500,+919988682140,pooja.das977@rediffmail.com,,,,,,565.0,565.0
1e589480-fe2f-457e-80b9-ab738681613d,payment,pay_wUtTi9sYZWVUCQ,order_WqLe0ShDSkQFl1,,,cust_AZOTjsyFHoJi4U,1030900,INR,upi,,BAD_REQUEST_ERROR,issuer_bank,payment_authorization,transaction_limit_exceeded,Maximum transaction limit exceeded for the day.,soft,,3,3,2026-08-05T13:46:21.997650+05:30,2026-09-06T11:46:21.997650+05:30,,escalated,voice,0,+917788741733,amit.roy425@yahoo.co.in,,,,,,10309.0,0.0
c9d84f09-f528-423f-8cd6-cfb0efbc211d,checkout_drop_off,,order_SQvdoiXcixoyoE,,,cust_V52s7elotr197U,163200,INR,card,visa,CHECKOUT_DROP_OFF,customer,checkout_funnel,window_shopping_exit,Abandoned at cart_abandoned: window_shopping_exit,soft,,0,3,2026-08-05T13:53:45.997650+05:30,2026-08-05T13:53:45.997650+05:30,,recovered,payment_link,163200,+919123862606,isha.singh614@outlook.com,,,,,cart_abandoned,1632.0,1632.0
666c18a0-9428-4576-9e55-c41e08f4401e,payment,pay_ZyQocxHvNz9Dik,order_qFk76xG42RY8bT,,,cust_2c6vc62AFRoGvx,43800,INR,upi,,BAD_REQUEST_ERROR,issuer_bank,payment_authorization,transaction_limit_exceeded,Maximum transaction limit exceeded for the day.,soft,,3,3,2026-08-05T13:59:58.997650+05:30,2026-08-27T15:59:58.997650+05:30,,escalated,voice,0,+919123826292,arjun.roy70@outlook.com,,,,,,438.0,0.0
6412d6ce-1630-4919-be37-0692e029cbb6,checkout_drop_off,pay_8HtYCc8JOQE7ls,order_01wdcU6C9PGic9,,,cust_VIbYfGKK8evz7H,205000,INR,upi,rupay,CHECKOUT_DROP_OFF,customer,checkout_funnel,saved_card_unavailable,Abandoned at payment_method_selected: saved_card_unavailable,soft,,0,3,2026-08-05T14:00:06.997650+05:30,2026-08-05T14:00:06.997650+05:30,,closed,payment_link,0,+919876081440,kavita.ghosh324@yahoo.co.in,,,,,payment_method_selected,2050.0,0.0
31bbc933-5e87-4d99-bfdc-8fbd8f43c130,checkout_drop_off,pay_hvTyyZ7sSbn5T6,order_8N529xrBLx8Lmw,,,cust_2WHzSDTyPb3oLi,118700,INR,upi,visa,CHECKOUT_DROP_OFF,customer,checkout_funnel,3ds_auth_cancelled,Abandoned at otp_abandoned: 3ds_auth_cancelled,soft,,0,3,2026-08-05T14:01:47.997650+05:30,2026-08-05T14:01:47.997650+05:30,,closed,payment_link,0,+917766236001,rajesh.verma816@yahoo.co.in,,,,,otp_abandoned,1187.0,0.0
0fdb7c19-c0c7-4e28-b144-d481b2493f40,payment,pay_vmwmxYMxMeho9Y,order_kIy3i7BNT447Mp,,,cust_wVz0bNw7blBmha,53500,INR,upi,,GATEWAY_ERROR,gateway,payment_authentication,authentication_failed,Payment could not be completed due to incorrect OTP or verification details.,soft,,3,3,2026-08-05T14:17:31.997650+05:30,2026-08-28T14:17:31.997650+05:30,,escalated,voice,0,+919123612805,aarav.banerjee857@outlook.com,,,,,,535.0,0.0
2cf9caed-7dd8-467a-a867-3e3e6d68cb3f,payment,pay_0FKD4MLB2IS4mX,order_w6iOHjC5iMXsop,,,cust_QG1uaye8LpOPSy,1333700,INR,card,mastercard,GATEWAY_ERROR,gateway,payment_authentication,authentication_failed,Payment could not be completed due to incorrect OTP or verification details.,soft,,3,3,2026-08-05T14:35:55.997650+05:30,2026-09-04T11:35:55.997650+05:30,,escalated,voice,0,+919988290878,ayaan.mehta298@gmail.com,,,,,,13337.0,0.0
04574db2-6c33-40b2-87e5-7c75f6e5f766,checkout_drop_off,,order_efV4ce3M9tCyzR,,,cust_DXPblzpf39cjgx,741600,INR,card,rupay,CHECKOUT_DROP_OFF,customer,checkout_funnel,window_shopping_exit,Abandoned at cart_abandoned: window_shopping_exit,soft,,0,3,2026-08-05T14:54:01.997650+05:30,2026-08-05T14:54:01.997650+05:30,,closed,payment_link,0,+919876073019,deepak.patel999@gmail.com,,,,,cart_abandoned,7416.0,0.0
88b7ee4c-2bad-4dde-bf7e-df1ae73c677e,checkout_drop_off,pay_VvY40QAF5vaKAi,order_6H3bNL542bnJra,,,cust_wMbLhm3pZNhyPt,183800,INR,upi,rupay,CHECKOUT_DROP_OFF,customer,checkout_funnel,bank_page_latency_timeout,Abandoned at otp_abandoned: bank_page_latency_timeout,soft,,0,3,2026-08-05T14:57:41.997650+05:30,2026-08-05T14:57:41.997650+05:30,,recovered,payment_link,183800,+917766526003,sai.yadav118@hotmail.com,,,,,otp_abandoned,1838.0,1838.0
dedaf128-9a6e-4722-ae06-9cae75afe27a,checkout_drop_off,pay_sx2I4fjKX4eIht,order_A5pb6RQ9HCx9cb,,,cust_FOEx76UwKjfmYq,290700,INR,upi,rupay,CHECKOUT_DROP_OFF,customer,checkout_funnel,otp_not_received,Abandoned at otp_abandoned: otp_not_received,soft,,0,3,2026-08-05T15:16:06.997650+05:30,2026-08-05T15:16:06.997650+05:30,,closed,payment_link,0,+918899615894,nisha.joshi305@gmail.com,,,,,otp_abandoned,2907.0,0.0
326525e8-cf81-4fed-a20f-9327be9b34f2,b2b_receivable,,order_PwXLkyZgjMkv4A,,,cust_FnTy5rrcEay9IB,9600000,INR,netbanking,,INVOICE_PAYMENT_OVERDUE,corporate_buyer,accounts_payable_settlement,invoice_overdue_current,Corporate invoice overdue by 0 days (current).,soft,,0,3,2026-08-05T15:18:12.997650+05:30,2026-08-05T15:18:12.997650+05:30,,recovered,email,9600000,+919900927592,ap@sigma.com,inv_J2ne3GDNmy4gsd,Sigma Heavy Equipment Ltd,29CACED7072B4ZQ,current,,96000.0,96000.0
5de29999-d456-49c8-bc3f-ac82b03ed83c,subscription,pay_4F8w2t9QuY5NMW,order_rYyPfm3X9DSBt4,sub_fAKKbOTpyNlGFa,token_cjfH30yNtVWSMf,cust_rv5MiJgYjFEkOF,919500,INR,upi,,BAD_REQUEST_ERROR,customer,payment_authentication,payment_timed_out,Your payment could not be completed due to a temporary issue. Try again later.,soft,active,3,3,2026-08-05T15:23:43.997650+05:30,2026-08-17T10:23:43.997650+05:30,,recovered,auto_retry,919500,+917788033736,neha.shah421@yahoo.co.in,,,,,,9195.0,9195.0
202f1f6a-d277-4a9a-8a39-4607de66978d,checkout_drop_off,pay_1pH1MYhYzgdBUe,order_QeFiIMrHqQvYI8,,,cust_cPwJeRCbPMXskE,237000,INR,card,rupay,CHECKOUT_DROP_OFF,customer,checkout_funnel,otp_not_received,Abandoned at otp_abandoned: otp_not_received,soft,,0,3,2026-08-05T15:33:03.997650+05:30,2026-08-05T15:33:03.997650+05:30,,closed,payment_link,0,+919123212617,saanvi.iyer903@outlook.com,,,,,otp_abandoned,2370.0,0.0
459e4df8-1433-47cc-969a-b068b165f852,b2b_receivable,,order_WfoZavJYaCPd0a,,,cust_igSJyFe3U9jP6A,7900000,INR,netbanking,,INVOICE_PAYMENT_OVERDUE,corporate_buyer,accounts_payable_settlement,invoice_overdue_current,Corporate invoice overdue by 0 days (current).,soft,,0,3,2026-08-05T17:26:11.997650+05:30,2026-08-05T17:26:11.997650+05:30,,recovered,email,7900000,+919988145800,ap@trident.com,inv_2r02BcaYbB8lQS,Trident Agro Exports Pvt Ltd,06BEDCE9037B6Z1,current,,79000.0,79000.0
b04d0e9e-29c6-426c-ae04-1aace756a182,b2b_receivable,,order_uI8eZf6ooHYso5,,,cust_nfco7U6F7ef1CD,13400000,INR,netbanking,,INVOICE_PAYMENT_OVERDUE,corporate_buyer,accounts_payable_settlement,invoice_overdue_60_plus_days,Corporate invoice overdue by 75 days (60_plus_days).,soft,,0,3,2026-08-05T17:31:46.997650+05:30,2026-08-05T17:31:46.997650+05:30,,escalated,manual,0,+919988880328,ap@apex.com,inv_FhBPx4AJ4G1tFk,Apex Logistics Solutions Pvt Ltd,07ABBDB7347V9ZR,60_plus_days,,134000.0,0.0
170b09c9-db15-49fa-9afc-f68f1d380ba4,payment,pay_HNtTeAFGHU5EaR,order_AwQFfYPkxgizVJ,,,cust_0H68tu48UsvI6W,2316400,INR,upi,,GATEWAY_ERROR,gateway,payment_authorization,gateway_technical_error,Payment did not go through due to a temporary issue.,technical,,4,3,2026-08-05T18:53:37.997650+05:30,2026-08-27T15:53:37.997650+05:30,,escalated,voice,0,+919988619055,reyansh.mishra500@hotmail.com,,,,,,23164.0,0.0
f053cf9a-4c13-4696-bd35-70de0981d7b1,subscription,pay_ON7ZER22uXojtk,order_SINxNwcienS5sG,sub_HckjnjSYTj2Du9,token_w1gGOjQ6lLHfsM,cust_ZmiiL7rQ5WD1j3,128400,INR,upi,,BAD_REQUEST_ERROR,gateway,payment_authorization,insufficient_funds,Your payment could not be completed due to insufficient account balance.,soft,active,1,3,2026-08-05T19:02:48.997650+05:30,2026-08-11T10:02:48.997650+05:30,,recovered,auto_retry,128400,+917766691829,kavita.roy336@gmail.com,,,,,,1284.0,1284.0
754c7e96-d07e-4c9d-bfac-cb563052b686,payment,pay_CaHNdbFO5XbHjc,order_O09lwGEWcfI1dp,,,cust_E4f88vVrKB0VgQ,2605900,INR,upi,,GATEWAY_ERROR,issuer_bank,payment_authorization,bank_technical_error,Bank downtime. Please try again later.,technical,,4,3,2026-08-05T19:38:40.997650+05:30,2026-09-08T15:38:40.997650+05:30,,escalated,voice,0,+917766357843,diya.joshi41@rediffmail.com,,,,,,26059.0,0.0
15f18989-725e-417e-8246-ac7d59f5400e,payment,pay_nKl58yXXFszNWc,order_ThwL4FAWlu6jPJ,,,cust_peCu1C0clQYNHm,127900,INR,netbanking,,BAD_REQUEST_ERROR,gateway,payment_authorization,insufficient_funds,Your payment could not be completed due to insufficient account balance.,soft,,3,3,2026-08-05T21:05:29.997650+05:30,2026-09-04T16:05:29.997650+05:30,,escalated,voice,0,+919900304074,priya.banerjee609@gmail.com,,,,,,1279.0,0.0
b30317dc-9865-4810-9bba-d5f5a4f47f79,checkout_drop_off,pay_Ori5YisdVuSOcb,order_faAEUeZ6uhpiJ7,,,cust_TzcUrrkGKU23S8,166300,INR,upi,visa,CHECKOUT_DROP_OFF,customer,checkout_funnel,bank_page_latency_timeout,Abandoned at otp_abandoned: bank_page_latency_timeout,soft,,0,3,2026-08-05T21:17:59.997650+05:30,2026-08-05T21:17:59.997650+05:30,,closed,payment_link,0,+917788069786,amit.mahanty29@gmail.com,,,,,otp_abandoned,1663.0,0.0
f48b0267-7e19-44f6-968c-9876296d559f,payment,pay_R8kyFbKfNGml9p,order_etdfyN3SoM6vuD,,,cust_CwA2iSMdyI5W30,412500,INR,upi,,BAD_REQUEST_ERROR,gateway,payment_authorization,insufficient_funds,Your payment could not be completed due to insufficient account balance.,soft,,3,3,2026-08-05T21:29:50.997650+05:30,2026-09-03T15:29:50.997650+05:30,,recovered,sms,412500,+917766382238,sanjay.mehta188@yahoo.co.in,,,,,,4125.0,4125.0
fe05a721-0513-4921-ab5c-d64732fcdf91,payment,pay_PbekKkL1hjIL1n,order_vKJ7Z3QRGr82wU,,,cust_F2907F6V3g59Zn,4387300,INR,upi,,BAD_REQUEST_ERROR,issuer_bank,payment_authorization,card_disabled_for_online_payments,Your card is disabled for online payments.,hard,,0,0,2026-08-05T22:08:41.997650+05:30,2026-08-05T22:08:41.997650+05:30,,closed,manual,0,+919876100849,nisha.gupta151@outlook.com,,,,,,43873.0,0.0
1eb11b2e-d230-4310-9265-6a15f9df953f,checkout_drop_off,pay_OQBD5vW98TtNz7,order_Kw8VtWmtxWx23z,,,cust_76wxzS6PaHizmW,310000,INR,upi,rupay,CHECKOUT_DROP_OFF,customer,checkout_funnel,upi_intent_app_switch_failed,Abandoned at payment_method_selected: upi_intent_app_switch_failed,soft,,0,3,2026-08-05T22:15:06.997650+05:30,2026-08-05T22:15:06.997650+05:30,,closed,payment_link,0,+917788172657,rajesh.agarwal276@yahoo.co.in,,,,,payment_method_selected,3100.0,0.0
d10707f7-43fd-466b-8ef6-8dac3dfe300b,payment,pay_6rxrviIhxADp7I,order_XXlS6GFr01z0gi,,,cust_YdnLyeTlKM603q,1257200,INR,upi,,BAD_REQUEST_ERROR,customer,payment_authentication,payment_cancelled,Your payment has been cancelled.,soft,,1,3,2026-08-05T22:15:57.997650+05:30,2026-08-31T10:15:57.997650+05:30,,recovered,auto_retry,1257200,+919123206248,aanya.bose468@hotmail.com,,,,,,12572.0,12572.0
07ffae91-4c21-4085-9048-3668e5258b29,checkout_drop_off,,order_aCMco2dWJYYk4Z,,,cust_XOjcNsSRbVC54R,256000,INR,upi,rupay,CHECKOUT_DROP_OFF,customer,checkout_funnel,accidental_tab_close,Abandoned at cart_abandoned: accidental_tab_close,soft,,0,3,2026-08-05T22:43:46.997650+05:30,2026-08-05T22:43:46.997650+05:30,,closed,payment_link,0,+919876621643,aanya.agarwal992@hotmail.com,,,,,cart_abandoned,2560.0,0.0
2de8da2b-8596-45c1-827a-344571f09673,checkout_drop_off,pay_5RaUjNTfOo6TRq,order_M7xx8CJW0QJJaV,,,cust_kVozGmjmIBItzD,440700,INR,upi,rupay,CHECKOUT_DROP_OFF,customer,checkout_funnel,bank_page_latency_timeout,Abandoned at otp_abandoned: bank_page_latency_timeout,soft,,0,3,2026-08-05T23:26:32.997650+05:30,2026-08-05T23:26:32.997650+05:30,,recovered,payment_link,440700,+917766390382,kiara.sharma936@rediffmail.com,,,,,otp_abandoned,4407.0,4407.0
3ae10477-168a-433e-9ef1-e5bd228cdafd,payment,pay_2XUeMXVXw6qrNh,order_ZApB1awaXjUCZI,,,cust_YxcYAM88GlOZ35,981000,INR,upi,,BAD_REQUEST_ERROR,gateway,payment_authorization,payment_failed,Payment was declined by the bank.,technical,,4,3,2026-08-05T23:42:09.997650+05:30,2026-08-20T11:42:09.997650+05:30,,escalated,voice,0,+918899809961,pooja.mishra142@yahoo.co.in,,,,,,9810.0,0.0
3ca993d5-4c18-42d2-8812-f91cd1ac590d,subscription,pay_dDaUFmPCnfVWWo,order_stpvW1f51zq6H2,sub_2wNRO2ISCMuCsP,token_op9RLrXUbvDOYc,cust_VDgUOwqw4umOyr,256700,INR,netbanking,,BAD_REQUEST_ERROR,issuer_bank,payment_authorization,card_expired,Your card has expired. Please use another card.,hard,pending,0,0,2026-08-06T04:03:09.997650+05:30,2026-08-06T04:03:09.997650+05:30,,closed,manual,0,+919123926739,nisha.bose914@rediffmail.com,,,,,,2567.0,0.0
b28b94bf-65a9-4a5a-b20f-63ae37a0a9ba,subscription,pay_gL44By5MpPJ9kK,order_L2ehwfA7gDOS4j,sub_JofAuyj4rEFp0S,token_NEAH1WzTwNTfCS,cust_dQsO1h1GRNzj8o,22300,INR,upi,,BAD_REQUEST_ERROR,customer,payment_initiation,incorrect_cvv,Incorrect CVV entered.,soft,halted,3,3,2026-08-06T04:09:46.997650+05:30,2026-08-27T15:09:46.997650+05:30,,escalated,voice,0,+919123903050,neha.reddy725@yahoo.co.in,,,,,,223.0,0.0
0537588c-ed56-48b5-9232-23c10ec74d38,subscription,pay_1Z3vMPhi21G2ZS,order_qvbzoPkhvD0Amp,sub_sAelwNFm9X3emm,token_BbjRQJzTDY1ciW,cust_jAfIJ7WLPNB1jj,63400,INR,upi,,GATEWAY_ERROR,gateway,payment_authorization,gateway_technical_error,Payment did not go through due to a temporary issue.,technical,active,1,3,2026-08-06T04:12:49.997650+05:30,2026-08-31T10:12:49.997650+05:30,,recovered,auto_retry,63400,+919988334238,pradeep.roy642@outlook.com,,,,,,634.0,634.0
c5ecfa8d-7fdb-41e5-b6ce-5eec5427cb8e,subscription,pay_J8QUXyuQyITV7X,order_4r8kETCTyFeFMP,sub_ATqM5bNERILSlk,token_lGCSbb4IjpcFWM,cust_A6dm3wSYfaWFcO,1166900,INR,card,mastercard,BAD_REQUEST_ERROR,issuer_bank,payment_authorization,transaction_limit_exceeded,Maximum transaction limit exceeded for the day.,soft,active,3,3,2026-08-06T04:29:56.997650+05:30,2026-08-18T11:29:56.997650+05:30,,recovered,sms,1166900,+919876709161,deepak.mishra43@rediffmail.com,,,,,,11669.0,11669.0
e9f025dc-febe-4022-8fa3-dbceb6ae4af6,subscription,pay_MtVPp6ykuEifwV,order_rqY8m3aMNwhMk5,sub_3GCPxkEKpt2oLb,token_5nggpRKWiSNYuC,cust_yFM5wlQfw4Fbgf,28500,INR,upi,,BAD_REQUEST_ERROR,issuer_bank,payment_authorization,card_disabled_for_online_payments,Your card is disabled for online payments.,hard,pending,0,0,2026-08-06T04:38:44.997650+05:30,2026-08-06T04:38:44.997650+05:30,,closed,manual,0,+918877010722,rahul.mishra477@hotmail.com,,,,,,285.0,0.0
d24873da-0357-44e9-aa1f-1f4957e2d161,subscription,pay_naeetqemM5RRv4,order_B4HIn76siK98yY,sub_YCyk0C8M74nrc6,token_Bvb4wCPwlkmdDk,cust_t2G9yaiSlBPV6Q,4991500,INR,card,visa,BAD_REQUEST_ERROR,gateway,payment_authorization,insufficient_funds,Your payment could not be completed due to insufficient account balance.,soft,active,2,3,2026-08-06T05:42:37.997650+05:30,2026-08-24T10:42:37.997650+05:30,,recovered,auto_retry,4991500,+918877917892,rohan.kumar558@outlook.com,,,,,,49915.0,49915.0
f1d00355-2f9d-4121-ba38-b82efa1f47be,mandate,pay_IrJHCGH6JNwnj0,order_Qf4yAJnhQge4Sb,,token_kzzEVyASdZpris,cust_CJ2sZq6oxxJd9S,289600,INR,upi,,BAD_REQUEST_ERROR,customer,payment_authentication,payment_timed_out,Your payment could not be completed due to a temporary issue. Try again later.,soft,,3,3,2026-08-06T06:14:55.997650+05:30,2026-08-12T12:14:55.997650+05:30,,escalated,voice,0,+917766111975,neha.shah729@yahoo.co.in,,,,,,2896.0,0.0
8309fd0f-51e3-4057-9b09-e4380c14c829,subscription,pay_5rOx0Py6UGioJk,order_Rz404qLNtzaLa9,sub_mlnJcEuEDHjwGD,token_XrCPAe0kOrxw9Q,cust_NBuctdrXYviReF,197800,INR,netbanking,,BAD_REQUEST_ERROR,customer,payment_authentication,payment_timed_out,Your payment could not be completed due to a temporary issue. Try again later.,soft,active,3,3,2026-08-06T06:25:26.997650+05:30,2026-09-05T10:25:26.997650+05:30,,recovered,sms,197800,+919123824667,amit.dey508@hotmail.com,,,,,,1978.0,1978.0
597e3595-ce58-4bad-a709-0103209d50f9,subscription,pay_UFdA1PBk7bl9wJ,order_oU90859aD3v1Lx,sub_eIgCwJ6SCVkAoZ,token_MomEA62U2Bc7MH,cust_ko7cGmSeMXZ6sa,25200,INR,card,mastercard,BAD_REQUEST_ERROR,issuer_bank,payment_authorization,card_expired,Your card has expired. Please use another card.,hard,pending,0,0,2026-08-06T06:28:11.997650+05:30,2026-08-06T06:28:11.997650+05:30,,closed,manual,0,+918899406745,pooja.joshi449@yahoo.co.in,,,,,,252.0,0.0
e7690494-d039-4b1a-afc3-f1862d4eea16,mandate,pay_gk91wsZssf1b61,order_rwKGPJObZcBA71,,token_9iZZ744tP4KGvk,cust_8aFuTGCJ9y0ciF,1631800,INR,upi,,GATEWAY_ERROR,gateway,payment_authorization,gateway_technical_error,Payment did not go through due to a temporary issue.,technical,,4,3,2026-08-06T06:52:13.997650+05:30,2026-08-27T12:52:13.997650+05:30,,escalated,voice,0,+918899240606,sanjay.nair627@rediffmail.com,,,,,,16318.0,0.0
5767d51f-ed6e-4f4f-bb17-908dc24ead01,subscription,pay_RKQlzLzKOsP7SU,order_dx766xihWCIEac,sub_j2xztrGivjCirl,token_CYOmALd33rOUCx,cust_erkWkWK2w7Xnfg,913200,INR,emandate,,GATEWAY_ERROR,gateway,payment_authentication,authentication_failed,Payment could not be completed due to incorrect OTP or verification details.,soft,active,1,3,2026-08-06T06:58:29.997650+05:30,2026-08-29T10:58:29.997650+05:30,,recovered,auto_retry,913200,+919876188505,priya.thakur380@yahoo.co.in,,,,,,9132.0,9132.0
96fcfa45-86fc-4e14-ad9b-80aa98ab383f,subscription,pay_ZswVxfJPHVXzRn,order_29sjGQ0AZHj0yv,sub_g2yERa9j61AY18,token_54eVrTKQMH23lJ,cust_93jvMRoJEnPTA1,284000,INR,upi,,BAD_REQUEST_ERROR,gateway,payment_authorization,payment_failed,Payment was declined by the bank.,technical,active,1,3,2026-08-06T07:49:59.997650+05:30,2026-09-01T10:49:59.997650+05:30,,recovered,auto_retry,284000,+918877343542,reyansh.verma914@outlook.com,,,,,,2840.0,2840.0
3fd0af90-fa5b-45f9-bce0-45a6ee903b84,payment,pay_0dBSPbb1VbLqZA,order_Oz06UhbHphvR43,,,cust_ry1T4stUUM1WdP,20000,INR,emandate,,BAD_REQUEST_ERROR,customer,payment_authentication,payment_timed_out,Your payment could not be completed due to a temporary issue. Try again later.,soft,,3,3,2026-08-06T09:18:37.997650+05:30,2026-08-18T13:18:37.997650+05:30,,escalated,voice,0,+919123995070,shreya.shah880@hotmail.com,,,,,,200.0,0.0
ed86f114-c308-4a54-b314-dedc5afd69f4,mandate,pay_mbRKYSDyemzgGr,order_ECKWXfFq3MPn8m,,token_XeEHdCZHogvMpb,cust_hpJycfhByTGImy,1985400,INR,upi,,BAD_REQUEST_ERROR,customer,payment_initiation,card_number_invalid,You have entered an incorrect card number. Try again.,hard,,0,0,2026-08-06T10:02:10.997650+05:30,2026-08-06T10:02:10.997650+05:30,,closed,manual,0,+919988561980,vikram.yadav517@gmail.com,,,,,,19854.0,0.0
81a79c25-55ea-45ad-a233-a230014bb7b0,subscription,pay_30lMFFswPvusXp,order_5NXKjBHBs4oMk4,sub_jHZ2KhjjyE39dS,token_RXeZCSQoCIh5cO,cust_qc4IOIL4kGYkVV,54600,INR,upi,,BAD_REQUEST_ERROR,issuer_bank,payment_authorization,card_expired,Your card has expired. Please use another card.,hard,pending,0,0,2026-08-06T10:03:18.997650+05:30,2026-08-06T10:03:18.997650+05:30,,closed,manual,0,+917788626854,vivaan.bose341@gmail.com,,,,,,546.0,0.0
b0509e51-11c2-4f19-a96f-bb3511290456,payment,pay_FBLlG5uLW0Wg8P,order_3MiudR1UxRszyQ,,,cust_slX8oeaaTLxTgi,128500,INR,card,visa,BAD_REQUEST_ERROR,gateway,payment_authorization,insufficient_funds,Your payment could not be completed due to insufficient account balance.,soft,,1,3,2026-08-06T10:13:30.997650+05:30,2026-09-03T10:13:30.997650+05:30,,recovered,auto_retry,128500,+919988892455,nisha.mahanty747@rediffmail.com,,,,,,1285.0,1285.0
85bea129-8689-40ff-a6e8-834e9052eefb,mandate,pay_FFWTRVC9hLg3v4,order_EKGniopFuOftNt,,token_DjyRJkltWg2kk1,cust_iHmKSBMLtkgW7h,1331900,INR,upi,,BAD_REQUEST_ERROR,issuer_bank,card_enrollment_check,card_not_enrolled,Your card is not enabled for online payments.,hard,,0,0,2026-08-06T10:26:29.997650+05:30,2026-08-06T10:26:29.997650+05:30,,closed,manual,0,+917788163762,aditya.mehta708@outlook.com,,,,,,13319.0,0.0
95ee33b1-0dc9-44f7-92c4-03682e342446,subscription,pay_6B54tqvm9mjosI,order_lQjJrXYhUbmixo,sub_Cmiz8eb0daViAw,token_9pGcxWlmLVUcwY,cust_jLtvnCTJXk619E,386200,INR,upi,,BAD_REQUEST_ERROR,customer,payment_authentication,payment_timed_out,Your payment could not be completed due to a temporary issue. Try again later.,soft,active,3,3,2026-08-06T10:28:04.997650+05:30,2026-09-09T13:28:04.997650+05:30,,recovered,sms,386200,+917788608171,ananya.shah794@yahoo.co.in,,,,,,3862.0,3862.0
4654aeeb-c75a-4c4e-803a-2eadee95e15f,subscription,pay_VGDDsXQKfrjKRP,order_mm0Rh05gOrmAUB,sub_CIxxVsij0M4VeQ,token_RlY6uBRRzMuZLV,cust_EZyHUtGgSqgHrw,56700,INR,upi,,BAD_REQUEST_ERROR,gateway,payment_authorization,insufficient_funds,Your payment could not be completed due to insufficient account balance.,soft,active,1,3,2026-08-06T10:41:00.997650+05:30,2026-08-30T10:41:00.997650+05:30,,recovered,auto_retry,56700,+919123211171,ayaan.sharma432@outlook.com,,,,,,567.0,567.0
29e1f347-7d25-4561-a207-7ae2862ad78c,mandate,pay_9KWHrdD4KAYBaI,order_jsO193mFGciPGl,,token_qM7eNZwldeobv0,cust_a716paA6eGNilu,282400,INR,emandate,,GATEWAY_ERROR,gateway,payment_authentication,authentication_failed,Payment could not be completed due to incorrect OTP or verification details.,soft,,3,3,2026-08-06T10:50:19.997650+05:30,2026-09-05T22:50:19.997650+05:30,,recovered,sms,282400,+919123811275,deepak.joshi733@yahoo.co.in,,,,,,2824.0,2824.0
28dc8d04-ae50-45a1-a621-1bd22c9944a1,subscription,pay_xzYBxHevbtSlYu,order_cbmafQgbAELsTz,sub_myUmRdUYE0vl1c,token_kSwknT6N0LF9FU,cust_FM7QuRkmR1grIU,26400,INR,card,diners,BAD_REQUEST_ERROR,gateway,payment_authorization,insufficient_funds,Your payment could not be completed due to insufficient account balance.,soft,active,1,3,2026-08-06T11:02:44.997650+05:30,2026-08-30T10:02:44.997650+05:30,,recovered,auto_retry,26400,+919988418479,vikram.mukherjee889@rediffmail.com,,,,,,264.0,264.0
4323e8d4-45fb-419b-95fb-be7141954b0a,b2b_receivable,,order_hWwjsEiUsSDNc1,,,cust_jNEIS88dQ5cXmQ,14800000,INR,netbanking,,INVOICE_PAYMENT_OVERDUE,corporate_buyer,accounts_payable_settlement,invoice_overdue_31_60_days,Corporate invoice overdue by 38 days (31_60_days).,soft,,0,3,2026-08-06T11:22:27.997650+05:30,2026-08-06T11:22:27.997650+05:30,,recovered,voice,14800000,+919988324071,ap@finmatrix.com,inv_D8QuMbXy4TP2cb,FinMatrix Consulting Pvt Ltd,07ABDED4894Y5ZW,31_60_days,,148000.0,148000.0
68b4bde2-92b1-477d-ad45-621992533e95,b2b_receivable,,order_8muISO2iBnQR8f,,,cust_Ui7xS5UW2wJqX0,37400000,INR,netbanking,,INVOICE_PAYMENT_OVERDUE,corporate_buyer,accounts_payable_settlement,invoice_overdue_1_15_days,Corporate invoice overdue by 12 days (1_15_days).,soft,,0,3,2026-08-06T11:22:37.997650+05:30,2026-08-06T11:22:37.997650+05:30,,recovered,email,37400000,+919900385998,ap@nexura.com,inv_LfJXeIs2EJWpl1,Nexura Digital Media LLP,24EBDAD5143M4ZQ,1_15_days,,374000.0,374000.0
38825a92-7dab-4ab1-a789-39e1761338a1,b2b_receivable,,order_ZkYbPCyO8rSG8L,,,cust_66F5GFgQISzo0f,9700000,INR,netbanking,,INVOICE_PAYMENT_OVERDUE,corporate_buyer,accounts_payable_settlement,invoice_overdue_1_15_days,Corporate invoice overdue by 15 days (1_15_days).,soft,,0,3,2026-08-06T12:14:10.997650+05:30,2026-08-06T12:14:10.997650+05:30,,recovered,email,9700000,+917766510631,ap@sigma.com,inv_orxTzzwj89THId,Sigma Heavy Equipment Ltd,06ACCCD0109D1ZC,1_15_days,,97000.0,97000.0
4be6e312-8ca3-4ae9-9ee9-4575c082c456,payment,pay_8aqpjMfIPnKM0A,order_hRVknZLFFse6iN,,,cust_A9GZrrb9PGgvsr,1026800,INR,card,diners,BAD_REQUEST_ERROR,gateway,payment_authorization,insufficient_funds,Your payment could not be completed due to insufficient account balance.,soft,,1,3,2026-08-06T13:03:09.997650+05:30,2026-08-22T10:03:09.997650+05:30,,recovered,auto_retry,1026800,+919988399951,aanya.singh412@rediffmail.com,,,,,,10268.0,10268.0
deff9557-c0d3-45a4-b31e-f295fbbfac19,checkout_drop_off,pay_31n80A5Tp7HKvp,order_T90gKg9cYaShW3,,,cust_CdKhXXBogPAC4I,252500,INR,upi,visa,CHECKOUT_DROP_OFF,customer,checkout_funnel,upi_intent_app_switch_failed,Abandoned at payment_method_selected: upi_intent_app_switch_failed,soft,,0,3,2026-08-06T13:09:22.997650+05:30,2026-08-06T13:09:22.997650+05:30,,recovered,payment_link,252500,+919123632972,diya.mehta363@hotmail.com,,,,,payment_method_selected,2525.0,2525.0
64bc1b49-21ab-43b5-adf5-8111e322d00f,checkout_drop_off,,order_PqEyZXiZzHmZgf,,,cust_lm1wUqgx3b6qhN,816500,INR,card,rupay,CHECKOUT_DROP_OFF,customer,checkout_funnel,accidental_tab_close,Abandoned at cart_abandoned: accidental_tab_close,soft,,0,3,2026-08-06T13:10:39.997650+05:30,2026-08-06T13:10:39.997650+05:30,,closed,payment_link,0,+917766776077,aanya.dey321@outlook.com,,,,,cart_abandoned,8165.0,0.0
4663b3fe-d7d1-4eaf-a699-e02577889cc1,payment,pay_IdH6JDYbDCOdbb,order_KeBjLvNGy2QO23,,,cust_m1WNrs7nRoGpdo,448300,INR,upi,,BAD_REQUEST_ERROR,customer,payment_authentication,payment_timed_out,Your payment could not be completed due to a temporary issue. Try again later.,soft,,3,3,2026-08-06T13:37:40.997650+05:30,2026-08-26T14:37:40.997650+05:30,,escalated,voice,0,+918877338925,isha.kumar430@gmail.com,,,,,,4483.0,0.0
68eda372-62d2-4eaa-9dba-89bcc1c08844,b2b_receivable,,order_J2EhEk2WcTao7n,,,cust_aj0kj510tFcqOg,10800000,INR,netbanking,,INVOICE_PAYMENT_OVERDUE,corporate_buyer,accounts_payable_settlement,invoice_overdue_16_30_days,Corporate invoice overdue by 17 days (16_30_days).,soft,,0,3,2026-08-06T14:06:22.997650+05:30,2026-08-06T14:06:22.997650+05:30,,recovered,email,10800000,+919988104846,ap@aura.com,inv_UROGj2JE9H0Woq,Aura Consumer Goods Pvt Ltd,06ACEDD2826D6Z3,16_30_days,,108000.0,108000.0
cf79cee9-0ffc-40bb-a09f-207e6fd8e2c1,payment,pay_tyFSCLh6mMouBs,order_HKHx1wrzjtq8lI,,,cust_KAApsaMNfcjoTF,999900,INR,card,mastercard,BAD_REQUEST_ERROR,issuer_bank,payment_authorization,transaction_limit_exceeded,Maximum transaction limit exceeded for the day.,soft,,3,3,2026-08-06T14:13:31.997650+05:30,2026-09-03T12:13:31.997650+05:30,,escalated,voice,0,+919123698716,kavita.roy360@hotmail.com,,,,,,9999.0,0.0
0fb3ac9d-ca5a-4661-9fa7-b370e1edd690,mandate,pay_dL0tCGid4IUFAn,order_4JehYxOI8ubWiz,,token_miebtrfU7PKmUL,cust_sEcSQsvlPcHrwg,862400,INR,emandate,,GATEWAY_ERROR,gateway,payment_authentication,authentication_failed,Payment could not be completed due to incorrect OTP or verification details.,soft,,2,3,2026-08-06T14:32:58.997650+05:30,2026-09-01T10:32:58.997650+05:30,,recovered,auto_retry,862400,+919876763396,pradeep.yadav776@hotmail.com,,,,,,8624.0,8624.0
2d6c5c8d-ecb1-403a-a05e-b6df53a84394,payment,pay_5fn0dS1nzuZ8W7,order_3WmnSSTNQ8it9R,,,cust_SzXWqfdQe3L87Z,1230000,INR,upi,,BAD_REQUEST_ERROR,gateway,payment_authorization,insufficient_funds,Your payment could not be completed due to insufficient account balance.,soft,,3,3,2026-08-06T14:44:06.997650+05:30,2026-09-05T11:44:06.997650+05:30,,escalated,voice,0,+919900784984,kiara.dey434@yahoo.co.in,,,,,,12300.0,0.0
6877b962-53f3-40f5-88be-4402f157607f,mandate,pay_87uediv65jX7vk,order_f7535Fwicuo0sf,,token_Uqt8XsXeH463fr,cust_3Sd1SBzFibQRuE,430400,INR,emandate,,GATEWAY_ERROR,gateway,payment_authentication,authentication_failed,Payment could not be completed due to incorrect OTP or verification details.,soft,,3,3,2026-08-06T14:50:33.997650+05:30,2026-09-04T15:50:33.997650+05:30,,escalated,voice,0,+919123829266,ayaan.bose774@yahoo.co.in,,,,,,4304.0,0.0
77e3d5dd-b659-4ac7-8cae-adb1ffb3559b,b2b_receivable,,order_UcOJ0BOG71hH3E,,,cust_p7G6aALVTCHhup,5800000,INR,netbanking,,INVOICE_PAYMENT_OVERDUE,corporate_buyer,accounts_payable_settlement,invoice_overdue_1_15_days,Corporate invoice overdue by 10 days (1_15_days).,soft,,0,3,2026-08-06T15:07:05.997650+05:30,2026-08-06T15:07:05.997650+05:30,,recovered,email,5800000,+919876328045,ap@sigma.com,inv_r6ls6BQ00jDgKd,Sigma Heavy Equipment Ltd,07BDEBE1580V2Z5,1_15_days,,58000.0,58000.0
a835ade6-7a4b-4a48-aa86-07d9845d2358,payment,pay_G9RY7QpBqRHxCO,order_aIwrAvBPtZQBeR,,,cust_iwTXkDrZUcSnu8,31500,INR,card,rupay,GATEWAY_ERROR,gateway,payment_authentication,authentication_failed,Payment could not be completed due to incorrect OTP or verification details.,soft,,3,3,2026-08-06T15:23:44.997650+05:30,2026-09-08T12:23:44.997650+05:30,,escalated,voice,0,+919988130322,nisha.gupta683@yahoo.co.in,,,,,,315.0,0.0
eb99f766-8a3b-4628-8943-37c74006825c,subscription,pay_sIYdZkgYf722qY,order_SkpNS95WR9HXS1,sub_c5OiHxS8fgNGYr,token_Qgx57j6N9ZUDRG,cust_eHIGkRTPN0HDrq,445300,INR,netbanking,,BAD_REQUEST_ERROR,customer,payment_authentication,payment_timed_out,Your payment could not be completed due to a temporary issue. Try again later.,soft,halted,3,3,2026-08-06T15:35:13.997650+05:30,2026-08-27T12:35:13.997650+05:30,,escalated,voice,0,+919123871710,shreya.dey530@rediffmail.com,,,,,,4453.0,0.0
23ca5308-6864-4f9a-8769-6775fecc4c7e,checkout_drop_off,,order_pdF6ofH7CH0tMC,,,cust_4docrtuJKtn4hV,627800,INR,upi,rupay,CHECKOUT_DROP_OFF,customer,checkout_funnel,accidental_tab_close,Abandoned at cart_abandoned: accidental_tab_close,soft,,0,3,2026-08-06T15:40:40.997650+05:30,2026-08-06T15:40:40.997650+05:30,,closed,payment_link,0,+918877605431,shreya.bose868@outlook.com,,,,,cart_abandoned,6278.0,0.0
67bfe94f-4483-466b-901b-f5cc499ce70f,checkout_drop_off,,order_KPtGRBKZX86x0G,,,cust_DASTrPu0MfEFAd,488500,INR,upi,rupay,CHECKOUT_DROP_OFF,customer,checkout_funnel,price_comparison_pause,Abandoned at cart_abandoned: price_comparison_pause,soft,,0,3,2026-08-06T16:13:26.997650+05:30,2026-08-06T16:13:26.997650+05:30,,closed,payment_link,0,+918877164576,vivaan.shah181@hotmail.com,,,,,cart_abandoned,4885.0,0.0
01ef597f-dbb5-4a95-9293-86f1f6cd2c16,payment,pay_qs0DDE2YndET2e,order_aqNUOE5Tl6EZzt,,,cust_62g1HRjhXrgMMV,403700,INR,netbanking,,GATEWAY_ERROR,gateway,payment_authentication,authentication_failed,Payment could not be completed due to incorrect OTP or verification details.,soft,,1,3,2026-08-06T20:04:19.997650+05:30,2026-09-02T10:04:19.997650+05:30,,recovered,auto_retry,403700,+918877456094,arjun.sharma943@yahoo.co.in,,,,,,4037.0,4037.0
966c52c6-0e2d-4974-aecf-976879de748a,payment,pay_8UkHdRjwGkKbQJ,order_CsMDAdJgCSqmst,,,cust_kzfFemb7GCv0Ho,98800,INR,card,amex,GATEWAY_ERROR,gateway,payment_authentication,authentication_failed,Payment could not be completed due to incorrect OTP or verification details.,soft,,3,3,2026-08-06T20:09:19.997650+05:30,2026-08-23T10:09:19.997650+05:30,,recovered,auto_retry,98800,+919876347112,krishna.nair141@gmail.com,,,,,,988.0,988.0
3af6f17f-08dc-409a-84a7-9865c9f2819a,checkout_drop_off,pay_zukfyyXIQYSsTt,order_ODQoqCpY5oDdKw,,,cust_sbZfP2wQI4wKyy,153200,INR,card,visa,CHECKOUT_DROP_OFF,customer,checkout_funnel,bank_page_latency_timeout,Abandoned at otp_abandoned: bank_page_latency_timeout,soft,,0,3,2026-08-06T20:31:53.997650+05:30,2026-08-06T20:31:53.997650+05:30,,closed,payment_link,0,+919988274026,saanvi.agarwal4@hotmail.com,,,,,otp_abandoned,1532.0,0.0
f7e3aa6c-a69b-41e4-ba12-9e58b7a153bf,mandate,pay_fLKrxG7DtaMFXi,order_LRBI53XbH7V7Qw,,token_GFaYh9Nd8c7fZm,cust_rcvenwaXQKdZ1Y,833800,INR,upi,,BAD_REQUEST_ERROR,customer,payment_authentication,payment_cancelled,Your payment has been cancelled.,soft,,3,3,2026-08-06T20:48:20.997650+05:30,2026-09-03T15:48:20.997650+05:30,,escalated,voice,0,+919876613809,sanjay.roy707@rediffmail.com,,,,,,8338.0,0.0
975219a0-69f0-4073-9a62-9653ead89510,checkout_drop_off,,order_5TY4X0GxEOUr8E,,,cust_fgC9d0rDmPMXmt,232100,INR,card,rupay,CHECKOUT_DROP_OFF,customer,checkout_funnel,window_shopping_exit,Abandoned at cart_abandoned: window_shopping_exit,soft,,0,3,2026-08-06T20:52:09.997650+05:30,2026-08-06T20:52:09.997650+05:30,,closed,payment_link,0,+919876618823,deepak.kumar437@rediffmail.com,,,,,cart_abandoned,2321.0,0.0
479b60a5-2c90-4ec0-b0d9-cfc523c91c4d,payment,pay_XxrAlu9MMFWKFZ,order_NiSS0jfOYjvg7J,,,cust_akeZ4GcuGDkSp6,138400,INR,card,mastercard,BAD_REQUEST_ERROR,customer,payment_initiation,incorrect_cvv,Incorrect CVV entered.,soft,,3,3,2026-08-06T21:14:26.997650+05:30,2026-08-27T13:14:26.997650+05:30,,recovered,sms,138400,+918877578703,neha.kumar530@rediffmail.com,,,,,,1384.0,1384.0
56409c04-b876-4a45-b6a7-18a20e7dbee6,payment,pay_LfmsHheW5zA721,order_jFTBXbgp2RM7UT,,,cust_Z9yEmgGFAAKPZE,739100,INR,upi,,BAD_REQUEST_ERROR,gateway,payment_authorization,insufficient_funds,Your payment could not be completed due to insufficient account balance.,soft,,3,3,2026-08-06T21:32:04.997650+05:30,2026-08-25T13:32:04.997650+05:30,,escalated,voice,0,+919876487937,ayaan.patel938@gmail.com,,,,,,7391.0,0.0
3cb4276e-44b9-49fd-9749-38a3df64b1f0,payment,pay_PPOw36wAT6mrHu,order_cihTov5LusLoXa,,,cust_BPpBX4jedQp8BC,325400,INR,upi,,BAD_REQUEST_ERROR,issuer_bank,card_enrollment_check,card_not_enrolled,Your card is not enabled for online payments.,hard,,0,0,2026-08-06T21:39:37.997650+05:30,2026-08-06T21:39:37.997650+05:30,,closed,manual,0,+918899513587,kiara.yadav867@yahoo.co.in,,,,,,3254.0,0.0
48ed4261-c13c-41d8-9a18-c25e4bec21fe,checkout_drop_off,pay_Zbj413xg0EJZt5,order_tuRcRknFwiGooY,,,cust_mvnfqIe8cyw4kT,222200,INR,card,rupay,CHECKOUT_DROP_OFF,customer,checkout_funnel,saved_card_unavailable,Abandoned at payment_method_selected: saved_card_unavailable,soft,,0,3,2026-08-06T21:50:50.997650+05:30,2026-08-06T21:50:50.997650+05:30,,closed,payment_link,0,+917766678371,diya.roy614@rediffmail.com,,,,,payment_method_selected,2222.0,0.0
0bc8333c-a5d7-4461-9052-e75540dccae0,payment,pay_eclNsRIAPXLdLv,order_EuJLmC05bC8BRH,,,cust_D8D9U14eds0Lik,1194300,INR,wallet,,BAD_REQUEST_ERROR,issuer_bank,card_enrollment_check,card_not_enrolled,Your card is not enabled for online payments.,hard,,0,0,2026-08-06T21:59:46.997650+05:30,2026-08-06T21:59:46.997650+05:30,,closed,manual,0,+919876546905,sai.reddy519@gmail.com,,,,,,11943.0,0.0
78b52ae8-50bc-4ef9-ac93-64072340d804,checkout_drop_off,,order_kg5IhTaQIY5QKY,,,cust_vEeumfxOgJYwRX,154100,INR,upi,rupay,CHECKOUT_DROP_OFF,customer,checkout_funnel,price_comparison_pause,Abandoned at cart_abandoned: price_comparison_pause,soft,,0,3,2026-08-06T22:01:38.997650+05:30,2026-08-06T22:01:38.997650+05:30,,closed,payment_link,0,+917766707367,meera.banerjee669@gmail.com,,,,,cart_abandoned,1541.0,0.0
b3bf14ec-db79-49f4-bbe0-5a3c074aa577,checkout_drop_off,,order_DoNF6rnJTCZ9XV,,,cust_cQHZwPzVGGjwDx,404900,INR,upi,rupay,CHECKOUT_DROP_OFF,customer,checkout_funnel,accidental_tab_close,Abandoned at cart_abandoned: accidental_tab_close,soft,,0,3,2026-08-06T22:02:41.997650+05:30,2026-08-06T22:02:41.997650+05:30,,closed,payment_link,0,+918877940121,ayaan.chauhan783@gmail.com,,,,,cart_abandoned,4049.0,0.0
a3eceef1-baf7-48e4-bd87-b21088dbc64e,checkout_drop_off,,order_3Xgq0mEa5rery0,,,cust_SyC8qfwIWXKAMU,105300,INR,card,rupay,CHECKOUT_DROP_OFF,customer,checkout_funnel,delivery_time_too_long,Abandoned at address_submitted: delivery_time_too_long,soft,,0,3,2026-08-06T22:27:26.997650+05:30,2026-08-06T22:27:26.997650+05:30,,closed,payment_link,0,+917766769612,rohan.iyer818@yahoo.co.in,,,,,address_submitted,1053.0,0.0
e36f12c2-fc83-432b-bf69-2e8273fae4f1,checkout_drop_off,,order_HA96zCmimLFahZ,,,cust_9gx6TkF6KeT2cS,121900,INR,upi,visa,CHECKOUT_DROP_OFF,customer,checkout_funnel,accidental_tab_close,Abandoned at cart_abandoned: accidental_tab_close,soft,,0,3,2026-08-06T22:40:46.997650+05:30,2026-08-06T22:40:46.997650+05:30,,closed,payment_link,0,+918899436130,deepak.mukherjee226@gmail.com,,,,,cart_abandoned,1219.0,0.0
917fe53e-0896-4ecf-a4fb-d2cccdde55bb,payment,pay_ru7r4EqxiMBGSw,order_ELVACF4E9oTfIx,,,cust_IP8sUCj5jmFWOm,20900,INR,card,mastercard,BAD_REQUEST_ERROR,issuer_bank,card_enrollment_check,card_not_enrolled,Your card is not enabled for online payments.,hard,,0,0,2026-08-06T23:14:54.997650+05:30,2026-08-06T23:14:54.997650+05:30,,closed,manual,0,+918877323511,sai.nair673@yahoo.co.in,,,,,,209.0,0.0
37ea9ff8-2c38-41f9-af73-9c052a438d93,payment,pay_vtgnCFBxZjZH6I,order_LZdWWfvqXws0lW,,,cust_IwN0vB4M2EPMpS,70900,INR,upi,,BAD_REQUEST_ERROR,gateway,payment_authorization,insufficient_funds,Your payment could not be completed due to insufficient account balance.,soft,,3,3,2026-08-06T23:29:33.997650+05:30,2026-08-26T11:29:33.997650+05:30,,escalated,voice,0,+917788745925,krishna.nair901@outlook.com,,,,,,709.0,0.0
7f9c161e-15f9-44f0-8528-83bcc861d767,checkout_drop_off,,order_WAzWUdFoCj4aVX,,,cust_fWFGncQ9Tw2dGv,204000,INR,card,rupay,CHECKOUT_DROP_OFF,customer,checkout_funnel,window_shopping_exit,Abandoned at cart_abandoned: window_shopping_exit,soft,,0,3,2026-08-06T23:38:28.997650+05:30,2026-08-06T23:38:28.997650+05:30,,closed,payment_link,0,+919123325971,rohan.sharma281@rediffmail.com,,,,,cart_abandoned,2040.0,0.0
5c9204ed-b3d0-4e16-a8e7-aca4f97e60b5,mandate,pay_SrRCJTRUxgQYzz,order_omG4lXixzAFhvq,,token_4ICOqGhYP1JOss,cust_im6cnxXK7qWxuO,58300,INR,netbanking,,GATEWAY_ERROR,gateway,payment_authentication,authentication_failed,Payment could not be completed due to incorrect OTP or verification details.,soft,,3,3,2026-08-07T05:07:58.997650+05:30,2026-09-05T20:07:58.997650+05:30,,recovered,sms,58300,+917766585106,vihaan.bose635@hotmail.com,,,,,,583.0,583.0
c64cda0c-7ccf-4caa-8919-2cfed9619b78,mandate,pay_s1oXjkRoR41qVV,order_Ht4dq6s4dDVby9,,token_XQDo9rZ3ko3akc,cust_FtjLWDCOjxFXvz,1207300,INR,netbanking,,BAD_REQUEST_ERROR,gateway,payment_authorization,insufficient_funds,Your payment could not be completed due to insufficient account balance.,soft,,3,3,2026-08-07T05:09:29.997650+05:30,2026-08-13T14:09:29.997650+05:30,,escalated,voice,0,+919876075325,aditi.sharma4@rediffmail.com,,,,,,12073.0,0.0
8243fc06-77fc-44ec-879a-c2fd0ea22528,subscription,pay_HRV6G09UmQ8A2G,order_v3TqWXLEHGaXpI,sub_mlxFs9Jo5yZo81,token_Ti1uOrBgTt8Gf9,cust_mJrWFYZw9vi7qP,74900,INR,netbanking,,GATEWAY_ERROR,issuer_bank,payment_authorization,bank_technical_error,Bank downtime. Please try again later.,technical,active,1,3,2026-08-07T05:12:15.997650+05:30,2026-09-01T10:12:15.997650+05:30,,recovered,auto_retry,74900,+919900504493,nisha.bose301@yahoo.co.in,,,,,,749.0,749.0
f67cae16-70e3-45f3-8843-9fbd11c2d766,subscription,pay_gdUFwO1OK9P7eX,order_0FfNxFgbO8Z7k0,sub_dmL4dC0EROZzZK,token_Lam20Ht5733WZV,cust_bvlo0l9jWij184,3960500,INR,upi,,BAD_REQUEST_ERROR,gateway,payment_authorization,payment_failed,Payment was declined by the bank.,technical,active,1,3,2026-08-07T05:32:03.997650+05:30,2026-09-02T10:32:03.997650+05:30,,recovered,auto_retry,3960500,+917788294963,sai.roy553@hotmail.com,,,,,,39605.0,39605.0
fab7afed-8414-4096-b2c4-3204fd70620c,subscription,pay_Z7Bzm4cJxUbvvm,order_PEXi9l9Ky0czSQ,sub_OAH8oGxEEqWuhO,token_dmvo4sVkl0PjmX,cust_4zCzGLHLNmBbSz,93600,INR,upi,,BAD_REQUEST_ERROR,gateway,payment_authorization,insufficient_funds,Your payment could not be completed due to insufficient account balance.,soft,halted,3,3,2026-08-07T06:42:54.997650+05:30,2026-08-22T16:42:54.997650+05:30,,escalated,voice,0,+919988794317,isha.dey349@gmail.com,,,,,,936.0,0.0
0b121e99-c334-4b82-b791-df49a99204ed,mandate,pay_y4RcEWBY6310uS,order_Th2yU8nbWxZrbC,,token_h8VDfHX9lyvu6B,cust_SGfZvsGxoussRV,2399100,INR,wallet,,BAD_REQUEST_ERROR,gateway,payment_authorization,insufficient_funds,Your payment could not be completed due to insufficient account balance.,soft,,1,3,2026-08-07T06:42:55.997650+05:30,2026-08-09T10:42:55.997650+05:30,,recovered,auto_retry,2399100,+919123008071,reyansh.kumar993@rediffmail.com,,,,,,23991.0,23991.0
705d9035-781a-48af-bf56-8c63986d440c,mandate,pay_jWkw8BQ6NuCABY,order_m3AV5XRUlFd6xp,,token_pFrN8cfax9JxaX,cust_elHhgM81dTXpuw,928100,INR,card,mastercard,BAD_REQUEST_ERROR,issuer_bank,payment_authorization,transaction_limit_exceeded,Maximum transaction limit exceeded for the day.,soft,,3,3,2026-08-07T06:53:31.997650+05:30,2026-09-06T05:53:31.997650+05:30,,recovered,sms,928100,+919900827835,neha.singh340@outlook.com,,,,,,9281.0,9281.0
9f2c039e-867e-4c4a-ad8e-255c4101c84d,mandate,pay_lg7RXB1Q2FkWU7,order_7278STOHLQvsVf,,token_DeP9K399aLo0Sa,cust_CmUDtEbzaE1V3r,1495900,INR,upi,,BAD_REQUEST_ERROR,issuer_bank,payment_authorization,transaction_limit_exceeded,Maximum transaction limit exceeded for the day.,soft,,3,3,2026-08-07T07:30:09.997650+05:30,2026-08-18T15:30:09.997650+05:30,,escalated,voice,0,+919876297695,rajesh.kumar644@outlook.com,,,,,,14959.0,0.0
645b0525-2a88-4be6-84f5-5b7981e3e371,subscription,pay_NQFHl93pX3ksCC,order_ehQJ7ZIYb4IQZi,sub_4GCzIrUgF3nSfv,token_qs2Ig5k70p5VbT,cust_wWLyk5hlQvIAUk,1002900,INR,upi,,BAD_REQUEST_ERROR,customer,payment_authentication,payment_timed_out,Your payment could not be completed due to a temporary issue. Try again later.,soft,active,1,3,2026-08-07T07:48:07.997650+05:30,2026-08-30T10:48:07.997650+05:30,,recovered,auto_retry,1002900,+919900249872,reyansh.banerjee604@outlook.com,,,,,,10029.0,10029.0
eb684b75-2181-4fbc-923a-2e131266eac4,subscription,pay_WuGeBQ4aANlZ0T,order_dZicyz9I5vO0vn,sub_BYh6KnJZQ6lben,token_W1s1RWwDNLHt2h,cust_Q2m4pcGVMQdpek,1390200,INR,netbanking,,BAD_REQUEST_ERROR,issuer_bank,card_enrollment_check,card_not_enrolled,Your card is not enabled for online payments.,hard,pending,0,0,2026-08-07T07:49:19.997650+05:30,2026-08-07T07:49:19.997650+05:30,,closed,manual,0,+917766462495,vihaan.singh662@rediffmail.com,,,,,,13902.0,0.0
19af0257-06e4-451f-ac18-7ea14f9558fe,subscription,pay_F23UOJD2jg8nns,order_S9MkZF7nzXARaR,sub_SkppDsDvm26966,token_cDV5nUByZPsd6m,cust_uW5bmODVv8EFNr,522300,INR,upi,,BAD_REQUEST_ERROR,gateway,payment_authorization,insufficient_funds,Your payment could not be completed due to insufficient account balance.,soft,active,1,3,2026-08-07T08:29:23.997650+05:30,2026-08-30T10:29:23.997650+05:30,,recovered,auto_retry,522300,+918877586289,ishaan.singh736@gmail.com,,,,,,5223.0,5223.0
31eb6397-967c-43b3-ad4b-1cdaa6d939d3,mandate,pay_7YVt1ddHGjWAWq,order_bp4xB1lhLlMGgQ,,token_NpX1JKN655MSpS,cust_qRwGsxYvdURMXK,123600,INR,upi,,BAD_REQUEST_ERROR,gateway,payment_authorization,insufficient_funds,Your payment could not be completed due to insufficient account balance.,soft,,3,3,2026-08-07T08:55:21.997650+05:30,2026-09-03T16:55:21.997650+05:30,,escalated,voice,0,+917788354024,priya.verma940@outlook.com,,,,,,1236.0,0.0
39d8e603-af27-43de-8837-c2351ccc262b,subscription,pay_wK97EJ73VPbd42,order_OfHWyV0wZFXoC4,sub_XiObDyoX2b2RfS,token_gMCfibfKKd2kLo,cust_CcriB7eYMcLoSj,278500,INR,card,mastercard,BAD_REQUEST_ERROR,gateway,payment_authorization,insufficient_funds,Your payment could not be completed due to insufficient account balance.,soft,active,1,3,2026-08-07T10:02:03.997650+05:30,2026-09-02T10:02:03.997650+05:30,,recovered,auto_retry,278500,+918899878467,sanjay.sharma415@hotmail.com,,,,,,2785.0,2785.0
1b29b73f-bd77-4aac-ac9c-906a4a055de9,subscription,pay_dzmfWEj2Z95zvT,order_FfurdXl0L8fs4v,sub_LU4kBEBexxwphR,token_TOPqTpfrUUGobO,cust_OEOSza5simddP6,875000,INR,card,visa,BAD_REQUEST_ERROR,issuer_bank,payment_authorization,card_disabled_for_online_payments,Your card is disabled for online payments.,hard,pending,0,0,2026-08-07T10:18:34.997650+05:30,2026-08-07T10:18:34.997650+05:30,,closed,manual,0,+917788750164,reyansh.yadav253@hotmail.com,,,,,,8750.0,0.0
a00529cb-05ee-4f75-b53c-b7f48b00e7f7,subscription,pay_NoKgTpCiyvS65b,order_kpPsfFyo8tvjcm,sub_6K5onUrRCn388Q,token_qvApOEFBAO4sA4,cust_RtrlDeAUHEq95T,2105100,INR,upi,,BAD_REQUEST_ERROR,customer,payment_authentication,payment_timed_out,Your payment could not be completed due to a temporary issue. Try again later.,soft,halted,3,3,2026-08-07T10:24:43.997650+05:30,2026-08-14T11:24:43.997650+05:30,,escalated,voice,0,+919900555106,krishna.verma75@gmail.com,,,,,,21051.0,0.0
be371d95-6eaa-4ac4-870c-b16ccd23d1f6,subscription,pay_eIZggsnp6DldJ5,order_vbeoTJONK5hqlJ,sub_a7aFO6JPqK80RH,token_5qUXXBoTFsQSYl,cust_exA9H1HeCTazHc,19800,INR,upi,,BAD_REQUEST_ERROR,customer,payment_initiation,incorrect_cvv,Incorrect CVV entered.,soft,halted,3,3,2026-08-07T10:39:27.997650+05:30,2026-08-22T12:39:27.997650+05:30,,escalated,voice,0,+917766627207,suresh.patel85@yahoo.co.in,,,,,,198.0,0.0
2ec046c4-6440-4c0c-abf0-ad7f33c2961f,b2b_receivable,,order_V3q7D5EwzBDDtu,,,cust_ZHcXUI0KDAMySV,9800000,INR,netbanking,,INVOICE_PAYMENT_OVERDUE,corporate_buyer,accounts_payable_settlement,invoice_overdue_current,Corporate invoice overdue by 0 days (current).,soft,,0,3,2026-08-07T10:40:57.997650+05:30,2026-08-07T10:40:57.997650+05:30,,recovered,email,9800000,+918899127565,ap@starlight.com,inv_np4pSQnlHVP9xL,Starlight Manufacturing Corp,06AACBA0546N5ZJ,current,,98000.0,98000.0
8afb99d6-6d5f-4583-8b37-de802f8c7a93,mandate,pay_sgcA7ylWruXoIJ,order_3HZPxDUZG7M2fh,,token_Ca9klj5dve3pxe,cust_RHmBCqNJajxyWz,595100,INR,card,mastercard,BAD_REQUEST_ERROR,issuer_bank,payment_authorization,debit_instrument_inactive,Your card is currently inactive.,technical,,1,3,2026-08-07T10:42:40.997650+05:30,2026-09-03T10:42:40.997650+05:30,,recovered,auto_retry,595100,+917766499667,ayaan.kumar209@outlook.com,,,,,,5951.0,5951.0
1c9ec665-96f1-42e7-8c6d-2ed9ae8ce19a,mandate,pay_v04PMAhW46kZ77,order_jY6pkNnCyTD4th,,token_v4o2YYpyKFO4j4,cust_1CVU2STrPtXlhU,361000,INR,card,mastercard,BAD_REQUEST_ERROR,customer,payment_authentication,payment_timed_out,Your payment could not be completed due to a temporary issue. Try again later.,soft,,3,3,2026-08-07T10:54:38.997650+05:30,2026-08-26T13:54:38.997650+05:30,,escalated,voice,0,+918899399925,vivaan.mukherjee109@gmail.com,,,,,,3610.0,0.0
89b3b183-7e5a-4345-adb1-b69a4a942786,mandate,pay_RqM08Q0Ln3dasY,order_FdBVi5t9QiCtsn,,token_xbH0mlI7mbe4Ps,cust_Vu7rN9vK37g7Ke,2690600,INR,card,rupay,BAD_REQUEST_ERROR,customer,payment_initiation,card_number_invalid,You have entered an incorrect card number. Try again.,hard,,0,0,2026-08-07T11:02:27.997650+05:30,2026-08-07T11:02:27.997650+05:30,,closed,manual,0,+919988198260,kiara.yadav410@outlook.com,,,,,,26906.0,0.0
6e650dd2-907e-415e-a2db-00c273513aec,mandate,pay_vlReoRXUQjVGZX,order_AdC9pGYw3wqQ0b,,token_rnexE7im0yHLPd,cust_5xpruKs9kM4NT2,336200,INR,card,mastercard,GATEWAY_ERROR,issuer_bank,payment_authorization,bank_technical_error,Bank downtime. Please try again later.,technical,,4,3,2026-08-07T11:33:19.997650+05:30,2026-08-27T14:33:19.997650+05:30,,escalated,voice,0,+919988963283,meera.sharma867@yahoo.co.in,,,,,,3362.0,0.0
403b126a-e0bc-4cc6-8345-9cf906bb2975,b2b_receivable,,order_UQ6KWHPRez1hM4,,,cust_adr4Me8CJeHJBJ,7300000,INR,netbanking,,INVOICE_PAYMENT_OVERDUE,corporate_buyer,accounts_payable_settlement,invoice_overdue_1_15_days,Corporate invoice overdue by 3 days (1_15_days).,soft,,0,3,2026-08-07T12:16:02.997650+05:30,2026-08-07T12:16:02.997650+05:30,,recovered,email,7300000,+919988376230,ap@vanguard.com,inv_Dfztz8jO10GkKI,Vanguard Chemical Industries Ltd,07ECEAB0953A9ZF,1_15_days,,73000.0,73000.0
5f5712bd-c054-4aa2-a4e7-951afe189da4,b2b_receivable,,order_pJrBLNFIIhsx4P,,,cust_W3Sl2WWJgcm0vy,6100000,INR,netbanking,,INVOICE_PAYMENT_OVERDUE,corporate_buyer,accounts_payable_settlement,invoice_overdue_1_15_days,Corporate invoice overdue by 4 days (1_15_days).,soft,,0,3,2026-08-07T12:56:16.997650+05:30,2026-08-07T12:56:16.997650+05:30,,recovered,email,6100000,+919123012160,ap@quantalytics.com,inv_LqFUiBNq4hvOtr,Quantalytics Data Systems LLP,06DEDDD6472L6ZD,1_15_days,,61000.0,61000.0
1ce23934-9b4d-4d9d-b37a-885d5edc7149,checkout_drop_off,,order_pRr04iAChIVwfW,,,cust_jcPb7EmDVSU06O,138600,INR,card,visa,CHECKOUT_DROP_OFF,customer,checkout_funnel,address_form_friction,Abandoned at address_submitted: address_form_friction,soft,,0,3,2026-08-07T13:23:26.997650+05:30,2026-08-07T13:23:26.997650+05:30,,closed,payment_link,0,+919900767913,rahul.banerjee578@gmail.com,,,,,address_submitted,1386.0,0.0
ed78b842-2da8-4d39-a480-0a3c30843ff9,checkout_drop_off,,order_kQIGx6waOl9o3f,,,cust_fZtT3GyNRneZfs,594100,INR,upi,visa,CHECKOUT_DROP_OFF,customer,checkout_funnel,window_shopping_exit,Abandoned at cart_abandoned: window_shopping_exit,soft,,0,3,2026-08-07T13:27:15.997650+05:30,2026-08-07T13:27:15.997650+05:30,,closed,payment_link,0,+919876957982,vivaan.yadav374@rediffmail.com,,,,,cart_abandoned,5941.0,0.0
f3572bc2-1ec6-488e-990e-405000f94cbf,payment,pay_izsjwlpbdQsyFz,order_rI4uXePP8Pstq1,,,cust_JqMcDUFHlE4Jfq,62000,INR,upi,,BAD_REQUEST_ERROR,issuer_bank,payment_authorization,card_expired,Your card has expired. Please use another card.,hard,,0,0,2026-08-07T13:44:26.997650+05:30,2026-08-07T13:44:26.997650+05:30,,closed,manual,0,+919123892396,neha.gupta289@gmail.com,,,,,,620.0,0.0
63ba2ab8-6aad-452e-bd8b-760c29ed582d,b2b_receivable,,order_o2Yn8RaEaXkhag,,,cust_kwmqEBwuoMUgUA,8700000,INR,netbanking,,INVOICE_PAYMENT_OVERDUE,corporate_buyer,accounts_payable_settlement,invoice_overdue_1_15_days,Corporate invoice overdue by 4 days (1_15_days).,soft,,0,3,2026-08-07T14:05:11.997650+05:30,2026-08-07T14:05:11.997650+05:30,,recovered,email,8700000,+919988489927,ap@nexura.com,inv_y9KRWQ3vjMuksx,Nexura Digital Media LLP,33EAABB5491C5ZK,1_15_days,,87000.0,87000.0
90871eb6-5aa1-445d-831f-763803af8bdf,payment,pay_c3xHt5XhMcB1cD,order_0CVZ91W3lSOLGp,,,cust_bpO2u0EbFXiviw,374400,INR,netbanking,,BAD_REQUEST_ERROR,issuer_bank,card_enrollment_check,card_not_enrolled,Your card is not enabled for online payments.,hard,,0,0,2026-08-07T14:14:10.997650+05:30,2026-08-07T14:14:10.997650+05:30,,closed,manual,0,+918877411475,kiara.yadav675@outlook.com,,,,,,3744.0,0.0
4aa612ec-16e8-46d8-b759-eff24d60357f,payment,pay_xBT30o1pv0SxJv,order_p8h1w8zdYRdEX3,,,cust_1HAbudexk9zVCR,67300,INR,card,visa,BAD_REQUEST_ERROR,gateway,payment_authorization,insufficient_funds,Your payment could not be completed due to insufficient account balance.,soft,,2,3,2026-08-07T14:34:10.997650+05:30,2026-09-01T10:34:10.997650+05:30,,recovered,auto_retry,67300,+917766410556,vivaan.mishra783@rediffmail.com,,,,,,673.0,673.0
1b17a23d-54d1-46db-8816-a1d5a342ba50,checkout_drop_off,,order_JiIblFanmcwewl,,,cust_zNbmA12vfBxjeC,129000,INR,card,rupay,CHECKOUT_DROP_OFF,customer,checkout_funnel,accidental_tab_close,Abandoned at cart_abandoned: accidental_tab_close,soft,,0,3,2026-08-07T14:52:30.997650+05:30,2026-08-07T14:52:30.997650+05:30,,recovered,payment_link,129000,+919123021625,aanya.chauhan570@outlook.com,,,,,cart_abandoned,1290.0,1290.0
fb619147-377a-49ef-944a-3a1916509c72,checkout_drop_off,,order_x0pM7SXVd9dhOp,,,cust_CeoU0oJgOJlhvY,82400,INR,upi,rupay,CHECKOUT_DROP_OFF,customer,checkout_funnel,window_shopping_exit,Abandoned at cart_abandoned: window_shopping_exit,soft,,0,3,2026-08-07T14:57:04.997650+05:30,2026-08-07T14:57:04.997650+05:30,,closed,payment_link,0,+919900244549,saanvi.singh669@rediffmail.com,,,,,cart_abandoned,824.0,0.0
dd943d50-5494-4f14-a4c3-5d1587422c14,payment,pay_8sPh82XEFsUQXM,order_wVibEt7MtXG4cs,,,cust_SlUpPjzqQsLM7g,3909100,INR,netbanking,,BAD_REQUEST_ERROR,customer,payment_authentication,payment_timed_out,Your payment could not be completed due to a temporary issue. Try again later.,soft,,3,3,2026-08-07T15:29:20.997650+05:30,2026-09-09T16:29:20.997650+05:30,,escalated,voice,0,+919876290276,priya.joshi725@hotmail.com,,,,,,39091.0,0.0
1437463b-d4b0-41fe-8199-854f716d589a,payment,pay_i9QHMUvHyqnZr5,order_CgU8lXmFtsMyTH,,,cust_aU2lwWTE9ClyER,207900,INR,netbanking,,BAD_REQUEST_ERROR,issuer_bank,payment_authorization,card_expired,Your card has expired. Please use another card.,hard,,0,0,2026-08-07T15:52:26.997650+05:30,2026-08-07T15:52:26.997650+05:30,,closed,manual,0,+918877234103,pradeep.mukherjee446@outlook.com,,,,,,2079.0,0.0
f12b0f3b-c11c-4102-88c6-9795bbbe874e,checkout_drop_off,pay_hI0mqLpX4j5II3,order_YOwn3v3JKi7wAj,,,cust_r8k6EzSo6soleI,238700,INR,upi,visa,CHECKOUT_DROP_OFF,customer,checkout_funnel,bank_page_latency_timeout,Abandoned at otp_abandoned: bank_page_latency_timeout,soft,,0,3,2026-08-07T16:29:52.997650+05:30,2026-08-07T16:29:52.997650+05:30,,closed,payment_link,0,+919123706399,rahul.dey961@hotmail.com,,,,,otp_abandoned,2387.0,0.0
4158934a-c25d-4b9f-867b-1a434a9507a6,b2b_receivable,,order_NRcKH4fcBdvaMv,,,cust_OfIAkXywup6xDI,15600000,INR,netbanking,,INVOICE_PAYMENT_OVERDUE,corporate_buyer,accounts_payable_settlement,invoice_overdue_1_15_days,Corporate invoice overdue by 1 days (1_15_days).,soft,,0,3,2026-08-07T16:34:39.997650+05:30,2026-08-07T16:34:39.997650+05:30,,recovered,email,15600000,+918899907405,ap@bharat.com,inv_cT2UodsW3Zga6P,Bharat Infra Projects Ltd,29EAACB6052E2ZV,1_15_days,,156000.0,156000.0
87afbd5a-8e5e-40fe-b3e3-ab565ada0904,b2b_receivable,,order_bUJWv2Tag44fs1,,,cust_0G26biDTwQPHsl,6300000,INR,netbanking,,INVOICE_PAYMENT_OVERDUE,corporate_buyer,accounts_payable_settlement,invoice_overdue_16_30_days,Corporate invoice overdue by 30 days (16_30_days).,soft,,0,3,2026-08-07T16:41:37.997650+05:30,2026-08-07T16:41:37.997650+05:30,,closed,email,0,+917766838610,ap@cloudscale.com,inv_maFGqty4kI4g6v,CloudScale Technologies Pvt Ltd,06DBABB2243I4ZA,16_30_days,,63000.0,0.0
3d238070-119b-49c0-abac-7dae97a89d40,subscription,pay_hPws4nOQloSTfZ,order_ZxGHIZG15PkK4K,sub_vUxyL2vaBafacN,token_QtAAiSRw166VQb,cust_qSpveQLG7qxa76,1134200,INR,upi,,GATEWAY_ERROR,gateway,payment_authentication,authentication_failed,Payment could not be completed due to incorrect OTP or verification details.,soft,halted,3,3,2026-08-07T16:43:52.997650+05:30,2026-09-08T14:43:52.997650+05:30,,escalated,voice,0,+917766374130,shreya.mahanty269@rediffmail.com,,,,,,11342.0,0.0
52e76bc3-7338-4b3d-8c5f-5e0b858dbfa0,checkout_drop_off,pay_DdlodvIqhcfjpP,order_tX472lNqyGK3qr,,,cust_8JAbBJ89VcmL2x,215100,INR,upi,visa,CHECKOUT_DROP_OFF,customer,checkout_funnel,preferred_bank_missing,Abandoned at payment_method_selected: preferred_bank_missing,soft,,0,3,2026-08-07T17:23:23.997650+05:30,2026-08-07T17:23:23.997650+05:30,,closed,payment_link,0,+918899163920,kavita.mahanty607@rediffmail.com,,,,,payment_method_selected,2151.0,0.0
0a3c4992-2317-4f6a-ad98-9be14c2632c8,b2b_receivable,,order_pabAphTnAeOA83,,,cust_6NBhU3XHCxqfLt,5400000,INR,netbanking,,INVOICE_PAYMENT_OVERDUE,corporate_buyer,accounts_payable_settlement,invoice_overdue_current,Corporate invoice overdue by 0 days (current).,soft,,0,3,2026-08-07T17:27:56.997650+05:30,2026-08-07T17:27:56.997650+05:30,,recovered,email,5400000,+917766817988,ap@nexura.com,inv_E03j0PS1eBR2NB,Nexura Digital Media LLP,06CBEAD8879Z2Z5,current,,54000.0,54000.0
9976dc41-a7ee-45ab-bf5a-d62a6ed04674,subscription,pay_1uACYNHE2uNO2R,order_AuU0reOP8c9qqs,sub_QcXDTRmJmcLF4y,token_OArKQ749X1jHzB,cust_jCS0S3vJexGUh8,40100,INR,upi,,BAD_REQUEST_ERROR,gateway,payment_authorization,insufficient_funds,Your payment could not be completed due to insufficient account balance.,soft,active,1,3,2026-08-07T17:28:36.997650+05:30,2026-08-17T10:28:36.997650+05:30,,recovered,auto_retry,40100,+917788623710,sai.agarwal217@gmail.com,,,,,,401.0,401.0
28155526-5b30-4227-9859-710d413c3b30,payment,pay_liZnlzfOimmDZl,order_URnXrPbZ7rzZGd,,,cust_dnOXGuITMqqw3z,816200,INR,netbanking,,GATEWAY_ERROR,gateway,payment_authorization,gateway_technical_error,Payment did not go through due to a temporary issue.,technical,,1,3,2026-08-07T18:01:32.997650+05:30,2026-08-30T10:01:32.997650+05:30,,recovered,auto_retry,816200,+919876896496,vihaan.patel429@rediffmail.com,,,,,,8162.0,8162.0
46cd5b21-ff45-4767-859e-ab314414d9aa,checkout_drop_off,pay_UbqL8iZ0Uzq41r,order_PtKzbuXt4I6hKo,,,cust_T8AEy6aPUIxQF8,360600,INR,upi,visa,CHECKOUT_DROP_OFF,customer,checkout_funnel,otp_not_received,Abandoned at otp_abandoned: otp_not_received,soft,,0,3,2026-08-07T18:50:54.997650+05:30,2026-08-07T18:50:54.997650+05:30,,closed,payment_link,0,+918877282565,neha.patel501@gmail.com,,,,,otp_abandoned,3606.0,0.0
18c0a86f-a7a8-484b-a4e9-6d94fdaddfc4,checkout_drop_off,pay_ofVOOasULenRUW,order_wC5LSuBrsrTa5T,,,cust_o6Pcxdhz2aer4V,272200,INR,card,visa,CHECKOUT_DROP_OFF,customer,checkout_funnel,bank_page_latency_timeout,Abandoned at otp_abandoned: bank_page_latency_timeout,soft,,0,3,2026-08-07T20:06:23.997650+05:30,2026-08-07T20:06:23.997650+05:30,,closed,payment_link,0,+918899028393,rohan.dey924@outlook.com,,,,,otp_abandoned,2722.0,0.0
740a3cd1-8ddb-4492-b2cf-ad7ed6a621d0,payment,pay_A7uxHGFvOD4n1n,order_PBrbntS4AtVo1I,,,cust_Cf81Y58rUIMmtS,197900,INR,emandate,,BAD_REQUEST_ERROR,customer,payment_initiation,incorrect_cvv,Incorrect CVV entered.,soft,,3,3,2026-08-07T20:35:54.997650+05:30,2026-08-29T14:35:54.997650+05:30,,escalated,voice,0,+919900053088,sanjay.mahanty523@rediffmail.com,,,,,,1979.0,0.0
c125001b-8ea4-412b-9151-9e50cc210c98,payment,pay_gIOBtxxtBQkd48,order_TI0i0BkifsvFrr,,,cust_6wc3IxPnw336KI,41900,INR,upi,,BAD_REQUEST_ERROR,issuer_bank,payment_authorization,payment_risk_check_failed,Payment declined by bank due to risk check.,hard,,0,0,2026-08-07T21:04:16.997650+05:30,2026-08-07T21:04:16.997650+05:30,,closed,manual,0,+919988475336,sai.kumar715@hotmail.com,,,,,,419.0,0.0
635e19f7-164a-455c-92a8-e959122b683d,payment,pay_F80bE3VjQO6tDa,order_RB4QQ67vCPDe4P,,,cust_crlPRLHpk7HAy8,20800,INR,upi,,BAD_REQUEST_ERROR,issuer_bank,payment_authorization,payment_risk_check_failed,Payment declined by bank due to risk check.,hard,,0,0,2026-08-07T21:07:17.997650+05:30,2026-08-07T21:07:17.997650+05:30,,closed,manual,0,+919123795137,saanvi.dey83@gmail.com,,,,,,208.0,0.0
ea7e0cb7-fa48-4725-bc93-312873b7f212,checkout_drop_off,,order_qFKQj2OhTKYSgi,,,cust_ZKIW4ZawpivfYs,266700,INR,card,visa,CHECKOUT_DROP_OFF,customer,checkout_funnel,delivery_time_too_long,Abandoned at address_submitted: delivery_time_too_long,soft,,0,3,2026-08-07T21:20:32.997650+05:30,2026-08-07T21:20:32.997650+05:30,,closed,payment_link,0,+917766540743,kiara.nair295@gmail.com,,,,,address_submitted,2667.0,0.0
d00b414d-0d24-40e9-b7f2-6ea4cd2d32fa,payment,pay_o66uMtH9RCha0q,order_UTu3z1lLxLmz9h,,,cust_H0gDFuvJHBIkIu,25800,INR,card,diners,BAD_REQUEST_ERROR,gateway,payment_authorization,insufficient_funds,Your payment could not be completed due to insufficient account balance.,soft,,3,3,2026-08-07T22:28:22.997650+05:30,2026-09-08T13:28:22.997650+05:30,,escalated,voice,0,+918899580482,shreya.bose914@hotmail.com,,,,,,258.0,0.0
ff59dd36-43a6-4f2a-a5b7-781d02ddd624,checkout_drop_off,pay_igm6GyDtK0TRCl,order_6zrZ5ZgcLz5Ev7,,,cust_DkS42finmJfwdi,200600,INR,card,rupay,CHECKOUT_DROP_OFF,customer,checkout_funnel,saved_card_unavailable,Abandoned at payment_method_selected: saved_card_unavailable,soft,,0,3,2026-08-07T22:47:35.997650+05:30,2026-08-07T22:47:35.997650+05:30,,closed,payment_link,0,+919123853329,pradeep.thakur430@hotmail.com,,,,,payment_method_selected,2006.0,0.0
5cff6ad3-911e-4bd6-a8eb-7e317aeafd27,payment,pay_yMLXkB7Cz5sMjv,order_KeorndDsFxxmxs,,,cust_PjwLCHHmVFTns7,49200,INR,card,rupay,GATEWAY_ERROR,gateway,payment_authorization,gateway_technical_error,Payment did not go through due to a temporary issue.,technical,,3,3,2026-08-07T22:58:27.997650+05:30,2026-08-22T10:58:27.997650+05:30,,recovered,auto_retry,49200,+919900660979,vivaan.shah516@rediffmail.com,,,,,,492.0,492.0
dd3cdeba-fb6b-43df-8dee-51ce29755b87,subscription,pay_4shHEAxsndSqAA,order_vnilgo7idm4wtU,sub_e8hyepePJYRE8o,token_vZV3fe3zTty1OB,cust_1HbwO1Ti4ovWgF,346000,INR,wallet,,BAD_REQUEST_ERROR,gateway,payment_authorization,payment_failed,Payment was declined by the bank.,technical,active,1,3,2026-08-08T04:03:41.997650+05:30,2026-08-21T10:03:41.997650+05:30,,recovered,auto_retry,346000,+917766029412,rajesh.patel323@outlook.com,,,,,,3460.0,3460.0
fcc04ebe-a94b-4d56-82a5-8a780c1d0d98,subscription,pay_aYsZuDsMMOOkxx,order_u0riNjC4LJea3O,sub_RcjGgFlcQuq3uu,token_lkOrV9bTDbdunF,cust_PZZGR8KevJIRkE,489000,INR,upi,,BAD_REQUEST_ERROR,customer,payment_initiation,incorrect_cvv,Incorrect CVV entered.,soft,active,3,3,2026-08-08T04:28:56.997650+05:30,2026-08-22T10:25:00.997650+05:30,,recovered,voice,489000,+919123423902,diya.mahanty499@hotmail.com,,,,,,4890.0,4890.0
0ff39b1e-95be-41ef-942a-1f3705561d7b,mandate,pay_iCwhh0yPJFmKUd,order_ogH72N0SJfHvNI,,token_lxLILJ0cREtP2B,cust_NRz7YEW8BwevoZ,2865200,INR,upi,,BAD_REQUEST_ERROR,customer,payment_authentication,payment_cancelled,Your payment has been cancelled.,soft,,3,3,2026-08-08T04:40:55.997650+05:30,2026-09-04T10:40:55.997650+05:30,,recovered,auto_retry,2865200,+919876039796,vihaan.pillai567@rediffmail.com,,,,,,28652.0,28652.0
ec6932b8-8691-4269-99a4-4d5b0b8754d4,subscription,pay_XP7aFOMcOxrQA3,order_5fD25AzSFudYyu,sub_0JbBGUzoA6D4rU,token_7I8RGlfTbyPErk,cust_m8heiCWH3Eyvxh,58100,INR,netbanking,,BAD_REQUEST_ERROR,customer,payment_authentication,payment_timed_out,Your payment could not be completed due to a temporary issue. Try again later.,soft,active,3,3,2026-08-08T04:45:40.997650+05:30,2026-08-16T06:45:40.997650+05:30,,recovered,sms,58100,+919900500177,saanvi.patel511@outlook.com,,,,,,581.0,581.0
0ddbcb44-7d54-4cae-b009-0709caaee40c,subscription,pay_mhY5enT9q8QawA,order_Jw51zm2SY22KZS,sub_ZL4eoR8peAyfNY,token_whWWIbiy5930zC,cust_C6KCXvpltCi73O,490400,INR,upi,,BAD_REQUEST_ERROR,gateway,payment_authorization,insufficient_funds,Your payment could not be completed due to insufficient account balance.,soft,active,2,3,2026-08-08T04:47:29.997650+05:30,2026-09-06T10:47:29.997650+05:30,,recovered,auto_retry,490400,+919123830220,neha.mahanty531@outlook.com,,,,,,4904.0,4904.0
3938204f-edef-4221-b8bc-a5d14d900d86,mandate,pay_p9th1pn35nz5HV,order_nsrT4aw9L07CDm,,token_VL1G7vtPm05SBR,cust_0AGcEHjoDUhvzX,799000,INR,card,rupay,BAD_REQUEST_ERROR,issuer_bank,card_enrollment_check,card_not_enrolled,Your card is not enabled for online payments.,hard,,0,0,2026-08-08T05:10:26.997650+05:30,2026-08-08T05:10:26.997650+05:30,,closed,manual,0,+919123800895,kiara.nair932@gmail.com,,,,,,7990.0,0.0
9185552d-6ea6-4785-9979-caba99237010,subscription,pay_0eWKajmaoDxxC9,order_K4QWXZnCjEbest,sub_PT7B6J94Hwb4o1,token_wvCVBBMPJCYpNw,cust_caSCrhV5Renonc,1276300,INR,card,visa,GATEWAY_ERROR,gateway,payment_authorization,gateway_technical_error,Payment did not go through due to a temporary issue.,technical,halted,3,3,2026-08-08T05:23:48.997650+05:30,2026-09-03T14:23:48.997650+05:30,,escalated,voice,0,+917788784446,deepak.pillai799@outlook.com,,,,,,12763.0,0.0
369cc13a-a2be-4c30-8fb2-af80b1315bab,subscription,pay_Kjmlos9yIAqKvG,order_c0yuOrNAbbtXBK,sub_NeX31CGy5Sj5Kq,token_ANWwTtxGZXPP6x,cust_IwF2oTQuYp8zqL,655500,INR,upi,,GATEWAY_ERROR,issuer_bank,payment_authorization,bank_technical_error,Bank downtime. Please try again later.,technical,active,1,3,2026-08-08T05:46:36.997650+05:30,2026-08-21T10:46:36.997650+05:30,,recovered,auto_retry,655500,+917788751627,kiara.gupta895@rediffmail.com,,,,,,6555.0,6555.0
e53b870a-7fc4-46f0-9763-d94f37de422f,mandate,pay_RPz6QuQtcEEVQ5,order_nm72LJX31IO6xq,,token_eCu5eSw8y074cI,cust_nonppg9xYoR3Dg,162500,INR,upi,,BAD_REQUEST_ERROR,gateway,payment_authorization,insufficient_funds,Your payment could not be completed due to insufficient account balance.,soft,,1,3,2026-08-08T07:08:57.997650+05:30,2026-08-22T10:08:57.997650+05:30,,recovered,auto_retry,162500,+919988414677,suresh.roy196@gmail.com,,,,,,1625.0,1625.0
1b16c8d7-9917-468a-9c69-b4e3caddf46e,subscription,pay_YRjkltgIrcUDAT,order_1MZiMfKe7Hrz91,sub_L1saHMG686xWsz,token_LZJQkiFbu0b1BV,cust_tsxnaPslf8L2pF,4041400,INR,card,visa,BAD_REQUEST_ERROR,issuer_bank,payment_authorization,card_expired,Your card has expired. Please use another card.,hard,pending,0,0,2026-08-08T07:12:14.997650+05:30,2026-08-08T07:12:14.997650+05:30,,closed,manual,0,+917788310638,aadhya.patel785@gmail.com,,,,,,40414.0,0.0
2df70177-ffc6-49b1-ba25-911dccf895d3,subscription,pay_16Mj1xrQJx0Ess,order_V49xlA45DmSOGw,sub_lCNEWhyqqy5HOE,token_BscNvrFZvh3qcu,cust_irAmKOBtCSAQGi,225600,INR,card,visa,BAD_REQUEST_ERROR,gateway,payment_authorization,insufficient_funds,Your payment could not be completed due to insufficient account balance.,soft,active,2,3,2026-08-08T07:16:51.997650+05:30,2026-08-31T10:16:51.997650+05:30,,recovered,auto_retry,225600,+918899561292,ayaan.mishra165@yahoo.co.in,,,,,,2256.0,2256.0
accf0ca6-8c68-4459-b75a-c48bf7a87f7b,mandate,pay_RMOjwG1DsDwK7U,order_A7qfH2f6JWztmd,,token_9sOCq27hEaJ1Z4,cust_T5bbiaTBnXXeuE,327900,INR,card,mastercard,BAD_REQUEST_ERROR,customer,payment_authentication,payment_timed_out,Your payment could not be completed due to a temporary issue. Try again later.,soft,,3,3,2026-08-08T07:27:13.997650+05:30,2026-09-07T12:27:13.997650+05:30,,escalated,voice,0,+918899373580,priya.gupta693@yahoo.co.in,,,,,,3279.0,0.0
3a7211e2-243f-4265-b997-0c8e67d96cc2,mandate,pay_sAvwnyTLlcJheh,order_IPiGRDbNnPyZcZ,,token_luWwExLD4slb81,cust_xiOsm8FMYiRcf0,372200,INR,card,mastercard,BAD_REQUEST_ERROR,customer,payment_authentication,payment_cancelled,Your payment has been cancelled.,soft,,3,3,2026-08-08T07:38:58.997650+05:30,2026-09-05T11:38:58.997650+05:30,,escalated,voice,0,+919876629383,shreya.nair684@gmail.com,,,,,,3722.0,0.0
c3af661b-b02d-424c-8683-9d6af52725a8,mandate,pay_gobeF3GZOjYowY,order_V24YWONUYsCsZP,,token_WXopTHIS38YLr6,cust_BwQXaOSH6UyvCy,324400,INR,netbanking,,BAD_REQUEST_ERROR,gateway,payment_authorization,insufficient_funds,Your payment could not be completed due to insufficient account balance.,soft,,1,3,2026-08-08T09:35:45.997650+05:30,2026-08-29T10:35:45.997650+05:30,,recovered,auto_retry,324400,+917766000838,aditi.joshi113@outlook.com,,,,,,3244.0,3244.0
2e0908bb-0bdd-4507-8d93-707deddb985f,b2b_receivable,,order_WF8ab55iNY45RW,,,cust_gymRV8xm34TJyy,10900000,INR,netbanking,,INVOICE_PAYMENT_OVERDUE,corporate_buyer,accounts_payable_settlement,invoice_overdue_60_plus_days,Corporate invoice overdue by 88 days (60_plus_days).,soft,,0,3,2026-08-08T10:03:09.997650+05:30,2026-08-08T10:03:09.997650+05:30,,escalated,manual,0,+918899467628,ap@paramount.com,inv_00uA6sHC2DqSBT,Paramount Engineering Works,07ECEBB6625A8ZI,60_plus_days,,109000.0,0.0
2b54c1e3-326e-4b16-88ec-6c015cbef35a,subscription,pay_RpooYcLtNpCV66,order_7nxpq3cPaCFOjK,sub_2zFw89tIN9NQWB,token_Pvh3XVIg33YJV2,cust_ZIIYfAUKZgtJmu,93800,INR,upi,,BAD_REQUEST_ERROR,issuer_bank,payment_authorization,card_disabled_for_online_payments,Your card is disabled for online payments.,hard,pending,0,0,2026-08-08T10:16:09.997650+05:30,2026-08-08T10:16:09.997650+05:30,,closed,manual,0,+917766954495,isha.shah894@yahoo.co.in,,,,,,938.0,0.0
269bbdb3-ff8b-4f07-b5d4-0df07497227c,mandate,pay_YLHCAFe46Qh1XH,order_Wdq23hof91x7sT,,token_lr1uGNktSA5DKM,cust_x9l1Tlx95uF3r4,1350800,INR,netbanking,,BAD_REQUEST_ERROR,customer,payment_authentication,payment_timed_out,Your payment could not be completed due to a temporary issue. Try again later.,soft,,1,3,2026-08-08T10:22:14.997650+05:30,2026-09-01T10:22:14.997650+05:30,,recovered,auto_retry,1350800,+919988537193,aditya.iyer61@gmail.com,,,,,,13508.0,13508.0
43292698-15c4-425b-8d11-0b6e4ae60fd4,b2b_receivable,,order_9uRlt27bOKMpz9,,,cust_Y92X1GWAvtXqCG,10500000,INR,netbanking,,INVOICE_PAYMENT_OVERDUE,corporate_buyer,accounts_payable_settlement,invoice_overdue_current,Corporate invoice overdue by 0 days (current).,soft,,0,3,2026-08-08T10:58:09.997650+05:30,2026-08-08T10:58:09.997650+05:30,,recovered,email,10500000,+919123236131,ap@nexura.com,inv_3LItrZlc1lbnzB,Nexura Digital Media LLP,29ABEBC4842Q7Z5,current,,105000.0,105000.0
44f5923d-6660-40a5-8682-4be6a9866d0d,subscription,pay_ZAgOYS6dHlIMrC,order_w6c9WZ1he6cGOX,sub_fTJ61oCFIO4DyD,token_1YJTIWyDvYpNcu,cust_1NEPcls03RNGLU,805100,INR,upi,,BAD_REQUEST_ERROR,gateway,payment_authorization,insufficient_funds,Your payment could not be completed due to insufficient account balance.,soft,active,3,3,2026-08-08T11:20:08.997650+05:30,2026-09-09T08:49:00.997650+05:30,,recovered,voice,805100,+919988712446,pooja.nair184@yahoo.co.in,,,,,,8051.0,8051.0
82a0b718-bfe9-4196-811d-770106e9d8c6,mandate,pay_mRJMiOoQ4SYFFc,order_ltywjumGZrBOaX,,token_yP8aIQUW46Q8y3,cust_XsVDianWjC5zTO,80000,INR,netbanking,,BAD_REQUEST_ERROR,issuer_bank,card_enrollment_check,card_not_enrolled,Your card is not enabled for online payments.,hard,,0,0,2026-08-08T11:21:10.997650+05:30,2026-08-08T11:21:10.997650+05:30,,closed,manual,0,+919900982088,pradeep.ghosh605@outlook.com,,,,,,800.0,0.0
19d02970-12ac-4d5f-a760-595ce0818a5f,payment,pay_l2iDRWsbVfpqDi,order_Hp8sbwrZl6yW7i,,,cust_NI82jOZWeFzhMG,2587400,INR,upi,,BAD_REQUEST_ERROR,gateway,payment_authorization,insufficient_funds,Your payment could not be completed due to insufficient account balance.,soft,,1,3,2026-08-08T11:31:56.997650+05:30,2026-08-30T10:31:56.997650+05:30,,recovered,auto_retry,2587400,+918899442206,reyansh.mishra704@gmail.com,,,,,,25874.0,25874.0
c75e895e-da56-42a8-8be6-5b5171fa03ba,subscription,pay_sUlq6pWvdVZ8bX,order_tTKV6IRkRjwj7Z,sub_LbGmLq5a1DudPc,token_bPI4Pth1XWqQMl,cust_4VcIE08Qef9CnO,1085100,INR,upi,,BAD_REQUEST_ERROR,issuer_bank,payment_authorization,card_disabled_for_online_payments,Your card is disabled for online payments.,hard,pending,0,0,2026-08-08T11:39:06.997650+05:30,2026-08-08T11:39:06.997650+05:30,,closed,manual,0,+917766290896,amit.das617@rediffmail.com,,,,,,10851.0,0.0
265a366a-c059-49ea-9a02-d5ab49376a64,payment,pay_LyXYPcc0AZnwYv,order_9VfIzdpyJF0r3O,,,cust_5TglsC9e8pv4hL,1151200,INR,upi,,BAD_REQUEST_ERROR,customer,payment_authentication,payment_timed_out,Your payment could not be completed due to a temporary issue. Try again later.,soft,,1,3,2026-08-08T12:23:02.997650+05:30,2026-09-03T10:23:02.997650+05:30,,recovered,auto_retry,1151200,+919900677153,amit.mishra21@hotmail.com,,,,,,11512.0,11512.0
9a985352-3a1d-49c7-9545-e149a416516e,payment,pay_c7Q1IcS1duF9Ff,order_rRESOyc5jNt9ur,,,cust_17aV9LIsZvu1Ts,305300,INR,upi,,GATEWAY_ERROR,gateway,payment_authentication,authentication_failed,Payment could not be completed due to incorrect OTP or verification details.,soft,,2,3,2026-08-08T12:40:54.997650+05:30,2026-09-05T10:40:54.997650+05:30,,recovered,auto_retry,305300,+917766399378,krishna.sharma395@hotmail.com,,,,,,3053.0,3053.0
5a538632-923b-4186-b47b-16d8d40a0788,b2b_receivable,,order_PLA6PiXsVVj3vZ,,,cust_TOgiDkNcezm1qY,6600000,INR,netbanking,,INVOICE_PAYMENT_OVERDUE,corporate_buyer,accounts_payable_settlement,invoice_overdue_60_plus_days,Corporate invoice overdue by 87 days (60_plus_days).,soft,,0,3,2026-08-08T12:52:30.997650+05:30,2026-08-08T12:52:30.997650+05:30,,recovered,manual,6600000,+918877307927,ap@vanguard.com,inv_cGNNT3xlfUucEx,Vanguard Chemical Industries Ltd,19BACEE8159G6ZX,60_plus_days,,66000.0,66000.0
bf7e51ef-e9ea-4826-8aeb-5a771a66190b,payment,pay_YxKwAEMKL2igE4,order_3i3hf4mpoVwl4H,,,cust_dRlcxEF6hwFduj,20400,INR,upi,,BAD_REQUEST_ERROR,customer,payment_authentication,payment_timed_out,Your payment could not be completed due to a temporary issue. Try again later.,soft,,3,3,2026-08-08T12:59:25.997650+05:30,2026-09-06T08:59:25.997650+05:30,,recovered,sms,20400,+919876071210,vihaan.nair734@yahoo.co.in,,,,,,204.0,204.0
24c3e9a2-19ae-4473-afeb-c3238cfdc811,b2b_receivable,,order_odS9vBS0fd0JFj,,,cust_63vQnjwLY7zY4E,7000000,INR,netbanking,,INVOICE_PAYMENT_OVERDUE,corporate_buyer,accounts_payable_settlement,invoice_overdue_1_15_days,Corporate invoice overdue by 2 days (1_15_days).,soft,,0,3,2026-08-08T13:12:05.997650+05:30,2026-08-08T13:12:05.997650+05:30,,recovered,email,7000000,+917766798670,ap@cloudscale.com,inv_Dp53KoofmUYEYf,CloudScale Technologies Pvt Ltd,07DEEDB8090I1Z2,1_15_days,,70000.0,70000.0
4dde618a-80b7-4a7a-a712-4ec5085f0148,b2b_receivable,,order_rtNp17uLpa2v1x,,,cust_owsgIQ7Z5akvv3,9500000,INR,netbanking,,INVOICE_PAYMENT_OVERDUE,corporate_buyer,accounts_payable_settlement,invoice_overdue_current,Corporate invoice overdue by 0 days (current).,soft,,0,3,2026-08-08T13:30:29.997650+05:30,2026-08-08T13:30:29.997650+05:30,,recovered,email,9500000,+918877060849,ap@paramount.com,inv_UmQ6r1FPgMxvG5,Paramount Engineering Works,06ADAAA9445U4ZK,current,,95000.0,95000.0
d005760c-3e39-4188-ba5d-6f48e8e6a164,subscription,pay_SJ4Q8qGB7tGj40,order_uin12Xl4KIE5C2,sub_5XqfMKdHCfnYDx,token_pcEgZlWYwQXINE,cust_FjwZP8zkIu1hMH,386400,INR,emandate,,BAD_REQUEST_ERROR,gateway,payment_authorization,insufficient_funds,Your payment could not be completed due to insufficient account balance.,soft,halted,3,3,2026-08-08T13:32:16.997650+05:30,2026-09-04T15:32:16.997650+05:30,,escalated,voice,0,+919123997346,krishna.sharma523@yahoo.co.in,,,,,,3864.0,0.0
3eefcd25-b133-4c30-8e54-9120b10661df,payment,pay_R0BF4BhSA0Qz4F,order_t33Tc8vIpGax1m,,,cust_XSPGGIxttQvSvO,65400,INR,card,visa,BAD_REQUEST_ERROR,issuer_bank,payment_authorization,transaction_limit_exceeded,Maximum transaction limit exceeded for the day.,soft,,1,3,2026-08-08T13:36:21.997650+05:30,2026-08-30T10:36:21.997650+05:30,,recovered,auto_retry,65400,+919900016426,kiara.banerjee310@yahoo.co.in,,,,,,654.0,654.0
3b69f817-6091-43a0-a8f8-103d7e2e9115,mandate,pay_bf3bOiMSsBfnZn,order_mwYiUJ31oCbfuw,,token_XJGVFTHUxsS9A6,cust_Vph7emGquCpIjG,86900,INR,upi,,BAD_REQUEST_ERROR,customer,payment_authentication,payment_timed_out,Your payment could not be completed due to a temporary issue. Try again later.,soft,,3,3,2026-08-08T13:46:03.997650+05:30,2026-08-28T15:46:03.997650+05:30,,escalated,voice,0,+919123865744,isha.verma562@yahoo.co.in,,,,,,869.0,0.0
5a222f0e-eec0-4170-a62e-060cb4ff6137,b2b_receivable,,order_dHpMzEjZkOKu0e,,,cust_DjYUQo2LUbRqDh,18200000,INR,netbanking,,INVOICE_PAYMENT_OVERDUE,corporate_buyer,accounts_payable_settlement,invoice_overdue_1_15_days,Corporate invoice overdue by 11 days (1_15_days).,soft,,0,3,2026-08-08T14:01:30.997650+05:30,2026-08-08T14:01:30.997650+05:30,,recovered,email,18200000,+918877909503,ap@aura.com,inv_v22IT36M1Crmws,Aura Consumer Goods Pvt Ltd,19BDDCD4703H5Z3,1_15_days,,182000.0,182000.0
dd2e011a-6456-4b39-8469-3bd8942bc2bf,b2b_receivable,,order_HiViCFm7piS2cb,,,cust_mvhakS3GvKnhpW,8400000,INR,netbanking,,INVOICE_PAYMENT_OVERDUE,corporate_buyer,accounts_payable_settlement,invoice_overdue_1_15_days,Corporate invoice overdue by 9 days (1_15_days).,soft,,0,3,2026-08-08T14:38:39.997650+05:30,2026-08-08T14:38:39.997650+05:30,,recovered,email,8400000,+917766783629,ap@apex.com,inv_Jgnek7MJsYjesA,Apex Logistics Solutions Pvt Ltd,24BEABE5873I2ZC,1_15_days,,84000.0,84000.0
29c5c878-a404-478b-8b5d-4bf48b38dfa9,payment,pay_TI3LmnLph7TCJB,order_F0FILeBFQYHHt0,,,cust_LLYDuLSPN2ZjD9,932800,INR,card,visa,BAD_REQUEST_ERROR,issuer_bank,card_enrollment_check,card_not_enrolled,Your card is not enabled for online payments.,hard,,0,0,2026-08-08T14:38:42.997650+05:30,2026-08-08T14:38:42.997650+05:30,,closed,manual,0,+918899648671,sanjay.reddy349@gmail.com,,,,,,9328.0,0.0
79ed4f06-85db-44c7-a58c-15a096b44ed2,payment,pay_bs2gstgeRhA39M,order_IG65GmPyqMBez3,,,cust_RoQxqZyHTXuAUf,4496100,INR,upi,,BAD_REQUEST_ERROR,gateway,payment_authorization,insufficient_funds,Your payment could not be completed due to insufficient account balance.,soft,,3,3,2026-08-08T14:48:28.997650+05:30,2026-08-28T13:48:28.997650+05:30,,escalated,voice,0,+919123992618,rajesh.pillai121@hotmail.com,,,,,,44961.0,0.0
ae269e64-0afa-4815-bd86-31eddeb223af,subscription,pay_Mjh0QefDPdvjoy,order_9dFXRwWf6Byfg1,sub_1Iw4X1emoDO7Lv,token_tdQMcD8d4t93WL,cust_GhvXdBbqxukTiG,413000,INR,card,mastercard,GATEWAY_ERROR,gateway,payment_authentication,authentication_failed,Payment could not be completed due to incorrect OTP or verification details.,soft,halted,3,3,2026-08-08T14:59:43.997650+05:30,2026-09-03T15:59:43.997650+05:30,,escalated,voice,0,+919123550567,ayaan.sharma258@hotmail.com,,,,,,4130.0,0.0
4e7f9789-66c5-4fe1-9856-ef7e22696ead,payment,pay_dws9SiLBPPfuCu,order_D21v3JiTlVnCiz,,,cust_RjAILqtVgXKSV6,857500,INR,upi,,BAD_REQUEST_ERROR,gateway,payment_authorization,insufficient_funds,Your payment could not be completed due to insufficient account balance.,soft,,3,3,2026-08-08T16:09:21.997650+05:30,2026-09-03T14:09:21.997650+05:30,,escalated,voice,0,+917766145134,ayaan.gupta509@gmail.com,,,,,,8575.0,0.0
a2bd66ba-260b-403a-a816-296764063539,b2b_receivable,,order_aepk2WlfYlRSiS,,,cust_RqHf8fiE2hfCyq,19700000,INR,netbanking,,INVOICE_PAYMENT_OVERDUE,corporate_buyer,accounts_payable_settlement,invoice_overdue_16_30_days,Corporate invoice overdue by 20 days (16_30_days).,soft,,0,3,2026-08-08T17:04:17.997650+05:30,2026-08-08T17:04:17.997650+05:30,,closed,email,0,+919988278852,ap@bluedart.com,inv_0R8GkXN5wrNLSi,BlueDart SupplyChain Services Ltd,27CEDBA1917L5ZJ,16_30_days,,197000.0,0.0
0d3e21a8-8b8f-4773-a487-3bf7cc32b374,b2b_receivable,,order_EBhMowxMowH4pw,,,cust_NNtscfnEkLJKox,11800000,INR,netbanking,,INVOICE_PAYMENT_OVERDUE,corporate_buyer,accounts_payable_settlement,invoice_overdue_current,Corporate invoice overdue by 0 days (current).,soft,,0,3,2026-08-08T17:26:31.997650+05:30,2026-08-08T17:26:31.997650+05:30,,recovered,email,11800000,+919876441876,ap@nexura.com,inv_jxXT3tFBWRJnik,Nexura Digital Media LLP,19DDDDA7436Y8Z1,current,,118000.0,118000.0
f32d1548-f64d-4494-8497-7937c565ebb0,subscription,pay_1F7MSeMQdYoSys,order_S1Np3Pr3tBKFvv,sub_DOWmOCBgWdpd20,token_X7xFIPh2ceAcC3,cust_uqQQKJmWwO72yQ,204300,INR,upi,,BAD_REQUEST_ERROR,customer,payment_initiation,card_number_invalid,You have entered an incorrect card number. Try again.,hard,pending,0,0,2026-08-08T17:32:03.997650+05:30,2026-08-08T17:32:03.997650+05:30,,closed,manual,0,+917788589784,arjun.reddy946@hotmail.com,,,,,,2043.0,0.0
914ff5cd-b98f-4f70-988c-261ba76c9384,b2b_receivable,,order_ftkQX8k2zj6M94,,,cust_Tva287pgCCTFd8,8800000,INR,netbanking,,INVOICE_PAYMENT_OVERDUE,corporate_buyer,accounts_payable_settlement,invoice_overdue_current,Corporate invoice overdue by 0 days (current).,soft,,0,3,2026-08-08T17:40:48.997650+05:30,2026-08-08T17:40:48.997650+05:30,,recovered,email,8800000,+919876077171,ap@paramount.com,inv_pmhqFITw0CgpKp,Paramount Engineering Works,29BACDD0066D3ZU,current,,88000.0,88000.0
6bc2835c-360a-4cc1-82d2-fda7e92586c0,payment,pay_FiWspxJhMpeYOy,order_yeiyVXqFTdH14x,,,cust_XzijlSIHU0IanO,1092500,INR,card,visa,BAD_REQUEST_ERROR,gateway,payment_authorization,insufficient_funds,Your payment could not be completed due to insufficient account balance.,soft,,3,3,2026-08-08T19:14:52.997650+05:30,2026-09-08T16:14:52.997650+05:30,,escalated,voice,0,+917788970998,saanvi.kumar374@outlook.com,,,,,,10925.0,0.0
3de69a31-689b-472c-8f45-d35536ccc341,payment,pay_w2ZxrJsHRkL88q,order_8jCO5l8HxDeaw6,,,cust_WORpTrlOL5vYvc,1444700,INR,card,visa,GATEWAY_ERROR,gateway,payment_authorization,gateway_technical_error,Payment did not go through due to a temporary issue.,technical,,4,3,2026-08-08T19:15:20.997650+05:30,2026-09-03T09:15:00.997650+05:30,,recovered,voice,1444700,+917766917670,aarav.kumar653@rediffmail.com,,,,,,14447.0,14447.0
9735f3d4-8b5d-411e-8b91-31fe1a4f18a2,checkout_drop_off,,order_1EeOWITYTfiWhf,,,cust_6ZHzbxaWMPNpNe,386400,INR,upi,rupay,CHECKOUT_DROP_OFF,customer,checkout_funnel,window_shopping_exit,Abandoned at cart_abandoned: window_shopping_exit,soft,,0,3,2026-08-08T20:06:25.997650+05:30,2026-08-08T20:06:25.997650+05:30,,closed,payment_link,0,+919876035451,suresh.chauhan142@gmail.com,,,,,cart_abandoned,3864.0,0.0
25b3e0f0-eb7a-4fa6-a3cd-6e5865e82ba0,payment,pay_4tP7ZPrnTdZElC,order_MlmcChXnP3rGAx,,,cust_DlwNG8CgyqfOP3,1045800,INR,upi,,GATEWAY_ERROR,issuer_bank,payment_authorization,bank_technical_error,Bank downtime. Please try again later.,technical,,1,3,2026-08-08T20:28:37.997650+05:30,2026-08-24T10:28:37.997650+05:30,,recovered,auto_retry,1045800,+919900870426,vikram.kumar387@outlook.com,,,,,,10458.0,10458.0
9f8c6137-055c-4789-a0bb-26ffc771ab1d,payment,pay_QxWofQs86IyOnO,order_zAdRmwYgKKXMF3,,,cust_PPju2NTXnIt5QV,281600,INR,netbanking,,BAD_REQUEST_ERROR,issuer_bank,payment_authorization,card_expired,Your card has expired. Please use another card.,hard,,0,0,2026-08-08T20:43:27.997650+05:30,2026-08-08T20:43:27.997650+05:30,,closed,manual,0,+917788895013,rajesh.banerjee116@hotmail.com,,,,,,2816.0,0.0
6bf70fb7-b7ac-42df-824c-16a7e5d5549d,payment,pay_2ELin3IJAZz0rL,order_RVdIHUUmefZdn1,,,cust_7ZpJbq8k42jRRA,62500,INR,card,amex,BAD_REQUEST_ERROR,customer,payment_authentication,payment_cancelled,Your payment has been cancelled.,soft,,3,3,2026-08-08T21:13:14.997650+05:30,2026-09-07T05:13:14.997650+05:30,,recovered,sms,62500,+919900420181,vikram.reddy22@hotmail.com,,,,,,625.0,625.0
cc0fc938-6d36-45aa-bee1-8d5fdbe47519,payment,pay_VigPfMZGXzSDAP,order_XxWbEvx09Z1kNI,,,cust_NzqAl0ucb6KjKM,41000,INR,upi,,GATEWAY_ERROR,issuer_bank,payment_authorization,bank_technical_error,Bank downtime. Please try again later.,technical,,1,3,2026-08-08T21:24:30.997650+05:30,2026-09-03T10:24:30.997650+05:30,,recovered,auto_retry,41000,+919876315388,reyansh.verma183@hotmail.com,,,,,,410.0,410.0
9dcacae0-ec02-4fb7-89db-b92e45e53178,checkout_drop_off,,order_J2Eg1T3LK16QAr,,,cust_u1eu50hLu6xlny,87700,INR,card,rupay,CHECKOUT_DROP_OFF,customer,checkout_funnel,window_shopping_exit,Abandoned at cart_abandoned: window_shopping_exit,soft,,0,3,2026-08-08T21:28:59.997650+05:30,2026-08-08T21:28:59.997650+05:30,,closed,payment_link,0,+918899258135,aditi.shah116@hotmail.com,,,,,cart_abandoned,877.0,0.0
a762f0b2-88a8-4b52-a2d8-6f1d25b7af60,checkout_drop_off,,order_KzOcOzi3R8RX0K,,,cust_SA97fPViovvWvA,474900,INR,upi,rupay,CHECKOUT_DROP_OFF,customer,checkout_funnel,address_form_friction,Abandoned at address_submitted: address_form_friction,soft,,0,3,2026-08-08T22:06:40.997650+05:30,2026-08-08T22:06:40.997650+05:30,,closed,payment_link,0,+917766522387,deepak.yadav545@rediffmail.com,,,,,address_submitted,4749.0,0.0
ca677c1b-04b9-4683-a527-5d498bc761c0,checkout_drop_off,pay_DXcCtOpX40IZ0G,order_HFMMWB14zerqEW,,,cust_88JazwODCccAsa,211600,INR,card,rupay,CHECKOUT_DROP_OFF,customer,checkout_funnel,saved_card_unavailable,Abandoned at payment_method_selected: saved_card_unavailable,soft,,0,3,2026-08-08T22:43:20.997650+05:30,2026-08-08T22:43:20.997650+05:30,,closed,payment_link,0,+919876321438,aanya.nair199@gmail.com,,,,,payment_method_selected,2116.0,0.0
02262fc5-db6c-4ea1-b6aa-a0ced5473aaf,payment,pay_xYQXzG3XQ4E9a5,order_8gEcLNMHOQqmY8,,,cust_YQ6342sPEhlbWT,402300,INR,card,visa,BAD_REQUEST_ERROR,gateway,payment_authorization,insufficient_funds,Your payment could not be completed due to insufficient account balance.,soft,,3,3,2026-08-08T23:20:32.997650+05:30,2026-08-30T03:20:32.997650+05:30,,recovered,sms,402300,+919900543701,aditi.thakur136@gmail.com,,,,,,4023.0,4023.0
cab8616d-0615-47b1-87af-d4d08af5ba48,checkout_drop_off,,order_rgnxMrcYHcU4mr,,,cust_Pri8bVxOYC009E,740500,INR,card,rupay,CHECKOUT_DROP_OFF,customer,checkout_funnel,address_form_friction,Abandoned at address_submitted: address_form_friction,soft,,0,3,2026-08-08T23:35:11.997650+05:30,2026-08-08T23:35:11.997650+05:30,,closed,payment_link,0,+917766056267,aadhya.singh318@rediffmail.com,,,,,address_submitted,7405.0,0.0
c2508350-e31b-42ff-a1aa-51861e36035e,payment,pay_THcCn2N657WlNa,order_QkkwHrRbtsJyzy,,,cust_bp2e5shyB1f1gW,366000,INR,emandate,,BAD_REQUEST_ERROR,issuer_bank,payment_authorization,debit_instrument_inactive,Your card is currently inactive.,technical,,1,3,2026-08-08T23:53:34.997650+05:30,2026-08-30T10:53:34.997650+05:30,,recovered,auto_retry,366000,+918877003934,amit.bose627@outlook.com,,,,,,3660.0,3660.0
03d5d5ef-6cd7-4e20-9d0c-728d361dc6c5,subscription,pay_kCAke8hMLoozBO,order_pvoIM4Tdq5teqN,sub_rKv88UILfj1bOP,token_ztBGntcrVfPERt,cust_QAJqlg3EYckrMU,32400,INR,wallet,,BAD_REQUEST_ERROR,customer,payment_authentication,payment_cancelled,Your payment has been cancelled.,soft,halted,3,3,2026-08-09T04:37:45.997650+05:30,2026-09-07T13:37:45.997650+05:30,,escalated,voice,0,+919876640685,ishaan.singh10@hotmail.com,,,,,,324.0,0.0
92483307-5398-481f-a58c-74106999e148,mandate,pay_B1TET6FOMT1BCJ,order_RfEKIeT6xwMa4v,,token_6jXvDRIDSrohpj,cust_TwJXShe0MlgczV,178700,INR,netbanking,,BAD_REQUEST_ERROR,gateway,payment_authorization,insufficient_funds,Your payment could not be completed due to insufficient account balance.,soft,,3,3,2026-08-09T04:52:36.997650+05:30,2026-08-14T16:52:36.997650+05:30,,escalated,voice,0,+919876311166,pooja.singh4@gmail.com,,,,,,1787.0,0.0
7c5f2084-3948-4528-afa7-78de0d138999,mandate,pay_WRrzJgbylCeWP7,order_F5EsutP9seObWt,,token_pJ9AwdvHjPWtTK,cust_vngq7EcADGSnIi,264600,INR,wallet,,GATEWAY_ERROR,gateway,payment_authorization,gateway_technical_error,Payment did not go through due to a temporary issue.,technical,,2,3,2026-08-09T04:57:53.997650+05:30,2026-08-13T10:57:53.997650+05:30,,recovered,auto_retry,264600,+917766225086,meera.yadav383@outlook.com,,,,,,2646.0,2646.0
75d0a5e7-314b-48c3-9637-4940390629f4,subscription,pay_zGZYJOeg52dUWA,order_9Xw9ZVAaC6rIAN,sub_ZWg0p03OmzN240,token_X3E1MX4lf6PWjL,cust_eFnYHvKmHKuMp1,38200,INR,netbanking,,BAD_REQUEST_ERROR,issuer_bank,payment_authorization,card_disabled_for_online_payments,Your card is disabled for online payments.,hard,pending,0,0,2026-08-09T05:18:43.997650+05:30,2026-08-09T05:18:43.997650+05:30,,closed,manual,0,+919876193338,aanya.gupta797@gmail.com,,,,,,382.0,0.0
58d29526-b801-4b83-a58a-a1d036d7eb4e,subscription,pay_0LO0b3jWMALJ76,order_DnIus7fHqDrxhP,sub_mS556oZ8xxHJMu,token_Fay1QDRIkZ7BRF,cust_QASVQdbd5b342u,362300,INR,netbanking,,GATEWAY_ERROR,gateway,payment_authorization,gateway_technical_error,Payment did not go through due to a temporary issue.,technical,active,1,3,2026-08-09T06:05:15.997650+05:30,2026-09-04T10:05:15.997650+05:30,,recovered,auto_retry,362300,+919988691098,kavita.patel448@yahoo.co.in,,,,,,3623.0,3623.0
70352132-1c90-479d-9bcd-caf6c98b457c,subscription,pay_zc24OvTojZSFfS,order_wnH4QSAs7DapXt,sub_dCEgdyxucYAepI,token_81SixjspcPfQlu,cust_W5h1cxUux0xqPf,23500,INR,card,mastercard,BAD_REQUEST_ERROR,gateway,payment_authorization,payment_failed,Payment was declined by the bank.,technical,halted,3,3,2026-08-09T06:24:22.997650+05:30,2026-09-07T15:24:22.997650+05:30,,escalated,voice,0,+917766579443,kavita.verma752@hotmail.com,,,,,,235.0,0.0
3eb32767-97d4-438d-aff3-d27fe0fb1162,mandate,pay_JD6ZtJafXW8oHC,order_Rf8ChmvGnAmKFI,,token_xf9nuyonh6dzvk,cust_Y5297oVmnnoP1E,926600,INR,upi,,BAD_REQUEST_ERROR,gateway,payment_authorization,insufficient_funds,Your payment could not be completed due to insufficient account balance.,soft,,3,3,2026-08-09T06:32:28.997650+05:30,2026-08-29T11:32:28.997650+05:30,,escalated,voice,0,+919876994936,shreya.singh250@rediffmail.com,,,,,,9266.0,0.0
7b420332-ec83-41b4-b02f-5bf606a68c0d,subscription,pay_fN8DfAA0lBSx48,order_4G7iCQ8KPbh9DK,sub_BQ4aglZLDpIzDR,token_TzaNxqaytTBnpY,cust_Dx5ZPS5XAEhi5a,985000,INR,upi,,BAD_REQUEST_ERROR,issuer_bank,payment_authorization,payment_risk_check_failed,Payment declined by bank due to risk check.,hard,pending,0,0,2026-08-09T07:01:18.997650+05:30,2026-08-09T07:01:18.997650+05:30,,closed,manual,0,+919900956447,pooja.joshi194@hotmail.com,,,,,,9850.0,0.0
69dedab0-116d-4dbe-a31c-b9de3168fd1d,mandate,pay_9iFR25wzVD2hjg,order_VEmKDmOkW9jvtE,,token_YiTcjKpAToK57w,cust_8740Raiy5DYvrm,239400,INR,upi,,GATEWAY_ERROR,gateway,payment_authentication,authentication_failed,Payment could not be completed due to incorrect OTP or verification details.,soft,,1,3,2026-08-09T07:23:32.997650+05:30,2026-08-29T10:23:32.997650+05:30,,recovered,auto_retry,239400,+918899800205,aanya.bose192@outlook.com,,,,,,2394.0,2394.0
7c02a85d-c624-4922-9ca0-ee205449277e,mandate,pay_8ClQIZ0sVixF51,order_MmT8Zu3Rj5sSqW,,token_U6Ccs9whL2bkdJ,cust_yKpFBgLTrj4HSP,1164100,INR,upi,,BAD_REQUEST_ERROR,issuer_bank,payment_authorization,transaction_limit_exceeded,Maximum transaction limit exceeded for the day.,soft,,3,3,2026-08-09T07:50:25.997650+05:30,2026-08-16T15:50:25.997650+05:30,,escalated,voice,0,+919123993232,vikram.das45@outlook.com,,,,,,11641.0,0.0
87a22a56-7525-49b3-9330-9b37110edd7e,subscription,pay_MahCOXSpPOSqDA,order_KPOYvzOb4eLnQf,sub_0z1D4U4bY35rSv,token_I4R7enZO1BuXiG,cust_Wa5n8qYC0Q3Eyb,233300,INR,card,mastercard,GATEWAY_ERROR,issuer_bank,payment_authorization,bank_technical_error,Bank downtime. Please try again later.,technical,halted,3,3,2026-08-09T09:30:20.997650+05:30,2026-08-27T11:30:20.997650+05:30,,escalated,voice,0,+919876994787,rahul.agarwal165@yahoo.co.in,,,,,,2333.0,0.0
34cd7947-2289-4797-b16e-dd03a31d6dd5,subscription,pay_pfKIO9Uh5Zw1Yw,order_5NVhYuNSHLzSPK,sub_8zeeuP1JsDP32d,token_3abhEaUTtAJd6p,cust_jVLYZ4m8fmwz9K,1343300,INR,upi,,GATEWAY_ERROR,issuer_bank,payment_authorization,bank_technical_error,Bank downtime. Please try again later.,technical,active,1,3,2026-08-09T09:47:16.997650+05:30,2026-08-09T13:47:16.997650+05:30,,recovered,auto_retry,1343300,+917788864516,rahul.singh564@rediffmail.com,,,,,,13433.0,13433.0
ab7e08a6-e2c8-4fb3-ba3a-74a277f3b792,mandate,pay_kOeiYVxs802q5A,order_iUVMlrnDA3nwUb,,token_m9tBZE3UX7Vmtc,cust_5Jjk8k0lOv3PlC,247400,INR,card,rupay,BAD_REQUEST_ERROR,gateway,payment_authorization,insufficient_funds,Your payment could not be completed due to insufficient account balance.,soft,,3,3,2026-08-09T09:59:34.997650+05:30,2026-09-08T10:59:34.997650+05:30,,recovered,auto_retry,247400,+917766999705,vikram.dey997@outlook.com,,,,,,2474.0,2474.0
b20e0483-36a8-431c-b5b6-033d47263f40,mandate,pay_F4TCaUb06H2OXA,order_Y3ZpUIN9N3O5Ib,,token_Ih2S6DLPQCVMct,cust_kTWOGQbqHwSf6l,1040800,INR,card,rupay,BAD_REQUEST_ERROR,customer,payment_authentication,payment_timed_out,Your payment could not be completed due to a temporary issue. Try again later.,soft,,3,3,2026-08-09T10:05:13.997650+05:30,2026-09-08T15:05:13.997650+05:30,,escalated,voice,0,+917788309449,pooja.mishra568@gmail.com,,,,,,10408.0,0.0
b8c16174-eb5e-4c9c-8c2b-e2b778b9370d,subscription,pay_OJMzrTZbnAJTNF,order_bDbgsHXVQbhMEa,sub_7Qp44uwurAar9S,token_UBVowFtg5rv4zj,cust_01qCDT5P1wBeil,300100,INR,upi,,BAD_REQUEST_ERROR,customer,payment_initiation,incorrect_cvv,Incorrect CVV entered.,soft,halted,3,3,2026-08-09T10:20:40.997650+05:30,2026-09-03T14:20:40.997650+05:30,,escalated,voice,0,+917766926854,ishaan.agarwal239@gmail.com,,,,,,3001.0,0.0
ed50f1f1-c306-4c86-a6f0-3241f7d483dc,mandate,pay_FR2izMT9iXt8VG,order_KKKHjZX3Q0xVRo,,token_frIUnRonUltu2s,cust_dvGY4eATv0sY2B,818100,INR,wallet,,BAD_REQUEST_ERROR,issuer_bank,payment_authorization,debit_instrument_blocked,Your card is blocked. Please contact your bank.,hard,,0,0,2026-08-09T10:25:19.997650+05:30,2026-08-09T10:25:19.997650+05:30,,closed,manual,0,+919900934905,aditi.iyer646@rediffmail.com,,,,,,8181.0,0.0
43f474d2-24b9-4add-93b0-14ceaa65c5b9,mandate,pay_22w6rLpNpwnnlj,order_A6nxfnLQiLCt2p,,token_6lGCtPlqTjpKSN,cust_Mh8xoUnGLVQ9Hd,2849500,INR,upi,,GATEWAY_ERROR,gateway,payment_authentication,authentication_failed,Payment could not be completed due to incorrect OTP or verification details.,soft,,3,3,2026-08-09T10:52:24.997650+05:30,2026-09-09T12:52:24.997650+05:30,,escalated,voice,0,+918899181169,aditya.sharma732@hotmail.com,,,,,,28495.0,0.0
3d2eeec8-e7bb-464c-942b-010831d82462,checkout_drop_off,pay_ocUCyAgJL2JNVn,order_Y03yL07ENwfX9O,,,cust_ELdgppQFDoXg86,290700,INR,card,visa,CHECKOUT_DROP_OFF,customer,checkout_funnel,preferred_bank_missing,Abandoned at payment_method_selected: preferred_bank_missing,soft,,0,3,2026-08-09T11:11:15.997650+05:30,2026-08-09T11:11:15.997650+05:30,,closed,payment_link,0,+919988925042,rohan.banerjee555@rediffmail.com,,,,,payment_method_selected,2907.0,0.0
c2979a00-bd7d-44b9-9dfb-e4e9102eba9c,b2b_receivable,,order_Tf9qpPWhJ2xfA4,,,cust_0dQlP5xMRSW8Ru,8000000,INR,netbanking,,INVOICE_PAYMENT_OVERDUE,corporate_buyer,accounts_payable_settlement,invoice_overdue_31_60_days,Corporate invoice overdue by 38 days (31_60_days).,soft,,0,3,2026-08-09T11:15:09.997650+05:30,2026-08-09T11:15:09.997650+05:30,,recovered,voice,8000000,+918877557099,ap@sigma.com,inv_CzAiKRCMD0Pacv,Sigma Heavy Equipment Ltd,06BCDEE4283U9ZN,31_60_days,,80000.0,80000.0
b1768d6d-a019-4fb3-b81b-9aa9fe09aefb,subscription,pay_1uDG6njakKW4Pw,order_LUCs7ViCstIKuB,sub_MoenoKKq2qFgZ3,token_g7OmdrmXEC1iDV,cust_8BDo4fX5fv53NA,2859600,INR,netbanking,,BAD_REQUEST_ERROR,issuer_bank,payment_authorization,card_disabled_for_online_payments,Your card is disabled for online payments.,hard,pending,0,0,2026-08-09T11:17:11.997650+05:30,2026-08-09T11:17:11.997650+05:30,,closed,manual,0,+919123032489,kavita.sharma55@gmail.com,,,,,,28596.0,0.0
ab5049de-de08-4dce-b6f3-da7a32c6da73,subscription,pay_FRBqViZyHJjWHr,order_QWK4l58S8o8WZR,sub_aLFlmvRSxg3Zs7,token_SgPIQB5aU1DIsO,cust_6xSx739XBZCZzQ,19900,INR,card,amex,GATEWAY_ERROR,gateway,payment_authorization,gateway_technical_error,Payment did not go through due to a temporary issue.,technical,halted,3,3,2026-08-09T11:44:29.997650+05:30,2026-09-03T11:44:29.997650+05:30,,escalated,voice,0,+918877086704,priya.dey630@outlook.com,,,,,,199.0,0.0
55b6dcfc-609c-4964-a64d-4bcbcc41e834,b2b_receivable,,order_auLC3zRDS3EQWh,,,cust_CxFtbwtJfTdKH5,19700000,INR,netbanking,,INVOICE_PAYMENT_OVERDUE,corporate_buyer,accounts_payable_settlement,invoice_overdue_1_15_days,Corporate invoice overdue by 13 days (1_15_days).,soft,,0,3,2026-08-09T12:02:46.997650+05:30,2026-08-09T12:02:46.997650+05:30,,recovered,email,19700000,+919900973898,ap@finmatrix.com,inv_KHZ1MJCx8XL92u,FinMatrix Consulting Pvt Ltd,07ABADC1123N9Z5,1_15_days,,197000.0,197000.0
a9191381-856e-4641-a49c-8fe32e40ccc6,checkout_drop_off,,order_FjPl35r64tKRL7,,,cust_TAV5hK0pSYgsU8,212200,INR,card,visa,CHECKOUT_DROP_OFF,customer,checkout_funnel,delivery_time_too_long,Abandoned at address_submitted: delivery_time_too_long,soft,,0,3,2026-08-09T13:14:15.997650+05:30,2026-08-09T13:14:15.997650+05:30,,closed,payment_link,0,+919123104762,rohan.shah376@yahoo.co.in,,,,,address_submitted,2122.0,0.0
0c3874bb-bab5-4c8b-863d-ad8a17803444,payment,pay_B0DwpS8Si3nVzZ,order_30JzQm7TiT1frI,,,cust_BpEkJoporydGbu,318700,INR,card,mastercard,BAD_REQUEST_ERROR,issuer_bank,payment_authorization,card_expired,Your card has expired. Please use another card.,hard,,0,0,2026-08-09T14:00:04.997650+05:30,2026-08-09T14:00:04.997650+05:30,,closed,manual,0,+917788879565,pradeep.singh297@outlook.com,,,,,,3187.0,0.0
5640fcc3-1cf7-43b0-8fbc-2efb5d2be772,checkout_drop_off,,order_2iNY67TbAK5Gkf,,,cust_OyKMXZVcgtXgtI,478900,INR,upi,rupay,CHECKOUT_DROP_OFF,customer,checkout_funnel,price_comparison_pause,Abandoned at cart_abandoned: price_comparison_pause,soft,,0,3,2026-08-09T15:24:55.997650+05:30,2026-08-09T15:24:55.997650+05:30,,closed,payment_link,0,+918899820006,aadhya.pillai104@outlook.com,,,,,cart_abandoned,4789.0,0.0
b6acc143-24d4-4468-9091-4acc438632b2,payment,pay_ZbHyEw7n5GhsKT,order_fALUA0ketBWFJE,,,cust_BA6JmGVlQv9zJu,1047200,INR,upi,,GATEWAY_ERROR,gateway,payment_authentication,authentication_failed,Payment could not be completed due to incorrect OTP or verification details.,soft,,3,3,2026-08-09T15:46:35.997650+05:30,2026-09-11T12:46:35.997650+05:30,,escalated,voice,0,+919900268610,saanvi.joshi951@hotmail.com,,,,,,10472.0,0.0
c82cdfd1-c9d5-43c9-a2ec-4a41c869c7cb,b2b_receivable,,order_7IUIyyC8BbQBG0,,,cust_kLC620ssaS3Kzb,8600000,INR,netbanking,,INVOICE_PAYMENT_OVERDUE,corporate_buyer,accounts_payable_settlement,invoice_overdue_16_30_days,Corporate invoice overdue by 29 days (16_30_days).,soft,,0,3,2026-08-09T16:17:37.997650+05:30,2026-08-09T16:17:37.997650+05:30,,closed,email,0,+919876673836,ap@bharat.com,inv_6ctLjLVFcIoSyW,Bharat Infra Projects Ltd,27BBEDB1279K8Z9,16_30_days,,86000.0,0.0
ee756c51-8031-449d-a3fa-603f510cca5a,payment,pay_rCuVaW7obK4zFc,order_HfMHQeBLESR4LC,,,cust_aAWoOFD970Sle1,1676700,INR,upi,,BAD_REQUEST_ERROR,gateway,payment_authorization,insufficient_funds,Your payment could not be completed due to insufficient account balance.,soft,,2,3,2026-08-09T17:56:09.997650+05:30,2026-09-01T10:56:09.997650+05:30,,recovered,auto_retry,1676700,+918899025497,aditya.chauhan703@yahoo.co.in,,,,,,16767.0,16767.0
e9f937d9-7ea8-4d94-b16e-61c3d30255a5,subscription,pay_8QEuKg9ikTedr9,order_xL0KN47mMWjYov,sub_V49zSFgOl0w6sv,token_bzGmA83GRWC9Yk,cust_vjMdeStsnoKP7j,24500,INR,upi,,BAD_REQUEST_ERROR,gateway,payment_authorization,insufficient_funds,Your payment could not be completed due to insufficient account balance.,soft,active,1,3,2026-08-09T18:40:39.997650+05:30,2026-08-13T10:40:39.997650+05:30,,recovered,auto_retry,24500,+919900340188,priya.sharma584@outlook.com,,,,,,245.0,245.0
e40d3ea0-4392-4aa8-a0af-2e796926b44d,payment,pay_OohalN1wPxKbf9,order_NgEcDqRArSEKjJ,,,cust_GsHQvdY9fvagTU,440300,INR,upi,,GATEWAY_ERROR,issuer_bank,payment_authorization,bank_technical_error,Bank downtime. Please try again later.,technical,,1,3,2026-08-09T19:19:00.997650+05:30,2026-08-12T10:19:00.997650+05:30,,recovered,auto_retry,440300,+919900053139,nisha.dey775@rediffmail.com,,,,,,4403.0,4403.0
ee3a196d-e8fe-4bf6-a1e9-7b77b68bab73,checkout_drop_off,,order_NjXRTLppfUQCt5,,,cust_vQqLAtb2G7TZvj,240900,INR,upi,visa,CHECKOUT_DROP_OFF,customer,checkout_funnel,price_comparison_pause,Abandoned at cart_abandoned: price_comparison_pause,soft,,0,3,2026-08-09T19:22:36.997650+05:30,2026-08-09T19:22:36.997650+05:30,,closed,payment_link,0,+919900902962,suresh.mukherjee367@gmail.com,,,,,cart_abandoned,2409.0,0.0
a5a6fa12-33bb-4b93-82c9-bdcd9cbf6335,payment,pay_AZsEVj5a6Hzb2Q,order_ICv1bc4WZoidei,,,cust_Gx4t3nx0akTWqp,136000,INR,card,visa,BAD_REQUEST_ERROR,customer,payment_initiation,incorrect_cvv,Incorrect CVV entered.,soft,,3,3,2026-08-09T19:55:13.997650+05:30,2026-08-29T16:55:13.997650+05:30,,escalated,voice,0,+918899535669,reyansh.iyer999@gmail.com,,,,,,1360.0,0.0
bc4d81f5-d412-409f-bff4-f0ff8dd7a7a4,payment,pay_cnt9f9LHMjSrqk,order_TRW4EdSqhQiFag,,,cust_HCfpf79c1fPQjt,119400,INR,upi,,BAD_REQUEST_ERROR,customer,payment_initiation,card_number_invalid,You have entered an incorrect card number. Try again.,hard,,0,0,2026-08-09T20:01:16.997650+05:30,2026-08-09T20:01:16.997650+05:30,,closed,manual,0,+919988559636,vihaan.thakur148@yahoo.co.in,,,,,,1194.0,0.0
66eccd7e-7bd0-4235-b6e2-badbcb38807c,payment,pay_BpL2UY1Ktk3tIN,order_AtlNTY9aQ4tw0q,,,cust_qvsQjSw4wBc0JE,1401100,INR,card,visa,GATEWAY_ERROR,gateway,payment_authorization,gateway_technical_error,Payment did not go through due to a temporary issue.,technical,,4,3,2026-08-09T20:55:54.997650+05:30,2026-08-30T16:55:54.997650+05:30,,escalated,voice,0,+919123232554,rajesh.patel662@yahoo.co.in,,,,,,14011.0,0.0
0c732f88-890f-463e-9b4e-3bb25b424d4c,checkout_drop_off,,order_YZbwJ1vsLXNCbS,,,cust_taKH3FQ6mN3yhA,164100,INR,card,visa,CHECKOUT_DROP_OFF,customer,checkout_funnel,delivery_time_too_long,Abandoned at address_submitted: delivery_time_too_long,soft,,0,3,2026-08-09T21:47:49.997650+05:30,2026-08-09T21:47:49.997650+05:30,,closed,payment_link,0,+919123043213,saanvi.singh753@rediffmail.com,,,,,address_submitted,1641.0,0.0
314b9c69-8905-4adc-9ea2-f55096ab5e19,payment,pay_CD8Y379fZvpc4u,order_tjBnha4W0obCNT,,,cust_hF5AdVslDO6B8b,78000,INR,upi,,BAD_REQUEST_ERROR,gateway,payment_authorization,insufficient_funds,Your payment could not be completed due to insufficient account balance.,soft,,3,3,2026-08-09T22:27:54.997650+05:30,2026-08-22T13:27:54.997650+05:30,,escalated,voice,0,+917788292543,rahul.agarwal755@outlook.com,,,,,,780.0,0.0
7f9cebe3-b39b-4b31-bcaf-509eede01922,checkout_drop_off,pay_nws1WvozTIFwti,order_GDS5ke2BX8FiCC,,,cust_sJePlz63CrefUq,162600,INR,upi,rupay,CHECKOUT_DROP_OFF,customer,checkout_funnel,3ds_auth_cancelled,Abandoned at otp_abandoned: 3ds_auth_cancelled,soft,,0,3,2026-08-09T22:42:56.997650+05:30,2026-08-09T22:42:56.997650+05:30,,closed,payment_link,0,+917788967453,kiara.shah238@gmail.com,,,,,otp_abandoned,1626.0,0.0
b04415e3-12cc-4489-bdca-379b4606a38a,payment,pay_RBhGMsVU5MAD0d,order_w1dl7MKKgSxBPM,,,cust_kKfzaYJAij4BJM,62300,INR,card,mastercard,BAD_REQUEST_ERROR,issuer_bank,payment_authorization,transaction_limit_exceeded,Maximum transaction limit exceeded for the day.,soft,,3,3,2026-08-09T23:35:15.997650+05:30,2026-09-09T14:35:15.997650+05:30,,escalated,voice,0,+919123797341,aadhya.yadav358@hotmail.com,,,,,,623.0,0.0
dd760f61-f6fc-4773-9f81-fa12ba01254a,mandate,pay_oXbIhParPyZPDS,order_Vj97W9cGq7mkeA,,token_yTH7KXF0hpYopR,cust_N2xTxZnsOlPVsn,641800,INR,card,mastercard,BAD_REQUEST_ERROR,gateway,payment_authorization,insufficient_funds,Your payment could not be completed due to insufficient account balance.,soft,,2,3,2026-08-10T04:05:03.997650+05:30,2026-08-21T10:05:03.997650+05:30,,recovered,auto_retry,641800,+919900897203,aarav.iyer836@hotmail.com,,,,,,6418.0,6418.0
ba1395d7-be3d-4d6f-8da8-46e4852be063,subscription,pay_xmNLgnU6bUHBJU,order_us8iwe2dUulRAu,sub_JEOOfxKbcrSlpv,token_GFkTWif0T1kHco,cust_kmdEh595cbJZCW,547700,INR,wallet,,BAD_REQUEST_ERROR,gateway,payment_authorization,insufficient_funds,Your payment could not be completed due to insufficient account balance.,soft,active,1,3,2026-08-10T05:37:04.997650+05:30,2026-09-02T10:37:04.997650+05:30,,recovered,auto_retry,547700,+918877178907,isha.reddy658@gmail.com,,,,,,5477.0,5477.0
ede452ce-5c60-48f2-a967-1b9bc877727d,subscription,pay_5l2CNoXNLBsYXD,order_xqw2PuolbEqMR6,sub_MwxAMxxzMbyRHi,token_r3TlCVhTW2ly5c,cust_GIlTbE11KWIlZS,57400,INR,upi,,BAD_REQUEST_ERROR,issuer_bank,payment_authorization,debit_instrument_inactive,Your card is currently inactive.,technical,halted,3,3,2026-08-10T05:55:22.997650+05:30,2026-08-15T14:55:22.997650+05:30,,escalated,voice,0,+918877038866,vihaan.das162@outlook.com,,,,,,574.0,0.0
a2d28951-5949-4d58-9550-6252a5424b2a,subscription,pay_S31iT9PmG9tLoD,order_nBIWNkeKQiFJ73,sub_hACEVeTxctBswm,token_uH1Rwgu3VsAssJ,cust_tNije3cQEb1z7K,87700,INR,card,rupay,BAD_REQUEST_ERROR,gateway,payment_authorization,insufficient_funds,Your payment could not be completed due to insufficient account balance.,soft,halted,3,3,2026-08-10T06:09:12.997650+05:30,2026-08-19T14:09:12.997650+05:30,,escalated,voice,0,+917766220710,reyansh.yadav786@hotmail.com,,,,,,877.0,0.0
d15d320f-d5d8-475c-882c-8b2b63e595a2,subscription,pay_OREddUW2Pcetge,order_R0TyFSprvWIDEE,sub_r9ueBh01cMngoH,token_dZYFyhW8GZcFji,cust_xPk1VM1ZSttZjm,30400,INR,card,visa,BAD_REQUEST_ERROR,gateway,payment_authorization,insufficient_funds,Your payment could not be completed due to insufficient account balance.,soft,active,2,3,2026-08-10T06:14:45.997650+05:30,2026-09-08T10:14:45.997650+05:30,,recovered,auto_retry,30400,+918877817019,aadhya.mukherjee285@hotmail.com,,,,,,304.0,304.0
cb6c7a02-d857-488d-8c67-f749ad69c247,subscription,pay_d1XExxbOh7hWOM,order_6erQCAwXsB1Ggn,sub_aVwLSdK2oEoExq,token_IaIUfwU68stmyj,cust_JjriQcvLfxIITI,3571800,INR,wallet,,BAD_REQUEST_ERROR,customer,payment_authentication,payment_timed_out,Your payment could not be completed due to a temporary issue. Try again later.,soft,halted,3,3,2026-08-10T06:31:24.997650+05:30,2026-09-04T14:31:24.997650+05:30,,escalated,voice,0,+917766245265,aarav.ghosh827@rediffmail.com,,,,,,35718.0,0.0
d24bcdec-afa9-4621-9c20-3c4cdd727a87,subscription,pay_DxrUbmwc3UwGpC,order_mAGrcdIOSTm1Nj,sub_AZFf4pPVdZzzET,token_V1DxDD4Tuq46kS,cust_A4lWgpPEMeOr6O,86500,INR,upi,,GATEWAY_ERROR,gateway,payment_authorization,gateway_technical_error,Payment did not go through due to a temporary issue.,technical,active,3,3,2026-08-10T07:45:43.997650+05:30,2026-08-31T05:45:43.997650+05:30,,recovered,sms,86500,+917766531134,arjun.pillai450@gmail.com,,,,,,865.0,865.0
dcd1405a-cf79-4ff1-ab0e-427c4f6c2848,subscription,pay_8pfOmhgfo5JUCj,order_N1rFf3GLvlNUVC,sub_uyU5oAqASuzz90,token_JNb51OjjrKQTg7,cust_84PWv1CzPzrlQz,956400,INR,upi,,BAD_REQUEST_ERROR,gateway,payment_authorization,insufficient_funds,Your payment could not be completed due to insufficient account balance.,soft,active,3,3,2026-08-10T07:59:35.997650+05:30,2026-09-10T19:59:35.997650+05:30,,recovered,sms,956400,+919988733072,aditi.dey419@gmail.com,,,,,,9564.0,9564.0
87d279b7-3cae-499d-8f8e-a63f8c8c3896,subscription,pay_gpqchgnm1wmDZj,order_n9ayzZzYmV3slG,sub_kXC9gO3JVVxMAs,token_msfzyl4fQ6XY6O,cust_fK7bcGjV8VyO9o,1856200,INR,card,visa,BAD_REQUEST_ERROR,gateway,payment_authorization,insufficient_funds,Your payment could not be completed due to insufficient account balance.,soft,active,1,3,2026-08-10T10:04:38.997650+05:30,2026-09-03T10:04:38.997650+05:30,,recovered,auto_retry,1856200,+919900154206,vikram.agarwal427@gmail.com,,,,,,18562.0,18562.0
bac0078d-f0f8-4ec4-94ca-50baec8fead3,b2b_receivable,,order_xezMR5y2bqu2I1,,,cust_cRByrTX5owxQ5s,6300000,INR,netbanking,,INVOICE_PAYMENT_OVERDUE,corporate_buyer,accounts_payable_settlement,invoice_overdue_1_15_days,Corporate invoice overdue by 10 days (1_15_days).,soft,,0,3,2026-08-10T10:30:06.997650+05:30,2026-08-10T10:30:06.997650+05:30,,closed,email,0,+919900220539,ap@aura.com,inv_nXrYdkRZlHjkwL,Aura Consumer Goods Pvt Ltd,29BABEE0540U9Z5,1_15_days,,63000.0,0.0
8f04dfc9-019f-400c-843d-a55f06cfd186,subscription,pay_r0rljW7zbDsFib,order_gV1fEk02jhn9lV,sub_aRObmhAv9o1vuz,token_krLOakkpjnOuTs,cust_qpDgnztFO2j6Cj,135800,INR,upi,,BAD_REQUEST_ERROR,issuer_bank,payment_authorization,transaction_limit_exceeded,Maximum transaction limit exceeded for the day.,soft,halted,3,3,2026-08-10T10:30:27.997650+05:30,2026-09-03T12:30:27.997650+05:30,,escalated,voice,0,+919123273000,suresh.yadav334@yahoo.co.in,,,,,,1358.0,0.0
31fc77c6-2c67-49fe-a88b-2a1b9f3cff70,b2b_receivable,,order_3wmisCpYG5OdFV,,,cust_ZCgzZ3WrxwFDYH,8500000,INR,netbanking,,INVOICE_PAYMENT_OVERDUE,corporate_buyer,accounts_payable_settlement,invoice_overdue_31_60_days,Corporate invoice overdue by 38 days (31_60_days).,soft,,0,3,2026-08-10T10:31:17.997650+05:30,2026-08-10T10:31:17.997650+05:30,,recovered,voice,8500000,+919988074922,ap@finmatrix.com,inv_udlaGySFlrupkL,FinMatrix Consulting Pvt Ltd,07DEDCE3946Q8ZJ,31_60_days,,85000.0,85000.0
58f7bb4e-b476-401e-9532-ef6d2ad1ff5c,subscription,pay_Sw7lfez7Vc00Bl,order_pIZXFzxqqnv7xV,sub_rO67CdZnMBDvWa,token_iw9T6DPgIYdrOH,cust_AesabXO0NFDS22,115700,INR,netbanking,,BAD_REQUEST_ERROR,gateway,payment_authorization,insufficient_funds,Your payment could not be completed due to insufficient account balance.,soft,active,3,3,2026-08-10T10:33:17.997650+05:30,2026-08-19T05:33:17.997650+05:30,,recovered,sms,115700,+917766854692,rohan.bose50@yahoo.co.in,,,,,,1157.0,1157.0
fada6800-77ce-4b95-a4ed-eb5296797826,subscription,pay_FjZxA0W5nhxIi1,order_PrQogPRER4S8nr,sub_0uIUKK1gOlIMwi,token_MgbT7wndxjFSWm,cust_34sCQxp1U0NFR8,868200,INR,emandate,,GATEWAY_ERROR,gateway,payment_authorization,gateway_technical_error,Payment did not go through due to a temporary issue.,technical,halted,3,3,2026-08-10T10:40:11.997650+05:30,2026-08-16T11:40:11.997650+05:30,,escalated,voice,0,+919900863112,aanya.singh337@hotmail.com,,,,,,8682.0,0.0
aa1420c0-4b4e-4e8c-bd4e-c92bcf772cd8,b2b_receivable,,order_4IRNmlhrhP2P0e,,,cust_8IwuWIfgqDHNy8,5400000,INR,netbanking,,INVOICE_PAYMENT_OVERDUE,corporate_buyer,accounts_payable_settlement,invoice_overdue_16_30_days,Corporate invoice overdue by 26 days (16_30_days).,soft,,0,3,2026-08-10T10:41:48.997650+05:30,2026-08-10T10:41:48.997650+05:30,,recovered,email,5400000,+919123110119,ap@hyperion.com,inv_6ouxxH7IajfSZa,Hyperion Telecom Services LLP,19CBCDB5501J4ZI,16_30_days,,54000.0,54000.0
1ddabd0f-6a17-491b-ba10-ef6333718f56,subscription,pay_VEsDrxwNfjeCp1,order_kKD4cCvdN8gdu3,sub_2Rjf0pWMED5QBV,token_H3JqB82iyC3Hwx,cust_kbXBlZjfygT9Y9,1485100,INR,netbanking,,BAD_REQUEST_ERROR,gateway,payment_authorization,insufficient_funds,Your payment could not be completed due to insufficient account balance.,soft,halted,3,3,2026-08-10T10:42:39.997650+05:30,2026-09-08T15:42:39.997650+05:30,,escalated,voice,0,+919988825541,kiara.agarwal832@gmail.com,,,,,,14851.0,0.0
b0fd2eee-5d07-4601-bf43-c3ddda257ccc,payment,pay_zNTzFkLpMmNQbS,order_vS5lmDyLPRZekR,,,cust_j6WK5EpkDvEbMo,329500,INR,card,rupay,BAD_REQUEST_ERROR,customer,payment_authentication,payment_cancelled,Your payment has been cancelled.,soft,,3,3,2026-08-10T11:20:01.997650+05:30,2026-08-27T15:20:01.997650+05:30,,escalated,voice,0,+919876688285,priya.nair933@gmail.com,,,,,,3295.0,0.0
f41eb00e-5804-4e8f-b71b-5cd1727f106b,mandate,pay_mhNMqqu630wiJg,order_ItB764eCsgQbuU,,token_NHq3RdfVLlxDU6,cust_uePWSt2zDFp35B,69500,INR,card,mastercard,GATEWAY_ERROR,gateway,payment_authorization,gateway_technical_error,Payment did not go through due to a temporary issue.,technical,,4,3,2026-08-10T11:31:53.997650+05:30,2026-09-12T14:31:53.997650+05:30,,escalated,voice,0,+918877290944,aanya.roy257@gmail.com,,,,,,695.0,0.0
6c4b0f2c-56df-434d-9784-94f8b22caf7f,subscription,pay_0iwPkYOgLnmRK1,order_HanKLt4uLpKL16,sub_R0BYm8DoCS81pB,token_Q8TQukfgz7dLjL,cust_ho94jinoIBqB4l,15200,INR,netbanking,,BAD_REQUEST_ERROR,issuer_bank,payment_authorization,transaction_limit_exceeded,Maximum transaction limit exceeded for the day.,soft,active,3,3,2026-08-10T11:35:25.997650+05:30,2026-09-10T02:35:25.997650+05:30,,recovered,sms,15200,+919988317509,krishna.patel943@gmail.com,,,,,,152.0,152.0
44e6c692-2666-4ae7-82ae-66ddd6750605,subscription,pay_UpjkBr2Ypm1gXG,order_xgc2KxSdTxKPrA,sub_BdNqlXdhVmJDjk,token_YID5hcr9gVJ6Vt,cust_7brGBElTEOq5ja,380200,INR,upi,,BAD_REQUEST_ERROR,issuer_bank,card_enrollment_check,card_not_enrolled,Your card is not enabled for online payments.,hard,pending,0,0,2026-08-10T11:38:45.997650+05:30,2026-08-10T11:38:45.997650+05:30,,closed,manual,0,+917766789964,meera.das102@yahoo.co.in,,,,,,3802.0,0.0
8cb3d530-5efb-4304-a450-315dde1b63e9,subscription,pay_Qnc4PjFf0GQ5TR,order_uM462plwcxmU8s,sub_rNZ5ZFJOhzsKd5,token_iGQQQrP073gsnv,cust_ZtG9ybWwAvOMlw,481700,INR,upi,,BAD_REQUEST_ERROR,customer,payment_authentication,payment_timed_out,Your payment could not be completed due to a temporary issue. Try again later.,soft,active,2,3,2026-08-10T11:46:17.997650+05:30,2026-08-15T10:46:17.997650+05:30,,recovered,auto_retry,481700,+919876813324,kavita.thakur837@gmail.com,,,,,,4817.0,4817.0
d6e0415e-34c7-4d5d-9f34-ac178dc9e6d5,payment,pay_iJ6kE7LQjjQwur,order_a6XXVqZizfLgG8,,,cust_tIURVBtf3bBi3r,2946600,INR,upi,,BAD_REQUEST_ERROR,issuer_bank,payment_authorization,card_expired,Your card has expired. Please use another card.,hard,,0,0,2026-08-10T12:14:47.997650+05:30,2026-08-10T12:14:47.997650+05:30,,closed,manual,0,+919123849434,rajesh.chauhan470@outlook.com,,,,,,29466.0,0.0
64f1b002-3b53-45a8-85c1-5f93a62fabbc,checkout_drop_off,pay_CKOYMGqwmz1Lsa,order_sS4qHxziyKD43V,,,cust_bfSZbRAR7NhHvY,280500,INR,card,visa,CHECKOUT_DROP_OFF,customer,checkout_funnel,upi_intent_app_switch_failed,Abandoned at payment_method_selected: upi_intent_app_switch_failed,soft,,0,3,2026-08-10T12:29:00.997650+05:30,2026-08-10T12:29:00.997650+05:30,,closed,payment_link,0,+919900722320,ayaan.roy305@rediffmail.com,,,,,payment_method_selected,2805.0,0.0
66c61e16-3bba-406a-90bc-59688f9c0c60,checkout_drop_off,,order_Zp5iHkBksVEvXG,,,cust_cDOwDd687fOHVq,184200,INR,upi,rupay,CHECKOUT_DROP_OFF,customer,checkout_funnel,price_comparison_pause,Abandoned at cart_abandoned: price_comparison_pause,soft,,0,3,2026-08-10T12:33:31.997650+05:30,2026-08-10T12:33:31.997650+05:30,,recovered,payment_link,184200,+919876194104,diya.reddy72@outlook.com,,,,,cart_abandoned,1842.0,1842.0
067c2111-b3c1-49c5-86c3-22708b2f7d37,payment,pay_Vb54vSnWRdp6vO,order_1q4vZE4dHqoUkE,,,cust_WsPabj0VbGAECS,421900,INR,card,diners,BAD_REQUEST_ERROR,customer,payment_initiation,card_number_invalid,You have entered an incorrect card number. Try again.,hard,,0,0,2026-08-10T12:33:47.997650+05:30,2026-08-10T12:33:47.997650+05:30,,closed,manual,0,+917766158477,isha.joshi525@rediffmail.com,,,,,,4219.0,0.0
8af4c61e-ba98-4e5e-8744-0b3cd07f0caa,b2b_receivable,,order_QkD4u4K1uWLAWb,,,cust_hczVaLgwFJjat9,9900000,INR,netbanking,,INVOICE_PAYMENT_OVERDUE,corporate_buyer,accounts_payable_settlement,invoice_overdue_16_30_days,Corporate invoice overdue by 17 days (16_30_days).,soft,,0,3,2026-08-10T13:01:35.997650+05:30,2026-08-10T13:01:35.997650+05:30,,closed,email,0,+919123652201,ap@vanguard.com,inv_zVU5tyvWdC9zQR,Vanguard Chemical Industries Ltd,29DCEDB6458C9ZF,16_30_days,,99000.0,0.0
fdf992af-dfbf-44dc-bb93-cf608aaa2578,payment,pay_Jh6sAAZFqkhqMo,order_9wDvIcm6xCPoa9,,,cust_l9sNkEp30a8f28,345400,INR,card,amex,BAD_REQUEST_ERROR,gateway,payment_authorization,insufficient_funds,Your payment could not be completed due to insufficient account balance.,soft,,1,3,2026-08-10T13:23:05.997650+05:30,2026-09-03T10:23:05.997650+05:30,,recovered,auto_retry,345400,+919988960049,vikram.dey175@gmail.com,,,,,,3454.0,3454.0
2ac349f1-f3c1-4b32-ac5e-f868223c2f05,payment,pay_iXiKmu4AD4GrHu,order_ciI9SE4g9Y56h1,,,cust_tFzN4TeZrGoQjC,43900,INR,card,mastercard,BAD_REQUEST_ERROR,customer,payment_initiation,incorrect_cvv,Incorrect CVV entered.,soft,,1,3,2026-08-10T13:29:07.997650+05:30,2026-09-05T10:29:07.997650+05:30,,recovered,auto_retry,43900,+917788599794,aditi.chauhan479@hotmail.com,,,,,,439.0,439.0
584cbd4c-9430-4275-9875-17cd916d63c7,payment,pay_JghtX70uSFCJGN,order_aQfUMmClk73tal,,,cust_JgFJntS0avHzCb,2791400,INR,upi,,BAD_REQUEST_ERROR,issuer_bank,payment_authorization,transaction_limit_exceeded,Maximum transaction limit exceeded for the day.,soft,,3,3,2026-08-10T14:33:39.997650+05:30,2026-09-09T10:33:39.997650+05:30,,recovered,auto_retry,2791400,+919900625783,shreya.shah756@yahoo.co.in,,,,,,27914.0,27914.0
147c493b-221d-446d-99e9-837f26b541fb,b2b_receivable,,order_phzvLZkc7rbrKM,,,cust_gUv9A8SiUYt2mq,8200000,INR,netbanking,,INVOICE_PAYMENT_OVERDUE,corporate_buyer,accounts_payable_settlement,invoice_overdue_31_60_days,Corporate invoice overdue by 44 days (31_60_days).,soft,,0,3,2026-08-10T14:33:39.997650+05:30,2026-08-10T14:33:39.997650+05:30,,escalated,voice,0,+918899354461,ap@quantalytics.com,inv_rNjIZYRsmSJW5J,Quantalytics Data Systems LLP,06BCBEB6970M4ZA,31_60_days,,82000.0,0.0
ef078e65-2ddc-4870-9ddc-ecf532b5d2d0,b2b_receivable,,order_KjgIpsxjPOmGqS,,,cust_8SzNKflA7YvxLa,9100000,INR,netbanking,,INVOICE_PAYMENT_OVERDUE,corporate_buyer,accounts_payable_settlement,invoice_overdue_16_30_days,Corporate invoice overdue by 28 days (16_30_days).,soft,,0,3,2026-08-10T14:40:19.997650+05:30,2026-08-10T14:40:19.997650+05:30,,recovered,email,9100000,+919988071082,ap@trident.com,inv_QqF7Odt9Sku0q4,Trident Agro Exports Pvt Ltd,29BEBDE9183S9ZK,16_30_days,,91000.0,91000.0
6129284d-c63f-4266-b4d5-eb2923bfda93,payment,pay_YgN0kcHFLkqs3L,order_uwCUtvJlmgarS4,,,cust_BJT1fROxg9Sbud,41900,INR,wallet,,BAD_REQUEST_ERROR,gateway,payment_authorization,payment_failed,Payment was declined by the bank.,technical,,3,3,2026-08-10T14:41:09.997650+05:30,2026-09-03T10:41:09.997650+05:30,,recovered,auto_retry,41900,+919900983052,kavita.banerjee856@gmail.com,,,,,,419.0,419.0
8b94cb41-f04b-43a2-a5dd-910993766bb6,payment,pay_KeeOuDkUGXadc6,order_hfah5EVs0GtUMM,,,cust_69vwvNCqffLwvM,1259900,INR,netbanking,,GATEWAY_ERROR,gateway,payment_authorization,gateway_technical_error,Payment did not go through due to a temporary issue.,technical,,1,3,2026-08-10T14:47:03.997650+05:30,2026-08-12T10:47:03.997650+05:30,,recovered,auto_retry,1259900,+917788244783,sai.kumar755@hotmail.com,,,,,,12599.0,12599.0
822252ad-7d6e-49e2-b1a5-ab689715a879,b2b_receivable,,order_l5BvIs273I0gPB,,,cust_Uo5qtnoUAiexlK,12300000,INR,netbanking,,INVOICE_PAYMENT_OVERDUE,corporate_buyer,accounts_payable_settlement,invoice_overdue_31_60_days,Corporate invoice overdue by 51 days (31_60_days).,soft,,0,3,2026-08-10T14:49:49.997650+05:30,2026-08-10T14:49:49.997650+05:30,,escalated,voice,0,+919988804250,ap@vanguard.com,inv_LIJGw8IiDOOS7F,Vanguard Chemical Industries Ltd,33AACBE0105U5Z4,31_60_days,,123000.0,0.0
35c0b22d-bd24-4410-bbe3-7f03091417a0,subscription,pay_uDlXMAqtZaj3F5,order_GqokpgcdWvq3VN,sub_PVVJHWy8moFy5f,token_7n1xVeqEGSccUh,cust_PFshTueQggyZ2i,1075100,INR,upi,,BAD_REQUEST_ERROR,gateway,payment_authorization,payment_failed,Payment was declined by the bank.,technical,halted,3,3,2026-08-10T15:51:41.997650+05:30,2026-09-07T14:51:41.997650+05:30,,escalated,voice,0,+919123179251,aditya.iyer37@yahoo.co.in,,,,,,10751.0,0.0
dc8f8845-89c0-432d-be01-c061fa0bd970,b2b_receivable,,order_VgidlgDx7owLIn,,,cust_zxS3k0unOGfe2g,13200000,INR,netbanking,,INVOICE_PAYMENT_OVERDUE,corporate_buyer,accounts_payable_settlement,invoice_overdue_current,Corporate invoice overdue by 0 days (current).,soft,,0,3,2026-08-10T16:11:36.997650+05:30,2026-08-10T16:11:36.997650+05:30,,recovered,email,13200000,+918877761083,ap@aura.com,inv_bVrH49vP5xCgpS,Aura Consumer Goods Pvt Ltd,06ECBEC9016D8Z7,current,,132000.0,132000.0
051b5c62-b697-40f4-b12f-5ed7a7c9ead9,subscription,pay_th3UKZo0tRCfzu,order_DKpkJnPyQVlj02,sub_3SJV0kvxIhb2zx,token_xYRkuXtlFxWA1v,cust_D6ZhDuS84QnZ86,550500,INR,netbanking,,BAD_REQUEST_ERROR,gateway,payment_authorization,insufficient_funds,Your payment could not be completed due to insufficient account balance.,soft,active,1,3,2026-08-10T17:54:57.997650+05:30,2026-08-30T10:54:57.997650+05:30,,recovered,auto_retry,550500,+919876252237,aditya.agarwal854@hotmail.com,,,,,,5505.0,5505.0
b96b828f-e717-409a-8dd2-52d244604ebc,payment,pay_Eezh7oJiAUsAzF,order_juEg17z3uqxY7Y,,,cust_e1IL4ZYVO0ekoH,455600,INR,card,mastercard,GATEWAY_ERROR,issuer_bank,payment_authorization,bank_technical_error,Bank downtime. Please try again later.,technical,,1,3,2026-08-10T18:12:59.997650+05:30,2026-08-29T10:12:59.997650+05:30,,recovered,auto_retry,455600,+918899192754,suresh.gupta836@gmail.com,,,,,,4556.0,4556.0
7e12494b-a4e6-432c-8d8f-f33e8fec029f,subscription,pay_zbHERql4n0VFmX,order_wCMfm3BOEWeDtQ,sub_cnzhKqEuuQIUOn,token_tpT2PM7xzZqGSv,cust_UMN66WOhsVWtqE,235800,INR,upi,,BAD_REQUEST_ERROR,issuer_bank,payment_authorization,card_expired,Your card has expired. Please use another card.,hard,pending,0,0,2026-08-10T18:31:29.997650+05:30,2026-08-10T18:31:29.997650+05:30,,closed,manual,0,+918877471960,meera.yadav128@outlook.com,,,,,,2358.0,0.0
f7d50b8e-0e6a-486e-9e9e-3dfd6664a6a5,checkout_drop_off,,order_K1Ue6I2Xp2IeXh,,,cust_yTKt2ci198mOfY,151400,INR,upi,visa,CHECKOUT_DROP_OFF,customer,checkout_funnel,price_comparison_pause,Abandoned at cart_abandoned: price_comparison_pause,soft,,0,3,2026-08-10T20:14:23.997650+05:30,2026-08-10T20:14:23.997650+05:30,,closed,payment_link,0,+919123842106,kiara.bose796@yahoo.co.in,,,,,cart_abandoned,1514.0,0.0
1fd3d27a-b4b4-4d95-8284-c2e9348ec828,payment,pay_VAdQPuAIZfB6XC,order_jvhet9UARB2Jck,,,cust_T95IONNAKXXoPS,242600,INR,card,visa,BAD_REQUEST_ERROR,gateway,payment_authorization,insufficient_funds,Your payment could not be completed due to insufficient account balance.,soft,,3,3,2026-08-10T20:16:43.997650+05:30,2026-09-04T12:16:43.997650+05:30,,escalated,voice,0,+919876983145,vikram.mehta256@yahoo.co.in,,,,,,2426.0,0.0
83faeb91-0664-410c-bdf3-aa1f76b292a2,payment,pay_b04qcnspC6fpjF,order_sbSHPlBzQmoyhb,,,cust_P6Ja8wVZCxkdNk,19700,INR,netbanking,,BAD_REQUEST_ERROR,issuer_bank,payment_authorization,card_expired,Your card has expired. Please use another card.,hard,,0,0,2026-08-10T20:25:56.997650+05:30,2026-08-10T20:25:56.997650+05:30,,closed,manual,0,+919123265495,arjun.gupta451@yahoo.co.in,,,,,,197.0,0.0
78d04bee-bdef-4d2f-a249-e3b4cb1277aa,checkout_drop_off,,order_0UCPm5Xsq64SAm,,,cust_K2llUroNdHz2E6,227200,INR,card,visa,CHECKOUT_DROP_OFF,customer,checkout_funnel,address_form_friction,Abandoned at address_submitted: address_form_friction,soft,,0,3,2026-08-10T20:27:27.997650+05:30,2026-08-10T20:27:27.997650+05:30,,recovered,payment_link,227200,+919876918854,rohan.gupta315@yahoo.co.in,,,,,address_submitted,2272.0,2272.0
c27ca349-2f22-49f6-880f-12bb6f2c8381,payment,pay_rNWaLjtKNfpk02,order_Kc9CA1A2JE3rjR,,,cust_tq4TRFjj9swvfR,21700,INR,netbanking,,GATEWAY_ERROR,gateway,payment_authentication,authentication_failed,Payment could not be completed due to incorrect OTP or verification details.,soft,,3,3,2026-08-10T20:41:15.997650+05:30,2026-08-26T14:41:15.997650+05:30,,escalated,voice,0,+917788272081,priya.reddy459@outlook.com,,,,,,217.0,0.0
54fbd997-728d-4ff6-b880-e30c5e00f69e,payment,pay_vcaZils7YXAWlY,order_SnhAMYryguatHp,,,cust_2g4WKbVy5uv7v5,4994600,INR,upi,,BAD_REQUEST_ERROR,issuer_bank,payment_authorization,transaction_limit_exceeded,Maximum transaction limit exceeded for the day.,soft,,3,3,2026-08-10T20:41:35.997650+05:30,2026-08-27T12:41:35.997650+05:30,,escalated,voice,0,+919988165312,aadhya.mishra259@rediffmail.com,,,,,,49946.0,0.0
5b6d2b62-c1e4-43a0-87a3-3d918fbd09d3,checkout_drop_off,pay_t5orkTrk4EHwie,order_RHU4ZNZCbHJiKe,,,cust_lbHsGHUDFhQaTz,447300,INR,upi,visa,CHECKOUT_DROP_OFF,customer,checkout_funnel,preferred_bank_missing,Abandoned at payment_method_selected: preferred_bank_missing,soft,,0,3,2026-08-10T20:42:25.997650+05:30,2026-08-10T20:42:25.997650+05:30,,closed,payment_link,0,+918899542929,sai.mukherjee403@gmail.com,,,,,payment_method_selected,4473.0,0.0
ff5126e7-1533-423c-8e4e-fdeda6159331,checkout_drop_off,,order_IKeLvvrZYtx11h,,,cust_fvvvWVHVNuaU4a,385200,INR,card,visa,CHECKOUT_DROP_OFF,customer,checkout_funnel,delivery_time_too_long,Abandoned at address_submitted: delivery_time_too_long,soft,,0,3,2026-08-10T22:22:01.997650+05:30,2026-08-10T22:22:01.997650+05:30,,closed,payment_link,0,+919123621730,kiara.sharma556@rediffmail.com,,,,,address_submitted,3852.0,0.0
8810e2c4-a613-4d41-aaac-7be67810ec28,payment,pay_Vdx9rvx9zasmBx,order_XsoxU2tAzM42Rm,,,cust_7Ie6jrBQaBRDed,727400,INR,emandate,,BAD_REQUEST_ERROR,customer,payment_initiation,incorrect_cvv,Incorrect CVV entered.,soft,,3,3,2026-08-10T23:14:24.997650+05:30,2026-09-11T11:14:24.997650+05:30,,escalated,voice,0,+918877062480,vikram.mishra165@rediffmail.com,,,,,,7274.0,0.0
d592ed9e-b8e6-4109-be52-69199db3985d,checkout_drop_off,,order_BBdGTw5jyX3pSX,,,cust_I9kZ6BGO7dZskC,190300,INR,upi,visa,CHECKOUT_DROP_OFF,customer,checkout_funnel,price_comparison_pause,Abandoned at cart_abandoned: price_comparison_pause,soft,,0,3,2026-08-10T23:36:51.997650+05:30,2026-08-10T23:36:51.997650+05:30,,closed,payment_link,0,+919876380013,nisha.patel586@outlook.com,,,,,cart_abandoned,1903.0,0.0
4ef5be8a-8c06-4067-b0f6-3097d03a9a2c,checkout_drop_off,pay_1rrnco4q6RQmRX,order_y3EAwfcm34kysN,,,cust_jR6RIE3mtL0vFV,164400,INR,upi,rupay,CHECKOUT_DROP_OFF,customer,checkout_funnel,3ds_auth_cancelled,Abandoned at otp_abandoned: 3ds_auth_cancelled,soft,,0,3,2026-08-10T23:56:20.997650+05:30,2026-08-10T23:56:20.997650+05:30,,closed,payment_link,0,+919123843188,vivaan.joshi699@rediffmail.com,,,,,otp_abandoned,1644.0,0.0
5f0aceef-8b08-401f-acc9-163f17aa9b99,payment,pay_tBpc8mQQDibEfE,order_Y8HyLAShOpRTeT,,,cust_YcyZVXAX6lpag5,59100,INR,upi,,BAD_REQUEST_ERROR,issuer_bank,payment_authorization,card_disabled_for_online_payments,Your card is disabled for online payments.,hard,,0,0,2026-08-10T23:58:21.997650+05:30,2026-08-10T23:58:21.997650+05:30,,closed,manual,0,+917766220125,sanjay.das747@rediffmail.com,,,,,,591.0,0.0
07024e57-d037-474a-aa66-8d4bfe6e5355,mandate,pay_v3yThL3i8eTS7o,order_qNR8L7T01DeGzS,,token_EHrXgEp7HUL9Qo,cust_qErSMQvVx7V8u4,3032800,INR,upi,,BAD_REQUEST_ERROR,customer,payment_authentication,payment_cancelled,Your payment has been cancelled.,soft,,3,3,2026-08-11T04:12:39.997650+05:30,2026-09-04T16:12:39.997650+05:30,,recovered,sms,3032800,+919876396139,rahul.iyer865@hotmail.com,,,,,,30328.0,30328.0
84be74d6-8efe-41c9-a6c9-cc8c1ff188b7,mandate,pay_JVFi5nSKLkYrKg,order_omxAVSLZwulu9Y,,token_pbnMobyoZHu0OB,cust_eAQMzo2hAR7EMj,17800,INR,upi,,BAD_REQUEST_ERROR,issuer_bank,payment_authorization,transaction_limit_exceeded,Maximum transaction limit exceeded for the day.,soft,,3,3,2026-08-11T04:40:05.997650+05:30,2026-09-11T09:40:05.997650+05:30,,recovered,sms,17800,+918877963921,meera.joshi37@gmail.com,,,,,,178.0,178.0
7a7995ed-dc4d-4f68-ad27-8c9efc019e0d,mandate,pay_fbg4L9nCs23fc0,order_K6d9iXDmOWsZ0d,,token_reDJJ3yByUGWml,cust_pp9v9ECKFONCK9,252600,INR,wallet,,BAD_REQUEST_ERROR,issuer_bank,payment_authorization,card_expired,Your card has expired. Please use another card.,hard,,0,0,2026-08-11T05:03:12.997650+05:30,2026-08-11T05:03:12.997650+05:30,,closed,manual,0,+919876314502,sai.thakur250@hotmail.com,,,,,,2526.0,0.0
55e11ada-bce1-4137-9e00-df8902d1246b,subscription,pay_cJuzM3Ce6CJdja,order_ZaQ3n1BQVPhOTr,sub_6SfFpSBLVJzMbV,token_xOuwfuAOBnwFZG,cust_34GtRq8tMvonIs,2153400,INR,card,visa,GATEWAY_ERROR,gateway,payment_authentication,authentication_failed,Payment could not be completed due to incorrect OTP or verification details.,soft,active,2,3,2026-08-11T05:09:51.997650+05:30,2026-08-20T10:09:51.997650+05:30,,recovered,auto_retry,2153400,+918877502174,neha.banerjee886@hotmail.com,,,,,,21534.0,21534.0
d1c051af-d1a0-4e29-84ef-d535091f58ef,subscription,pay_O2raLPsaYAuj4a,order_uNIx9UbaciXbZe,sub_L1nPH7x0UPDUs3,token_5eE5nY1GyVPNLY,cust_a9Id2BYEtWE3I5,640600,INR,netbanking,,BAD_REQUEST_ERROR,customer,payment_authentication,payment_timed_out,Your payment could not be completed due to a temporary issue. Try again later.,soft,halted,3,3,2026-08-11T05:17:08.997650+05:30,2026-08-17T15:17:08.997650+05:30,,escalated,voice,0,+919123091714,sanjay.pillai180@rediffmail.com,,,,,,6406.0,0.0
f7ce6ac2-e376-4c19-a330-bc2da4098537,mandate,pay_enLWxKXD64xs90,order_evA5vcOhxRHtps,,token_MoUKMkOL2PKs5r,cust_FuEnp6bFwUKLU2,64500,INR,upi,,BAD_REQUEST_ERROR,customer,payment_authentication,payment_cancelled,Your payment has been cancelled.,soft,,3,3,2026-08-11T05:37:38.997650+05:30,2026-09-06T15:37:38.997650+05:30,,escalated,voice,0,+918899672334,aadhya.agarwal618@hotmail.com,,,,,,645.0,0.0
34ce12e9-b33d-417c-809f-92492bec8e6a,mandate,pay_B9u2YUJ3qqklVx,order_dzQfKZuA8SUCIQ,,token_q3gjybsRtkMNg4,cust_yMPBtloIhhsSmO,127000,INR,upi,,BAD_REQUEST_ERROR,issuer_bank,payment_authorization,transaction_limit_exceeded,Maximum transaction limit exceeded for the day.,soft,,3,3,2026-08-11T06:18:53.997650+05:30,2026-09-06T13:18:53.997650+05:30,,escalated,voice,0,+918899196710,pooja.banerjee313@gmail.com,,,,,,1270.0,0.0
3efaf2dc-1cb1-41e2-844d-96cb8ca95a0f,mandate,pay_WUBdw3xq9br3k6,order_vhxqXHDKu0SohV,,token_FkLes5mhbvroBt,cust_XFU60FGpRiLjKO,45300,INR,wallet,,BAD_REQUEST_ERROR,customer,payment_authentication,payment_cancelled,Your payment has been cancelled.,soft,,1,3,2026-08-11T06:22:12.997650+05:30,2026-08-24T10:22:12.997650+05:30,,recovered,auto_retry,45300,+919123218416,sanjay.mukherjee735@hotmail.com,,,,,,453.0,453.0
601f04af-793f-4549-86ef-71e0e7063d86,mandate,pay_TvBb8lbLgrkpA9,order_BtKRnw3lPNgUGW,,token_Xtvd4fnRF6ecr0,cust_DLZwKb1KVWJLNA,881600,INR,upi,,BAD_REQUEST_ERROR,issuer_bank,payment_authorization,debit_instrument_blocked,Your card is blocked. Please contact your bank.,hard,,0,0,2026-08-11T06:58:04.997650+05:30,2026-08-11T06:58:04.997650+05:30,,closed,manual,0,+919900966368,shreya.joshi541@outlook.com,,,,,,8816.0,0.0
2a64ec91-81e3-4374-85cd-32d3b9afae55,mandate,pay_vfdqQdPmSk9w6b,order_PM0Og0iCv5mJsR,,token_jHqrBdQYlzIxUa,cust_0BB6DUBRJaEShj,56800,INR,upi,,BAD_REQUEST_ERROR,customer,payment_authentication,payment_timed_out,Your payment could not be completed due to a temporary issue. Try again later.,soft,,3,3,2026-08-11T07:47:16.997650+05:30,2026-09-13T00:47:16.997650+05:30,,recovered,sms,56800,+917766474644,shreya.ghosh142@gmail.com,,,,,,568.0,568.0
adb7026c-e608-489f-8c2b-3b37cac07799,subscription,pay_q77f06Pgiji7U3,order_jXzULqxDX1retS,sub_EqBfnyeng43Jca,token_KrtzzRtSWCrSYJ,cust_pp4KggYWITxB3o,2448000,INR,upi,,GATEWAY_ERROR,gateway,payment_authentication,authentication_failed,Payment could not be completed due to incorrect OTP or verification details.,soft,halted,3,3,2026-08-11T09:56:57.997650+05:30,2026-08-17T13:56:57.997650+05:30,,escalated,voice,0,+918899549595,nisha.iyer576@yahoo.co.in,,,,,,24480.0,0.0
e5108d3e-c310-4dd0-a702-2ec90ccdd20d,subscription,pay_3lO3f3yk23PApD,order_7sz2b0UF7uxyXi,sub_CK0hSTq03TDclg,token_rItvn5dQTTBDZ7,cust_um1vHCTWedF7pF,344800,INR,upi,,GATEWAY_ERROR,gateway,payment_authentication,authentication_failed,Payment could not be completed due to incorrect OTP or verification details.,soft,halted,3,3,2026-08-11T10:01:26.997650+05:30,2026-08-26T13:01:26.997650+05:30,,escalated,voice,0,+919900801391,kavita.banerjee712@outlook.com,,,,,,3448.0,0.0
08f6d23f-d55e-4c5f-aace-b97011694cd4,subscription,pay_2lz17fdvev2Fvc,order_dVjWP6SqW9Nzzm,sub_unxDOZWx2AeDbm,token_1PsV3JwIBwOo1c,cust_Hsg6cNSvNvchyX,783500,INR,netbanking,,BAD_REQUEST_ERROR,customer,payment_authentication,payment_timed_out,Your payment could not be completed due to a temporary issue. Try again later.,soft,halted,3,3,2026-08-11T10:06:51.997650+05:30,2026-08-18T15:06:51.997650+05:30,,escalated,voice,0,+919123082025,vikram.mahanty202@gmail.com,,,,,,7835.0,0.0
02ae4ae9-9de3-4974-8d61-f4700e4126e6,mandate,pay_bnhV1KSlnM2Qtd,order_zZgEBifX4fkrKk,,token_toxrRz3vVQ8jlI,cust_Mlm0rpSWHv5taR,1303400,INR,upi,,BAD_REQUEST_ERROR,issuer_bank,payment_authorization,payment_risk_check_failed,Payment declined by bank due to risk check.,hard,,0,0,2026-08-11T10:16:13.997650+05:30,2026-08-11T10:16:13.997650+05:30,,closed,manual,0,+919988876098,pradeep.nair471@rediffmail.com,,,,,,13034.0,0.0
c401b7f3-85b8-403f-90aa-3643ed1d7fde,b2b_receivable,,order_dF5w2eI0EYAKQp,,,cust_Bjp4NPrBv2RAN7,6200000,INR,netbanking,,INVOICE_PAYMENT_OVERDUE,corporate_buyer,accounts_payable_settlement,invoice_overdue_1_15_days,Corporate invoice overdue by 3 days (1_15_days).,soft,,0,3,2026-08-11T10:27:07.997650+05:30,2026-08-11T10:27:07.997650+05:30,,recovered,email,6200000,+919900361226,ap@nexura.com,inv_nLhUIXFDiOiq3U,Nexura Digital Media LLP,29DCCAA2961O3Z9,1_15_days,,62000.0,62000.0
7da9e342-645b-4ea1-bc14-827690a2c02b,b2b_receivable,,order_NaqgoiUSyfoa1B,,,cust_ypDl9Ks27fNRVj,7100000,INR,netbanking,,INVOICE_PAYMENT_OVERDUE,corporate_buyer,accounts_payable_settlement,invoice_overdue_60_plus_days,Corporate invoice overdue by 66 days (60_plus_days).,soft,,0,3,2026-08-11T10:29:57.997650+05:30,2026-08-11T10:29:57.997650+05:30,,escalated,manual,0,+919900215993,ap@vanguard.com,inv_BSQ0JgGDL5ehqR,Vanguard Chemical Industries Ltd,06AAACA9913D8ZZ,60_plus_days,,71000.0,0.0
37017aee-79e6-462f-95f4-fdd5201a1ad9,b2b_receivable,,order_QXYruxe9aZzoo8,,,cust_s2ZzdheHAtB0VC,8300000,INR,netbanking,,INVOICE_PAYMENT_OVERDUE,corporate_buyer,accounts_payable_settlement,invoice_overdue_1_15_days,Corporate invoice overdue by 6 days (1_15_days).,soft,,0,3,2026-08-11T10:44:00.997650+05:30,2026-08-11T10:44:00.997650+05:30,,recovered,email,8300000,+919988865636,ap@vanguard.com,inv_Eg2bd0Gx5Pmr9f,Vanguard Chemical Industries Ltd,07CCCAB9360F1ZT,1_15_days,,83000.0,83000.0
b24ad55d-a7a5-4743-909b-1f3177a5aa04,mandate,pay_u066mG2qmUmFyw,order_T7f4tzyUoPDSQ7,,token_xyplaYIbkUVcy2,cust_TUsTCIxG67Y0p2,1389300,INR,upi,,BAD_REQUEST_ERROR,issuer_bank,payment_authorization,card_expired,Your card has expired. Please use another card.,hard,,0,0,2026-08-11T10:46:39.997650+05:30,2026-08-11T10:46:39.997650+05:30,,closed,manual,0,+917788826084,priya.nair58@gmail.com,,,,,,13893.0,0.0
39a41727-4996-4973-bf50-336b4824f2e8,payment,pay_t3sWhRJ5jUa16f,order_hRDQGOySjdzULb,,,cust_yGMX4XVj1iobju,61700,INR,upi,,GATEWAY_ERROR,issuer_bank,payment_authorization,bank_technical_error,Bank downtime. Please try again later.,technical,,1,3,2026-08-11T11:26:42.997650+05:30,2026-08-23T10:26:42.997650+05:30,,recovered,auto_retry,61700,+918899845627,diya.thakur923@gmail.com,,,,,,617.0,617.0
68a9f5ce-97ba-4d6f-82e5-be78b6a2d3f4,mandate,pay_gBeRwkEIh0rrzz,order_wuU0W8LoGjDQKz,,token_u2EIxa0iSMDW1T,cust_unt9Wm8KgMX8GM,788200,INR,card,visa,BAD_REQUEST_ERROR,issuer_bank,payment_authorization,transaction_limit_exceeded,Maximum transaction limit exceeded for the day.,soft,,3,3,2026-08-11T11:31:37.997650+05:30,2026-09-07T16:31:37.997650+05:30,,escalated,voice,0,+919123785314,aanya.nair353@hotmail.com,,,,,,7882.0,0.0
f9ef9d9f-86e7-412d-a51a-ebea0e2f6ac0,mandate,pay_nctuNS7ZUb82VK,order_1BdwsQv21qKcj9,,token_hc9i8jp4JgzEcl,cust_F1on2mKMqkEQaj,301800,INR,upi,,BAD_REQUEST_ERROR,gateway,payment_authorization,payment_failed,Payment was declined by the bank.,technical,,4,3,2026-08-11T11:32:41.997650+05:30,2026-09-10T14:32:41.997650+05:30,,escalated,voice,0,+918899980295,isha.iyer413@gmail.com,,,,,,3018.0,0.0
f9a0b975-8f54-40c6-a8b4-ec528b9fc841,b2b_receivable,,order_ogOdJtH1SiypIz,,,cust_1uDm6x7J9iRBpW,21600000,INR,netbanking,,INVOICE_PAYMENT_OVERDUE,corporate_buyer,accounts_payable_settlement,invoice_overdue_31_60_days,Corporate invoice overdue by 50 days (31_60_days).,soft,,0,3,2026-08-11T11:58:11.997650+05:30,2026-08-11T11:58:11.997650+05:30,,recovered,voice,21600000,+919900692603,ap@aura.com,inv_tIlh0gLDwED26f,Aura Consumer Goods Pvt Ltd,33EDDAB0489C5ZK,31_60_days,,216000.0,216000.0
540b6790-9b42-4a74-9e5f-092be4e8dd54,checkout_drop_off,,order_UENtebGmSHbiQ5,,,cust_MjLaf9h4HsnxH4,368300,INR,card,rupay,CHECKOUT_DROP_OFF,customer,checkout_funnel,accidental_tab_close,Abandoned at cart_abandoned: accidental_tab_close,soft,,0,3,2026-08-11T11:59:05.997650+05:30,2026-08-11T11:59:05.997650+05:30,,closed,payment_link,0,+918899604141,kiara.mukherjee321@gmail.com,,,,,cart_abandoned,3683.0,0.0
aa3a5046-4c8b-44e8-862a-ed9ea1ff9148,b2b_receivable,,order_zGhlQ7PCx98kVx,,,cust_zTmgSO50grVxOF,24700000,INR,netbanking,,INVOICE_PAYMENT_OVERDUE,corporate_buyer,accounts_payable_settlement,invoice_overdue_current,Corporate invoice overdue by 0 days (current).,soft,,0,3,2026-08-11T12:17:46.997650+05:30,2026-08-11T12:17:46.997650+05:30,,recovered,email,24700000,+918899893248,ap@zenith.com,inv_QtFkLDl6agrokB,Zenith Healthware LLP,29EDCDE2271U3ZD,current,,247000.0,247000.0
05739162-2a9c-4d10-8bdc-5427ca958ed6,b2b_receivable,,order_msX0jSKPYVGQnw,,,cust_tQvoVUqXecPVPJ,13300000,INR,netbanking,,INVOICE_PAYMENT_OVERDUE,corporate_buyer,accounts_payable_settlement,invoice_overdue_1_15_days,Corporate invoice overdue by 14 days (1_15_days).,soft,,0,3,2026-08-11T12:25:26.997650+05:30,2026-08-11T12:25:26.997650+05:30,,recovered,email,13300000,+917788092157,ap@cloudscale.com,inv_rAd7TUHbcfgTk2,CloudScale Technologies Pvt Ltd,27CDCDD0217Q1ZK,1_15_days,,133000.0,133000.0
043d9ab0-0d69-4de0-a32e-a35493061c12,payment,pay_P0gpR6r7iJeySK,order_VXh3eCTt8Souli,,,cust_msqQBE3Bi5g8mX,203000,INR,upi,,BAD_REQUEST_ERROR,gateway,payment_authorization,insufficient_funds,Your payment could not be completed due to insufficient account balance.,soft,,1,3,2026-08-11T12:32:21.997650+05:30,2026-08-31T10:32:21.997650+05:30,,recovered,auto_retry,203000,+919123376366,amit.iyer515@yahoo.co.in,,,,,,2030.0,2030.0
b7059847-47dd-45a1-aa7c-a1044304d252,payment,pay_cF3Z7BLCk8p4Nh,order_ImOHsExaRinKEp,,,cust_rerd3m78xW5qcR,26500,INR,upi,,BAD_REQUEST_ERROR,issuer_bank,payment_authorization,transaction_limit_exceeded,Maximum transaction limit exceeded for the day.,soft,,2,3,2026-08-11T12:48:59.997650+05:30,2026-08-25T10:48:59.997650+05:30,,recovered,auto_retry,26500,+919876823710,kavita.ghosh607@outlook.com,,,,,,265.0,265.0
8cf236b4-2115-4fe5-b164-8336b4b1ef32,payment,pay_5xoY8LdpD3epbQ,order_LzCR4QItukFFpQ,,,cust_oa3PnFrch664nC,36200,INR,netbanking,,BAD_REQUEST_ERROR,customer,payment_authentication,payment_timed_out,Your payment could not be completed due to a temporary issue. Try again later.,soft,,3,3,2026-08-11T13:38:00.997650+05:30,2026-08-17T15:38:00.997650+05:30,,escalated,voice,0,+918899960893,priya.joshi741@gmail.com,,,,,,362.0,0.0
636fa019-4def-47f3-9de4-00eb79a0c86d,payment,pay_a06om6CxzXC0pL,order_1RC7SvNm2tl7WL,,,cust_BXaoQVtuEmP1hp,98400,INR,card,visa,BAD_REQUEST_ERROR,gateway,payment_authorization,insufficient_funds,Your payment could not be completed due to insufficient account balance.,soft,,1,3,2026-08-11T13:46:38.997650+05:30,2026-09-02T10:46:38.997650+05:30,,recovered,auto_retry,98400,+919876388401,krishna.nair653@rediffmail.com,,,,,,984.0,984.0
63c3d5c7-dbe9-4608-8fe7-d7714b1e510f,payment,pay_gAcI5x5csW8M9B,order_LcxL0jl0Fe0NVF,,,cust_xOLehA7F5pivqg,68200,INR,upi,,GATEWAY_ERROR,issuer_bank,payment_authorization,bank_technical_error,Bank downtime. Please try again later.,technical,,4,3,2026-08-11T13:56:14.997650+05:30,2026-09-13T10:56:14.997650+05:30,,recovered,auto_retry,68200,+919876447120,diya.singh207@hotmail.com,,,,,,682.0,682.0
34baf1e9-0a2d-406c-943f-fa9fc3e76352,payment,pay_kWixRV8tv7AKKm,order_C5YE7DLBg7RKep,,,cust_jjHsuaB67ywiTj,465300,INR,card,rupay,BAD_REQUEST_ERROR,issuer_bank,payment_authorization,debit_instrument_inactive,Your card is currently inactive.,technical,,4,3,2026-08-11T14:05:43.997650+05:30,2026-09-12T11:05:43.997650+05:30,,escalated,voice,0,+919876531886,neha.mishra560@outlook.com,,,,,,4653.0,0.0
04f358ae-8f04-4625-b00a-7db0f7f51596,payment,pay_14GVqNqKiG5lQ1,order_CDnYvLQWloxQ54,,,cust_Fege4leRbCeR6g,1042500,INR,upi,,GATEWAY_ERROR,gateway,payment_authorization,gateway_technical_error,Payment did not go through due to a temporary issue.,technical,,2,3,2026-08-11T14:23:45.997650+05:30,2026-09-05T10:23:45.997650+05:30,,recovered,auto_retry,1042500,+917788903649,rahul.mukherjee312@rediffmail.com,,,,,,10425.0,10425.0
cd8b333a-e856-4f32-aee9-7d353ed2f838,checkout_drop_off,,order_H5XgTdHlHtA4kU,,,cust_K4W7fFPrFKTBXG,195300,INR,upi,visa,CHECKOUT_DROP_OFF,customer,checkout_funnel,delivery_time_too_long,Abandoned at address_submitted: delivery_time_too_long,soft,,0,3,2026-08-11T14:48:58.997650+05:30,2026-08-11T14:48:58.997650+05:30,,closed,payment_link,0,+919123358606,rohan.sharma23@gmail.com,,,,,address_submitted,1953.0,0.0
22d6d0a9-1352-4c33-8f4e-9e09e79b031c,checkout_drop_off,pay_pcdtCuAZqzpcxg,order_HIOmTKnNuDhrZp,,,cust_s2hRYvFej2essz,336300,INR,card,rupay,CHECKOUT_DROP_OFF,customer,checkout_funnel,otp_not_received,Abandoned at otp_abandoned: otp_not_received,soft,,0,3,2026-08-11T14:49:42.997650+05:30,2026-08-11T14:49:42.997650+05:30,,closed,payment_link,0,+918899389974,sai.roy752@hotmail.com,,,,,otp_abandoned,3363.0,0.0
f0885948-3d7b-42be-bde9-d6311dd52a39,b2b_receivable,,order_TcZrwtdB8uXpfW,,,cust_Rt9F0jkV6ZBSdV,5600000,INR,netbanking,,INVOICE_PAYMENT_OVERDUE,corporate_buyer,accounts_payable_settlement,invoice_overdue_1_15_days,Corporate invoice overdue by 10 days (1_15_days).,soft,,0,3,2026-08-11T16:30:13.997650+05:30,2026-08-11T16:30:13.997650+05:30,,closed,email,0,+919900899222,ap@trident.com,inv_NNVqoPnEiEkyEr,Trident Agro Exports Pvt Ltd,27BABEB3219O6Z6,1_15_days,,56000.0,0.0
0e64c181-01c1-4ebd-8440-87b052f36d45,checkout_drop_off,pay_L9hJvPDhFO0znA,order_mLZ0k6c3Bbj9ZJ,,,cust_H40ECuDZ5UALmC,258900,INR,upi,visa,CHECKOUT_DROP_OFF,customer,checkout_funnel,upi_intent_app_switch_failed,Abandoned at payment_method_selected: upi_intent_app_switch_failed,soft,,0,3,2026-08-11T17:39:51.997650+05:30,2026-08-11T17:39:51.997650+05:30,,closed,payment_link,0,+919876710131,neha.pillai598@outlook.com,,,,,payment_method_selected,2589.0,0.0
1b28f502-577b-45e2-9a26-27e9d548b4c3,payment,pay_FDtByxtYulihlw,order_gUsMiZ4fh07WDX,,,cust_8KXBIdqUW0IlZC,133500,INR,upi,,GATEWAY_ERROR,issuer_bank,payment_authorization,bank_technical_error,Bank downtime. Please try again later.,technical,,1,3,2026-08-11T18:16:24.997650+05:30,2026-08-13T10:16:24.997650+05:30,,recovered,auto_retry,133500,+918899985866,deepak.thakur363@yahoo.co.in,,,,,,1335.0,1335.0
e735b018-2ebb-41e0-8cd3-e9f1b968f50d,payment,pay_MNQgNM2Koel5rw,order_l9F9htpLun78lJ,,,cust_zcuMEAB13KPmRR,3212100,INR,wallet,,BAD_REQUEST_ERROR,customer,payment_authentication,payment_timed_out,Your payment could not be completed due to a temporary issue. Try again later.,soft,,1,3,2026-08-11T19:08:31.997650+05:30,2026-08-29T10:08:31.997650+05:30,,recovered,auto_retry,3212100,+919988257804,aditya.chauhan225@rediffmail.com,,,,,,32121.0,32121.0
709ee0d4-9667-4700-9db6-66ff4103b330,payment,pay_9eyOORnY3aaQzD,order_YhrplbsMlKTMXM,,,cust_acc8x9DOe0818l,16200,INR,upi,,BAD_REQUEST_ERROR,customer,payment_initiation,card_number_invalid,You have entered an incorrect card number. Try again.,hard,,0,0,2026-08-11T19:16:26.997650+05:30,2026-08-11T19:16:26.997650+05:30,,closed,manual,0,+919123530123,rahul.patel570@hotmail.com,,,,,,162.0,0.0
94d59f89-5a41-4573-82ff-1e58504f8ada,payment,pay_vNqm09TKCMiXMa,order_m3M598QUA7nZcn,,,cust_ctkBVau4ZBtTpL,32700,INR,upi,,BAD_REQUEST_ERROR,gateway,payment_authorization,insufficient_funds,Your payment could not be completed due to insufficient account balance.,soft,,3,3,2026-08-11T19:33:01.997650+05:30,2026-08-27T10:33:01.997650+05:30,,recovered,auto_retry,32700,+919876993409,vikram.dey714@rediffmail.com,,,,,,327.0,327.0
7f3a9a51-5f0c-459e-a868-9ac28af0ac7f,checkout_drop_off,pay_DZtOUtOnLagry0,order_O2HJv6o23p0rp9,,,cust_lKTA0ySlCk2xai,359500,INR,card,visa,CHECKOUT_DROP_OFF,customer,checkout_funnel,upi_intent_app_switch_failed,Abandoned at payment_method_selected: upi_intent_app_switch_failed,soft,,0,3,2026-08-11T19:47:11.997650+05:30,2026-08-11T19:47:11.997650+05:30,,closed,payment_link,0,+919876697043,aadhya.dey79@rediffmail.com,,,,,payment_method_selected,3595.0,0.0
2e1d9269-d5ce-4afc-9e2d-6b483229ccf3,checkout_drop_off,,order_6QlLBUTCKJjoXh,,,cust_bfRDZySuXV1dbg,255000,INR,card,rupay,CHECKOUT_DROP_OFF,customer,checkout_funnel,window_shopping_exit,Abandoned at cart_abandoned: window_shopping_exit,soft,,0,3,2026-08-11T20:16:56.997650+05:30,2026-08-11T20:16:56.997650+05:30,,closed,payment_link,0,+919876829768,krishna.bose649@hotmail.com,,,,,cart_abandoned,2550.0,0.0
66c8d2fe-eed0-4c95-9ca9-1fe6d357897b,payment,pay_mJjecIvKWgkdQr,order_ISlp2O8ouJjU6S,,,cust_b5SpeZwagkBWoW,355700,INR,card,amex,GATEWAY_ERROR,gateway,payment_authentication,authentication_failed,Payment could not be completed due to incorrect OTP or verification details.,soft,,3,3,2026-08-11T20:36:27.997650+05:30,2026-09-06T15:36:27.997650+05:30,,escalated,voice,0,+919900801266,priya.verma740@hotmail.com,,,,,,3557.0,0.0
a0575ab0-ebf9-494e-bbf8-79797f4c3be6,payment,pay_1Gn23NC6vP6XDE,order_nfs9zU6tuLg0zD,,,cust_zxjuAsnGd4OHK7,492100,INR,upi,,BAD_REQUEST_ERROR,issuer_bank,payment_authorization,card_expired,Your card has expired. Please use another card.,hard,,0,0,2026-08-11T20:47:15.997650+05:30,2026-08-11T20:47:15.997650+05:30,,closed,manual,0,+919876118123,rajesh.singh492@gmail.com,,,,,,4921.0,0.0
f28f1410-4846-44b2-b1fc-298952236655,payment,pay_tYbVeJk4JdvdAE,order_D02XodVI7Xi0Vf,,,cust_GQWRlboQenWRp2,70300,INR,card,mastercard,GATEWAY_ERROR,gateway,payment_authorization,gateway_technical_error,Payment did not go through due to a temporary issue.,technical,,1,3,2026-08-11T20:56:41.997650+05:30,2026-08-31T10:56:41.997650+05:30,,recovered,auto_retry,70300,+919988112712,aditi.kumar336@hotmail.com,,,,,,703.0,703.0
1f5c219a-8328-47c9-8038-5f734ddc0105,checkout_drop_off,,order_YCDHBdM9D8BEsp,,,cust_Y83Zv979iwjmzZ,153800,INR,card,rupay,CHECKOUT_DROP_OFF,customer,checkout_funnel,address_form_friction,Abandoned at address_submitted: address_form_friction,soft,,0,3,2026-08-11T21:52:05.997650+05:30,2026-08-11T21:52:05.997650+05:30,,recovered,payment_link,153800,+919876475079,suresh.iyer863@hotmail.com,,,,,address_submitted,1538.0,1538.0
1a402435-8d99-4a52-9d9a-a5e649102310,payment,pay_de6S5qJss9LUoS,order_DMo1yMhdUHvrOU,,,cust_xlk1vwDoRsCdn9,896100,INR,netbanking,,GATEWAY_ERROR,gateway,payment_authorization,gateway_technical_error,Payment did not go through due to a temporary issue.,technical,,2,3,2026-08-11T22:13:20.997650+05:30,2026-08-31T10:13:20.997650+05:30,,recovered,auto_retry,896100,+919900423642,rajesh.chauhan69@hotmail.com,,,,,,8961.0,8961.0
b5c40a56-bb76-4799-a995-2c9383ca4ef7,checkout_drop_off,,order_cSvTKDh3lbFsBs,,,cust_40GbND6mIVa6CV,756200,INR,upi,visa,CHECKOUT_DROP_OFF,customer,checkout_funnel,price_comparison_pause,Abandoned at cart_abandoned: price_comparison_pause,soft,,0,3,2026-08-11T22:45:04.997650+05:30,2026-08-11T22:45:04.997650+05:30,,closed,payment_link,0,+918877417168,vihaan.yadav51@outlook.com,,,,,cart_abandoned,7562.0,0.0
d26a785d-52ca-4b2d-a0b9-e26a1f6dd676,checkout_drop_off,pay_aHQzQoxsE67ion,order_Mh2x85DOh78Zca,,,cust_mt0qSqix9GSi05,73700,INR,upi,rupay,CHECKOUT_DROP_OFF,customer,checkout_funnel,upi_intent_app_switch_failed,Abandoned at payment_method_selected: upi_intent_app_switch_failed,soft,,0,3,2026-08-11T22:47:22.997650+05:30,2026-08-11T22:47:22.997650+05:30,,recovered,payment_link,73700,+917766389166,arjun.dey573@outlook.com,,,,,payment_method_selected,737.0,737.0
0cfd36ed-86c1-4d09-a1b0-ef0c24308dd2,payment,pay_FyAP9RlPDTjpMM,order_ksZgEEhoWnIdbn,,,cust_HQkhiX47x6PNIy,589500,INR,upi,,BAD_REQUEST_ERROR,gateway,payment_authorization,payment_failed,Payment was declined by the bank.,technical,,1,3,2026-08-11T23:32:01.997650+05:30,2026-08-30T10:32:01.997650+05:30,,recovered,auto_retry,589500,+919876308764,vikram.ghosh930@rediffmail.com,,,,,,5895.0,5895.0
3f532fa0-547a-40aa-94e6-5d1b9903caf1,checkout_drop_off,pay_LHw3GtEfXVXDGr,order_7VsgsIgRtGthWP,,,cust_FGG1xu8gXSjOOs,83000,INR,upi,visa,CHECKOUT_DROP_OFF,customer,checkout_funnel,preferred_bank_missing,Abandoned at payment_method_selected: preferred_bank_missing,soft,,0,3,2026-08-11T23:34:09.997650+05:30,2026-08-11T23:34:09.997650+05:30,,closed,payment_link,0,+919900209522,rohan.sharma574@hotmail.com,,,,,payment_method_selected,830.0,0.0
5a397a35-e640-400d-b856-0df7ccd9372e,subscription,pay_0DdcssfXbwqjsx,order_EZobNALFsM4Wbw,sub_JLa8JA3Clvn3aa,token_ZsMP4CNvNlOqFR,cust_g1kMnlgX9f8KLu,309100,INR,card,mastercard,BAD_REQUEST_ERROR,gateway,payment_authorization,insufficient_funds,Your payment could not be completed due to insufficient account balance.,soft,active,1,3,2026-08-12T04:42:14.997650+05:30,2026-08-21T10:42:14.997650+05:30,,recovered,auto_retry,309100,+917766164097,ishaan.gupta377@outlook.com,,,,,,3091.0,3091.0
5f771de2-dd01-483d-919c-260ece67726e,mandate,pay_UR2ieBGyMi9VPC,order_Qne2YaLbYMMOYi,,token_biR4NqVixWtur8,cust_yh6yrieX3InISP,2905200,INR,upi,,BAD_REQUEST_ERROR,gateway,payment_authorization,payment_failed,Payment was declined by the bank.,technical,,2,3,2026-08-12T04:53:51.997650+05:30,2026-08-23T10:53:51.997650+05:30,,recovered,auto_retry,2905200,+918899837320,rahul.reddy96@gmail.com,,,,,,29052.0,29052.0
31ab8604-c576-4619-8e57-2884e8eb916d,subscription,pay_HhEi2foFSGxh6A,order_beicymrGEfSHAR,sub_JKYmVXCiWrDZr2,token_fcO6Pg3CZJYLZE,cust_2KPtlOE9k0Heuv,270400,INR,upi,,BAD_REQUEST_ERROR,issuer_bank,card_enrollment_check,card_not_enrolled,Your card is not enabled for online payments.,hard,pending,0,0,2026-08-12T05:24:27.997650+05:30,2026-08-12T05:24:27.997650+05:30,,closed,manual,0,+919876759383,rahul.gupta129@hotmail.com,,,,,,2704.0,0.0
e6afc164-c338-4c42-9127-2d39de016c35,subscription,pay_WA8S4322xh0e3k,order_6UjqpZ7GITyPAR,sub_qdsGza0oIoPqHv,token_allVJ5DbOIO75K,cust_XZP2yjlmlYc5uw,55500,INR,wallet,,GATEWAY_ERROR,gateway,payment_authorization,gateway_technical_error,Payment did not go through due to a temporary issue.,technical,active,1,3,2026-08-12T06:10:17.997650+05:30,2026-08-12T10:10:17.997650+05:30,,recovered,auto_retry,55500,+918899543864,pradeep.agarwal980@rediffmail.com,,,,,,555.0,555.0
1c3bdda8-cf48-462c-972e-bd47cc49e0df,mandate,pay_QjFPMLFNH31DT6,order_vVCCf9zbReeuFR,,token_6d6lgSfzzmfqCo,cust_5qsIW2YDqGM662,4303900,INR,netbanking,,BAD_REQUEST_ERROR,customer,payment_initiation,incorrect_cvv,Incorrect CVV entered.,soft,,3,3,2026-08-12T06:12:36.997650+05:30,2026-08-25T12:12:36.997650+05:30,,escalated,voice,0,+917766525274,vivaan.banerjee36@hotmail.com,,,,,,43039.0,0.0
313a4e3b-b745-49fc-a8be-1fb90f710f05,subscription,pay_aH0dPPBZroIcjF,order_TlfJL7MqWcbRY4,sub_L7f3kPy7FOkyhD,token_t6EQIr4yVdqFUx,cust_D7QaXkkVyy8SJa,1255000,INR,upi,,BAD_REQUEST_ERROR,customer,payment_authentication,payment_cancelled,Your payment has been cancelled.,soft,active,1,3,2026-08-12T06:20:03.997650+05:30,2026-08-30T10:20:03.997650+05:30,,recovered,auto_retry,1255000,+919900137299,deepak.pillai485@rediffmail.com,,,,,,12550.0,12550.0
e9a0006f-0015-42f4-baf0-23b58a6702e9,subscription,pay_iBwkO82ntcWrhu,order_uP5m18PseaQ9ag,sub_bl0HXfzTpVyF8Y,token_so1CfMDwUSSO0e,cust_e3JDTimz71MXyR,368800,INR,upi,,BAD_REQUEST_ERROR,issuer_bank,card_enrollment_check,card_not_enrolled,Your card is not enabled for online payments.,hard,pending,0,0,2026-08-12T06:36:17.997650+05:30,2026-08-12T06:36:17.997650+05:30,,closed,manual,0,+918877498434,pooja.nair864@hotmail.com,,,,,,3688.0,0.0
e5086ae7-1fd5-4eb9-8097-b77b8c608edb,subscription,pay_7JSp9Mzbd1OyyG,order_2VJUennDzzs5gN,sub_v3oFXQtDQ71h8z,token_OkXkPvDzucJV9O,cust_Ta7DaeKPRSVPMr,1080300,INR,card,visa,BAD_REQUEST_ERROR,gateway,payment_authorization,insufficient_funds,Your payment could not be completed due to insufficient account balance.,soft,active,1,3,2026-08-12T06:51:09.997650+05:30,2026-08-30T10:51:09.997650+05:30,,recovered,auto_retry,1080300,+919900729383,aditi.verma567@outlook.com,,,,,,10803.0,10803.0
09a2968a-2a29-45c1-8593-91168dc83aef,mandate,pay_JgsEirP1AVx1uC,order_vmYOFGnF2655WM,,token_DK6tnbp35ct9CG,cust_mlEq0fipP1ssBN,28200,INR,card,mastercard,BAD_REQUEST_ERROR,customer,payment_authentication,payment_cancelled,Your payment has been cancelled.,soft,,3,3,2026-08-12T06:53:30.997650+05:30,2026-08-18T14:53:30.997650+05:30,,escalated,voice,0,+918877537561,rahul.thakur805@yahoo.co.in,,,,,,282.0,0.0
be03da3d-8bd3-464a-a703-39fcf47340c3,subscription,pay_Zs78bkuEzNAlpc,order_bKvoGP0q3XHgDP,sub_rgyA88Wl6QqDDo,token_6TJmhcXb4FQpgj,cust_TuCzvjs590G0tH,599800,INR,netbanking,,BAD_REQUEST_ERROR,gateway,payment_authorization,insufficient_funds,Your payment could not be completed due to insufficient account balance.,soft,halted,3,3,2026-08-12T06:57:57.997650+05:30,2026-08-28T16:57:57.997650+05:30,,escalated,voice,0,+918877860551,aditi.shah494@gmail.com,,,,,,5998.0,0.0
47b658d0-c44b-450b-bba7-e96e266d1282,mandate,pay_451hV9merCJvJZ,order_e8bxaZWHaBqHN3,,token_0tPWZxA94NTScS,cust_6nxjApyk55IO1V,1954100,INR,card,visa,BAD_REQUEST_ERROR,issuer_bank,payment_authorization,debit_instrument_blocked,Your card is blocked. Please contact your bank.,hard,,0,0,2026-08-12T07:10:36.997650+05:30,2026-08-12T07:10:36.997650+05:30,,closed,manual,0,+918877023725,rajesh.singh686@yahoo.co.in,,,,,,19541.0,0.0
080ae6dd-dfc2-49d2-9d45-c32c2e0ec1fa,subscription,pay_4mMJKjz2CNQHRF,order_zY3JnFGq5OQlZP,sub_77GZA7KfDO76xT,token_HjzmmAhjjE38tH,cust_N5MBadX7gjGeGr,730600,INR,netbanking,,BAD_REQUEST_ERROR,issuer_bank,card_enrollment_check,card_not_enrolled,Your card is not enabled for online payments.,hard,pending,0,0,2026-08-12T07:11:28.997650+05:30,2026-08-12T07:11:28.997650+05:30,,closed,manual,0,+918877363108,pooja.mahanty815@gmail.com,,,,,,7306.0,0.0
16d96f03-f2a3-40a4-b31c-3199c9e0401d,subscription,pay_B5oDl000fEBPHf,order_3Gd9fX8jdkBgV9,sub_70w0epUExFFb5l,token_NmdctotLbsJBNw,cust_BmsbaHDFZj3muj,1388400,INR,upi,,BAD_REQUEST_ERROR,issuer_bank,payment_authorization,transaction_limit_exceeded,Maximum transaction limit exceeded for the day.,soft,active,2,3,2026-08-12T07:13:14.997650+05:30,2026-09-10T10:13:14.997650+05:30,,recovered,auto_retry,1388400,+919876228951,rajesh.pillai994@outlook.com,,,,,,13884.0,13884.0
0c3db711-c9bc-4582-a2e3-f9f36d1f4c24,subscription,pay_fSIMy7bVGk75pj,order_3jWwBr7xGYNBdh,sub_7cQBpjeCPtu6u1,token_2dU45BPj0h4nE3,cust_EUAzP5Vzinen8f,544100,INR,upi,,GATEWAY_ERROR,issuer_bank,payment_authorization,bank_technical_error,Bank downtime. Please try again later.,technical,halted,3,3,2026-08-12T07:24:06.997650+05:30,2026-08-20T13:24:06.997650+05:30,,escalated,voice,0,+918899905671,meera.mishra576@rediffmail.com,,,,,,5441.0,0.0
72b5a9f3-efdf-4c06-92b4-af337c6a3ef0,subscription,pay_nIsCBcGJOx2uK0,order_v6vyVk7g6g2KII,sub_av9DbD753LcuP1,token_jXPOFG0gqj0hZY,cust_oX6LOs5g8MHQTm,442800,INR,upi,,GATEWAY_ERROR,issuer_bank,payment_authorization,bank_technical_error,Bank downtime. Please try again later.,technical,halted,3,3,2026-08-12T07:30:40.997650+05:30,2026-08-28T15:30:40.997650+05:30,,escalated,voice,0,+917766922916,neha.yadav541@outlook.com,,,,,,4428.0,0.0
7b0ded0e-992e-4a7f-a2db-5e043c6b973c,subscription,pay_W9Gnq7gUy4RoTe,order_ZXv76MchMmRUgh,sub_CB7dR4SneCsDHa,token_CJjiPxcdesFtgv,cust_x1vXc26V2ixspQ,47500,INR,upi,,BAD_REQUEST_ERROR,issuer_bank,card_enrollment_check,card_not_enrolled,Your card is not enabled for online payments.,hard,pending,0,0,2026-08-12T07:44:08.997650+05:30,2026-08-12T07:44:08.997650+05:30,,closed,manual,0,+917766036918,vivaan.iyer824@hotmail.com,,,,,,475.0,0.0
483b6590-17ea-4766-be46-0e03d428b9a5,subscription,pay_SsIZndnmZW8kls,order_mRQ1CfpDK9oIDH,sub_FPcOV0RjuGUu0U,token_rrqalxffGBGd2f,cust_Vh0zQNRNLSz69m,471500,INR,upi,,BAD_REQUEST_ERROR,gateway,payment_authorization,insufficient_funds,Your payment could not be completed due to insufficient account balance.,soft,active,1,3,2026-08-12T10:04:04.997650+05:30,2026-08-19T10:04:04.997650+05:30,,recovered,auto_retry,471500,+919988827624,sai.bose700@yahoo.co.in,,,,,,4715.0,4715.0
d5ad0eb7-3c00-4be2-8c20-b264d47eb0e1,subscription,pay_StHM8ARUs9K6G6,order_ZjhXAsuK3kkQ0p,sub_7TwYvYlbiHiM0v,token_aanJkMgc4q2FMy,cust_FMj4NXSw9PEK3d,989100,INR,card,rupay,BAD_REQUEST_ERROR,customer,payment_authentication,payment_timed_out,Your payment could not be completed due to a temporary issue. Try again later.,soft,halted,3,3,2026-08-12T10:11:52.997650+05:30,2026-09-04T15:11:52.997650+05:30,,escalated,voice,0,+919988501566,neha.ghosh962@gmail.com,,,,,,9891.0,0.0
a9df6065-4301-473e-8ffa-df4a601c0d7f,mandate,pay_aXseu1rPcV3srl,order_LLEqJKdPheXnqo,,token_P8uQiX8fj3b3nx,cust_j64dvgJmi1ZBD3,691200,INR,netbanking,,BAD_REQUEST_ERROR,issuer_bank,payment_authorization,card_disabled_for_online_payments,Your card is disabled for online payments.,hard,,0,0,2026-08-12T10:17:03.997650+05:30,2026-08-12T10:17:03.997650+05:30,,closed,manual,0,+919876573178,kavita.kumar441@gmail.com,,,,,,6912.0,0.0
10fae989-b7b9-4fec-8c2e-1a3837c5b3e0,mandate,pay_a56xT3cyB7ls98,order_Xa7Y0HFKhegrOV,,token_T64356wEd7cS5D,cust_BkBYG4GJxIZ8ci,2799000,INR,card,amex,GATEWAY_ERROR,issuer_bank,payment_authorization,bank_technical_error,Bank downtime. Please try again later.,technical,,1,3,2026-08-12T10:52:07.997650+05:30,2026-09-09T10:52:07.997650+05:30,,recovered,auto_retry,2799000,+919988824556,amit.mehta156@yahoo.co.in,,,,,,27990.0,27990.0
d8fe67bd-bcd6-4621-8282-cec3b730434c,mandate,pay_HSy1txw32AUNWg,order_58U1IKy8ADybb6,,token_doewBXwlLkPWsi,cust_eIML4sjDrr5MMo,785400,INR,upi,,BAD_REQUEST_ERROR,customer,payment_authentication,payment_timed_out,Your payment could not be completed due to a temporary issue. Try again later.,soft,,3,3,2026-08-12T10:55:36.997650+05:30,2026-09-08T11:55:36.997650+05:30,,escalated,voice,0,+918899221416,arjun.banerjee632@rediffmail.com,,,,,,7854.0,0.0
8b050ced-ba73-4a23-9c35-70b50160fca9,mandate,pay_vbDp2bMSn5a0mT,order_6BxbaL9iWQuJ0l,,token_U9X8KXy8BnzTtA,cust_UR2gwmYkKJEdlr,504900,INR,card,mastercard,BAD_REQUEST_ERROR,customer,payment_initiation,incorrect_cvv,Incorrect CVV entered.,soft,,3,3,2026-08-12T10:59:21.997650+05:30,2026-09-11T11:59:21.997650+05:30,,escalated,voice,0,+918899732641,sanjay.banerjee19@gmail.com,,,,,,5049.0,0.0
096d72fb-9261-4a54-a704-206ff58021de,mandate,pay_Uuzta5pOX992f2,order_R2fGTwx0SDGAZ6,,token_u1gNjnuaQ4y8hx,cust_msE19D7xbPIpG3,232100,INR,wallet,,BAD_REQUEST_ERROR,customer,payment_initiation,card_number_invalid,You have entered an incorrect card number. Try again.,hard,,0,0,2026-08-12T11:00:23.997650+05:30,2026-08-12T11:00:23.997650+05:30,,closed,manual,0,+919900439790,aanya.joshi344@gmail.com,,,,,,2321.0,0.0
1c9c6a43-fe8a-4904-81a2-562b5a261b12,mandate,pay_Kfym9GllD8yNNJ,order_qqNKtQf8dCiNt8,,token_G9opsLXqhTwksc,cust_bgYZdHNyYQqP18,79200,INR,upi,,BAD_REQUEST_ERROR,issuer_bank,payment_authorization,payment_risk_check_failed,Payment declined by bank due to risk check.,hard,,0,0,2026-08-12T11:08:45.997650+05:30,2026-08-12T11:08:45.997650+05:30,,closed,manual,0,+919876346548,reyansh.dey611@outlook.com,,,,,,792.0,0.0
64a788c7-15ea-4481-a258-f5bdbc9ce90a,subscription,pay_khaICl6Nn0G6DJ,order_ADjwShORqOZNlN,sub_bKX4MNEYjOJGWd,token_eFjp73tDPf5yh7,cust_ah9zZ4fhnYcVcO,642300,INR,upi,,BAD_REQUEST_ERROR,customer,payment_authentication,payment_cancelled,Your payment has been cancelled.,soft,active,1,3,2026-08-12T11:45:50.997650+05:30,2026-08-29T10:45:50.997650+05:30,,recovered,auto_retry,642300,+919123144017,sanjay.banerjee710@yahoo.co.in,,,,,,6423.0,6423.0
5a22b103-872e-4056-9973-8f060237c436,subscription,pay_nfCtUasvDKAUPn,order_ySyffHXWsYWap5,sub_tCi3CJUYvPF1DU,token_1ydoaMTvnicPiO,cust_TAhpBRVNuWz6PN,20400,INR,netbanking,,BAD_REQUEST_ERROR,customer,payment_authentication,payment_timed_out,Your payment could not be completed due to a temporary issue. Try again later.,soft,active,1,3,2026-08-12T11:54:04.997650+05:30,2026-08-29T10:54:04.997650+05:30,,recovered,auto_retry,20400,+919900801107,pradeep.reddy479@yahoo.co.in,,,,,,204.0,204.0
8fff3eac-5145-4c91-b139-d202d7115250,b2b_receivable,,order_yJRVBp81IpR2tE,,,cust_xtxaItVRY0p102,10000000,INR,netbanking,,INVOICE_PAYMENT_OVERDUE,corporate_buyer,accounts_payable_settlement,invoice_overdue_1_15_days,Corporate invoice overdue by 14 days (1_15_days).,soft,,0,3,2026-08-12T12:13:10.997650+05:30,2026-08-12T12:13:10.997650+05:30,,closed,email,0,+919123292080,ap@trident.com,inv_9sIbq1ItgbijaN,Trident Agro Exports Pvt Ltd,29ADCED3122V4ZU,1_15_days,,100000.0,0.0
c064172c-3400-4bc2-9fc2-f9c578ea2e58,b2b_receivable,,order_WR56cryfuTFvgt,,,cust_r0FWpndalnjrVT,5300000,INR,netbanking,,INVOICE_PAYMENT_OVERDUE,corporate_buyer,accounts_payable_settlement,invoice_overdue_31_60_days,Corporate invoice overdue by 39 days (31_60_days).,soft,,0,3,2026-08-12T12:27:30.997650+05:30,2026-08-12T12:27:30.997650+05:30,,escalated,voice,0,+917788292288,ap@quantalytics.com,inv_HaWRh7dYyzIe3a,Quantalytics Data Systems LLP,27BDDBD8734C9ZO,31_60_days,,53000.0,0.0
834c877a-de5b-4054-8cba-dfd10154e434,payment,pay_Wr9VAZa9mNYAOJ,order_mcsra7S0KAzSnc,,,cust_bJs8sP8P2rptnh,402700,INR,wallet,,GATEWAY_ERROR,gateway,payment_authorization,gateway_technical_error,Payment did not go through due to a temporary issue.,technical,,4,3,2026-08-12T12:29:20.997650+05:30,2026-09-12T14:29:20.997650+05:30,,escalated,voice,0,+917788174265,ananya.bose558@hotmail.com,,,,,,4027.0,0.0
169e7a75-06c9-42b8-981f-63e30516d2e7,checkout_drop_off,,order_wBFhB2ktz57uoK,,,cust_bn3KKxxPM70Lqf,151500,INR,card,rupay,CHECKOUT_DROP_OFF,customer,checkout_funnel,price_comparison_pause,Abandoned at cart_abandoned: price_comparison_pause,soft,,0,3,2026-08-12T13:11:11.997650+05:30,2026-08-12T13:11:11.997650+05:30,,closed,payment_link,0,+917788520772,sai.singh519@hotmail.com,,,,,cart_abandoned,1515.0,0.0
fb8342d9-fecc-4beb-887b-a40da5fa23f1,b2b_receivable,,order_We8ddumDCrQ7Fv,,,cust_oHUxfGcIYHWPGc,8500000,INR,netbanking,,INVOICE_PAYMENT_OVERDUE,corporate_buyer,accounts_payable_settlement,invoice_overdue_1_15_days,Corporate invoice overdue by 10 days (1_15_days).,soft,,0,3,2026-08-12T13:14:31.997650+05:30,2026-08-12T13:14:31.997650+05:30,,recovered,email,8500000,+919123582400,ap@trident.com,inv_XvOwiVgBeRngdN,Trident Agro Exports Pvt Ltd,07CADDD3155J3ZZ,1_15_days,,85000.0,85000.0
3d6e83a6-5a46-459e-9961-4225ec8f8723,payment,pay_BCD6K24LWmYsWq,order_EsLRriMuI8KbKN,,,cust_BWQXw59V0BBnHF,91900,INR,upi,,GATEWAY_ERROR,gateway,payment_authentication,authentication_failed,Payment could not be completed due to incorrect OTP or verification details.,soft,,1,3,2026-08-12T13:19:31.997650+05:30,2026-08-22T10:19:31.997650+05:30,,recovered,auto_retry,91900,+919988182379,amit.iyer86@yahoo.co.in,,,,,,919.0,919.0
27dbed87-d0eb-4801-b04e-f80798eb01ab,mandate,pay_2tmhDbnuELC1x1,order_vKwkmfDY9I8NDb,,token_uFeXuOtf9iWV1h,cust_sURGXUAovlSJIJ,3028800,INR,card,rupay,BAD_REQUEST_ERROR,customer,payment_initiation,incorrect_cvv,Incorrect CVV entered.,soft,,3,3,2026-08-12T13:21:19.997650+05:30,2026-08-23T15:21:19.997650+05:30,,escalated,voice,0,+918899561665,ananya.sharma520@gmail.com,,,,,,30288.0,0.0
a5d33cad-aa11-4129-95f3-1949021780a2,payment,pay_nTO1OFGyRCk6bd,order_t0xn5M7UNBM5Dg,,,cust_PFjngXnqCu9Dpm,337700,INR,upi,,BAD_REQUEST_ERROR,issuer_bank,payment_authorization,card_expired,Your card has expired. Please use another card.,hard,,0,0,2026-08-12T13:28:28.997650+05:30,2026-08-12T13:28:28.997650+05:30,,closed,manual,0,+919988839093,aadhya.mehta130@outlook.com,,,,,,3377.0,0.0
1a56d831-1489-4c33-a202-e1ec7a63f139,b2b_receivable,,order_5VP3akHCo7gvfF,,,cust_jGs6xK9QcHCRTw,7300000,INR,netbanking,,INVOICE_PAYMENT_OVERDUE,corporate_buyer,accounts_payable_settlement,invoice_overdue_31_60_days,Corporate invoice overdue by 42 days (31_60_days).,soft,,0,3,2026-08-12T14:06:48.997650+05:30,2026-08-12T14:06:48.997650+05:30,,escalated,voice,0,+917766714237,ap@paramount.com,inv_TE3jWRvYO0kQIv,Paramount Engineering Works,33DDDEC7598G2Z5,31_60_days,,73000.0,0.0
c6e40889-1bdf-4577-90bd-b59d06f60ba0,payment,pay_I0opbRBdGZFWH5,order_n5PxXVPM5tyw9i,,,cust_N9UoQnQlAjqDzB,2488100,INR,netbanking,,BAD_REQUEST_ERROR,issuer_bank,payment_authorization,card_disabled_for_online_payments,Your card is disabled for online payments.,hard,,0,0,2026-08-12T14:41:30.997650+05:30,2026-08-12T14:41:30.997650+05:30,,closed,manual,0,+918877957378,kavita.nair890@yahoo.co.in,,,,,,24881.0,0.0
c62a2fb0-4590-4535-9c9d-92317afd0599,payment,pay_baq2L0QxwNTyjS,order_XGcWA5cIhDtf7U,,,cust_UQ1ZndzxxFGCe6,50600,INR,netbanking,,GATEWAY_ERROR,gateway,payment_authorization,gateway_technical_error,Payment did not go through due to a temporary issue.,technical,,4,3,2026-08-12T14:47:26.997650+05:30,2026-09-12T10:47:26.997650+05:30,,recovered,auto_retry,50600,+919876151060,aarav.nair502@hotmail.com,,,,,,506.0,506.0
3a70a9b7-a145-47fa-bafc-4b54bb8cd58c,b2b_receivable,,order_O3kvm9KsY6P9qc,,,cust_VYufopjVceZG7q,8700000,INR,netbanking,,INVOICE_PAYMENT_OVERDUE,corporate_buyer,accounts_payable_settlement,invoice_overdue_1_15_days,Corporate invoice overdue by 10 days (1_15_days).,soft,,0,3,2026-08-12T14:51:23.997650+05:30,2026-08-12T14:51:23.997650+05:30,,closed,email,0,+919988236840,ap@trident.com,inv_7etWHY3Rmytqgo,Trident Agro Exports Pvt Ltd,24CAABB9872T7ZI,1_15_days,,87000.0,0.0
f2e0bbb4-a3a9-4d78-bd18-2fbfa1e30105,payment,pay_pkUzE3EWSKC3mN,order_QEfw0mHehql1YN,,,cust_Wc9iJ1SSXd1u0I,243500,INR,card,mastercard,BAD_REQUEST_ERROR,issuer_bank,payment_authorization,debit_instrument_inactive,Your card is currently inactive.,technical,,4,3,2026-08-12T14:55:58.997650+05:30,2026-09-11T13:55:58.997650+05:30,,escalated,voice,0,+917788985864,amit.bose61@hotmail.com,,,,,,2435.0,0.0
260e2845-d9ea-4657-9a54-89a00b5c7b36,payment,pay_8fBxzD6YdJWCEZ,order_BvDoxyuwDCvObO,,,cust_hcQv8jIEZIPdrL,63000,INR,upi,,BAD_REQUEST_ERROR,customer,payment_authentication,payment_timed_out,Your payment could not be completed due to a temporary issue. Try again later.,soft,,2,3,2026-08-12T15:29:06.997650+05:30,2026-08-24T10:29:06.997650+05:30,,recovered,auto_retry,63000,+919900302359,vikram.kumar939@hotmail.com,,,,,,630.0,630.0
3c64142a-4f8b-4299-bdb5-95a217191d95,payment,pay_UyJnPwNlbYJF6Y,order_xr9neCmXodBgYH,,,cust_yvib8gdKiB3BRY,91500,INR,wallet,,BAD_REQUEST_ERROR,issuer_bank,payment_authorization,debit_instrument_inactive,Your card is currently inactive.,technical,,2,3,2026-08-12T15:56:58.997650+05:30,2026-09-08T10:56:58.997650+05:30,,recovered,auto_retry,91500,+919988071780,saanvi.kumar361@rediffmail.com,,,,,,915.0,915.0
23b8c5f9-f690-4af6-a44b-471414416ef2,payment,pay_ZeRtilt7jRIOsb,order_sgYHLtCXc7UIFQ,,,cust_Cy1s48fcrsw6H9,35800,INR,netbanking,,BAD_REQUEST_ERROR,customer,payment_authentication,payment_timed_out,Your payment could not be completed due to a temporary issue. Try again later.,soft,,3,3,2026-08-12T16:37:43.997650+05:30,2026-09-08T13:37:43.997650+05:30,,escalated,voice,0,+917766213992,aadhya.yadav323@hotmail.com,,,,,,358.0,0.0
a42b0d96-930a-4c68-88a8-8543ebe27439,payment,pay_7Yc29OQO8cANEf,order_Fmh3fns5eScMzg,,,cust_ZWgvaEtz48O7Co,435700,INR,wallet,,GATEWAY_ERROR,issuer_bank,payment_authorization,bank_technical_error,Bank downtime. Please try again later.,technical,,4,3,2026-08-12T16:52:23.997650+05:30,2026-09-10T22:52:23.997650+05:30,,recovered,sms,435700,+919988870013,ishaan.sharma322@rediffmail.com,,,,,,4357.0,4357.0
72e9a682-4b07-40cf-9e48-a0d6dd504b3e,payment,pay_C6vibnY5wSGrDt,order_LlGqoGWUu6RUNs,,,cust_FnTK8jSQH2DtIm,1186500,INR,upi,,BAD_REQUEST_ERROR,gateway,payment_authorization,insufficient_funds,Your payment could not be completed due to insufficient account balance.,soft,,3,3,2026-08-12T18:17:59.997650+05:30,2026-09-03T14:17:59.997650+05:30,,escalated,voice,0,+918899352537,vikram.kumar628@gmail.com,,,,,,11865.0,0.0
e5282fd0-f381-4f0c-aee4-fbc841494d9f,payment,pay_Tvtn3UCHngrlHi,order_NQ1yhbimq1skjE,,,cust_2C7mK2yLpfb5y6,862200,INR,card,visa,BAD_REQUEST_ERROR,customer,payment_initiation,incorrect_cvv,Incorrect CVV entered.,soft,,2,3,2026-08-12T18:58:52.997650+05:30,2026-08-23T10:58:52.997650+05:30,,recovered,auto_retry,862200,+919123712705,aditya.kumar482@hotmail.com,,,,,,8622.0,8622.0
72f1e425-5097-4d2b-9d0b-832a6dc9ab62,payment,pay_6mNzUTqDL9XXfT,order_aPPbUq1bLXlOXq,,,cust_PGTLPfhaOI6oT2,982700,INR,wallet,,GATEWAY_ERROR,gateway,payment_authentication,authentication_failed,Payment could not be completed due to incorrect OTP or verification details.,soft,,3,3,2026-08-12T19:01:42.997650+05:30,2026-08-28T16:01:42.997650+05:30,,recovered,sms,982700,+919900945314,saanvi.roy250@rediffmail.com,,,,,,9827.0,9827.0
03a96d0c-45f6-4166-96d0-d1892a2601cf,payment,pay_Q0qLvnMqST1a2y,order_0GJX6AZRSaC2ab,,,cust_N4VnNQYjUQfD2h,35400,INR,card,mastercard,BAD_REQUEST_ERROR,gateway,payment_authorization,insufficient_funds,Your payment could not be completed due to insufficient account balance.,soft,,2,3,2026-08-12T19:13:11.997650+05:30,2026-09-10T10:13:11.997650+05:30,,recovered,auto_retry,35400,+919123129075,shreya.mishra403@hotmail.com,,,,,,354.0,354.0
92b61923-0505-46a8-bb80-9fd08bed3709,payment,pay_g6vPr776USjwea,order_gMJ2CpLlXM8XHq,,,cust_Q487oQOqJAjx5W,23300,INR,netbanking,,GATEWAY_ERROR,gateway,payment_authorization,gateway_technical_error,Payment did not go through due to a temporary issue.,technical,,1,3,2026-08-12T19:44:01.997650+05:30,2026-08-22T10:44:01.997650+05:30,,recovered,auto_retry,23300,+917788844400,ishaan.shah751@yahoo.co.in,,,,,,233.0,233.0
61baa64d-0a90-4769-af8b-f471716c10b8,checkout_drop_off,,order_WWDP2TolaCFhtw,,,cust_rNuxOZy8Ts43tm,52500,INR,card,visa,CHECKOUT_DROP_OFF,customer,checkout_funnel,unexpected_shipping_fees,Abandoned at address_submitted: unexpected_shipping_fees,soft,,0,3,2026-08-12T20:04:40.997650+05:30,2026-08-12T20:04:40.997650+05:30,,closed,payment_link,0,+919876108625,deepak.nair52@gmail.com,,,,,address_submitted,525.0,0.0
ec1a2454-3f83-412f-920c-33c6d030d526,payment,pay_xmQhyLJ7zw8rhC,order_PGKEP0XHBg5Ibn,,,cust_Uju8jrdd2Mcjly,50900,INR,upi,,GATEWAY_ERROR,gateway,payment_authentication,authentication_failed,Payment could not be completed due to incorrect OTP or verification details.,soft,,3,3,2026-08-12T20:40:47.997650+05:30,2026-09-04T16:40:47.997650+05:30,,recovered,sms,50900,+919123576763,aditya.thakur767@gmail.com,,,,,,509.0,509.0
f0198a71-1b01-412b-899a-646883cc7061,checkout_drop_off,,order_ljGxiLzSUeSWSK,,,cust_Gh3IOFdTJYtwq0,138200,INR,card,visa,CHECKOUT_DROP_OFF,customer,checkout_funnel,delivery_time_too_long,Abandoned at address_submitted: delivery_time_too_long,soft,,0,3,2026-08-12T20:41:45.997650+05:30,2026-08-12T20:41:45.997650+05:30,,recovered,payment_link,138200,+917788426446,shreya.singh875@gmail.com,,,,,address_submitted,1382.0,1382.0
549a0a73-4655-4772-a438-f8c4ccfd12fd,payment,pay_bVSIuq5CLJVyJR,order_y0bgTQ9Wuhdh5L,,,cust_xTg8VhdXkK1Ogw,1325000,INR,card,rupay,BAD_REQUEST_ERROR,issuer_bank,payment_authorization,debit_instrument_blocked,Your card is blocked. Please contact your bank.,hard,,0,0,2026-08-12T21:38:43.997650+05:30,2026-08-12T21:38:43.997650+05:30,,closed,manual,0,+917788097389,nisha.iyer648@yahoo.co.in,,,,,,13250.0,0.0
3364493f-1f97-4269-a94b-717457757768,payment,pay_7hnhYmJqfkV3b2,order_03GLkdiuhWC6rb,,,cust_gYvnlj76G0HzNT,1117600,INR,card,visa,BAD_REQUEST_ERROR,issuer_bank,payment_authorization,debit_instrument_inactive,Your card is currently inactive.,technical,,4,3,2026-08-12T21:41:17.997650+05:30,2026-08-31T17:41:17.997650+05:30,,recovered,sms,1117600,+917788883619,vihaan.mishra540@rediffmail.com,,,,,,11176.0,11176.0
0f71e0e8-3068-4fe3-b870-7399328068e8,checkout_drop_off,pay_nf46QttxrMB4kv,order_khPHkKbZQ0JHvh,,,cust_F7DcK4h5IaXjgO,216600,INR,card,visa,CHECKOUT_DROP_OFF,customer,checkout_funnel,bank_page_latency_timeout,Abandoned at otp_abandoned: bank_page_latency_timeout,soft,,0,3,2026-08-12T22:03:42.997650+05:30,2026-08-12T22:03:42.997650+05:30,,closed,payment_link,0,+917766657026,aditi.reddy638@rediffmail.com,,,,,otp_abandoned,2166.0,0.0
8ae851c6-5315-4860-ad68-bc7dd42b10dd,checkout_drop_off,,order_5XAvpzWTJUcWhV,,,cust_0gaw5qPfCfUAwS,212400,INR,upi,rupay,CHECKOUT_DROP_OFF,customer,checkout_funnel,address_form_friction,Abandoned at address_submitted: address_form_friction,soft,,0,3,2026-08-12T22:28:19.997650+05:30,2026-08-12T22:28:19.997650+05:30,,closed,payment_link,0,+918877867588,ishaan.patel45@rediffmail.com,,,,,address_submitted,2124.0,0.0
f3e27bb9-1153-46b5-b9bc-b1423811de70,checkout_drop_off,,order_j0sy6wcpyqfS9K,,,cust_aQB42D5sL2R9Tl,244800,INR,card,visa,CHECKOUT_DROP_OFF,customer,checkout_funnel,accidental_tab_close,Abandoned at cart_abandoned: accidental_tab_close,soft,,0,3,2026-08-12T22:47:36.997650+05:30,2026-08-12T22:47:36.997650+05:30,,recovered,payment_link,244800,+919123264178,vivaan.nair962@outlook.com,,,,,cart_abandoned,2448.0,2448.0
b39cbb76-e027-4f0c-a1aa-12aa4bef461a,payment,pay_YyIGNlbu9xtLo1,order_Kf90wWuszeRhs5,,,cust_ZL0qbGyeQehEEm,4170200,INR,netbanking,,BAD_REQUEST_ERROR,gateway,payment_authorization,payment_failed,Payment was declined by the bank.,technical,,1,3,2026-08-12T23:21:57.997650+05:30,2026-08-29T10:21:57.997650+05:30,,recovered,auto_retry,4170200,+919900893977,krishna.banerjee301@gmail.com,,,,,,41702.0,41702.0
45171671-106f-46d5-b726-9e69adacd54c,payment,pay_3sdQKjF86yV1KM,order_wDHUd6pWWCw8UU,,,cust_SOcKvAYNBLnfJj,363400,INR,card,mastercard,BAD_REQUEST_ERROR,gateway,payment_authorization,insufficient_funds,Your payment could not be completed due to insufficient account balance.,soft,,3,3,2026-08-12T23:58:22.997650+05:30,2026-09-10T16:58:22.997650+05:30,,recovered,sms,363400,+919988995974,vikram.dey334@rediffmail.com,,,,,,3634.0,3634.0
fea4c4fa-ca69-44a0-acc5-00451424045b,mandate,pay_5XOkGpRxmMMjkR,order_WaGvGe10qsmpIf,,token_PMsKJ1sgaSrMOj,cust_royOnBpyXzzXjR,795400,INR,wallet,,GATEWAY_ERROR,issuer_bank,payment_authorization,bank_technical_error,Bank downtime. Please try again later.,technical,,2,3,2026-08-13T04:28:12.997650+05:30,2026-09-06T10:28:12.997650+05:30,,recovered,auto_retry,795400,+919988455115,nisha.mehta867@gmail.com,,,,,,7954.0,7954.0
b398d0ed-5922-40df-b5f1-137264900ddb,mandate,pay_zJKv2GH4eXrnDm,order_SqFdlle7i0yW8k,,token_KpeWtoyzCnrh5G,cust_nYkmDiqPe9oAE7,65500,INR,netbanking,,GATEWAY_ERROR,gateway,payment_authentication,authentication_failed,Payment could not be completed due to incorrect OTP or verification details.,soft,,3,3,2026-08-13T04:30:49.997650+05:30,2026-08-23T21:30:49.997650+05:30,,recovered,sms,65500,+918877390101,rohan.yadav190@hotmail.com,,,,,,655.0,655.0
53083c8f-e7ab-4bb8-8c3c-7b359af5937b,subscription,pay_R1kmCiV8V7j60q,order_uHKBgZec83e7E0,sub_NqHMWVqZnYXOuk,token_i05tUa2Cji0f39,cust_N1KVpFk9Qc946e,2783700,INR,card,diners,GATEWAY_ERROR,gateway,payment_authentication,authentication_failed,Payment could not be completed due to incorrect OTP or verification details.,soft,halted,3,3,2026-08-13T04:36:06.997650+05:30,2026-09-03T14:36:06.997650+05:30,,escalated,voice,0,+919123201900,neha.reddy989@rediffmail.com,,,,,,27837.0,0.0
b0847b77-f4a6-4ca2-ac68-1d73e928237c,mandate,pay_XjOdw6kn535SPy,order_idnNer8epWITw8,,token_6GTKvPIXHVtQuc,cust_mvVsUdo0Mxi48E,4837900,INR,card,mastercard,BAD_REQUEST_ERROR,customer,payment_initiation,card_number_invalid,You have entered an incorrect card number. Try again.,hard,,0,0,2026-08-13T05:32:59.997650+05:30,2026-08-13T05:32:59.997650+05:30,,closed,manual,0,+919988349008,suresh.patel945@gmail.com,,,,,,48379.0,0.0
a04951b1-0342-475b-8359-cafdefb8fa8e,mandate,pay_AAmSy4F53un80p,order_erX8Hy3xqQKuSd,,token_RyjWdqBfwYhzju,cust_fhpsvOxFc1YsYP,371100,INR,netbanking,,BAD_REQUEST_ERROR,gateway,payment_authorization,insufficient_funds,Your payment could not be completed due to insufficient account balance.,soft,,1,3,2026-08-13T06:04:39.997650+05:30,2026-09-09T10:04:39.997650+05:30,,recovered,auto_retry,371100,+918877569217,shreya.yadav297@outlook.com,,,,,,3711.0,3711.0
4a0ba94a-febc-4cd4-a966-593d2a4e7d9d,subscription,pay_7JKgc1CL4UvLLs,order_VEzXzVRWVJVLqV,sub_roDp27uj0AoQor,token_b9fhYq8ALHsC7l,cust_J00DdC5Er7vyNU,231200,INR,emandate,,BAD_REQUEST_ERROR,gateway,payment_authorization,insufficient_funds,Your payment could not be completed due to insufficient account balance.,soft,active,2,3,2026-08-13T06:05:27.997650+05:30,2026-09-06T10:05:27.997650+05:30,,recovered,auto_retry,231200,+919876925773,rajesh.mishra511@outlook.com,,,,,,2312.0,2312.0
3aa824ef-e879-4d34-b411-8e9fa0221348,subscription,pay_WVtE48NGFnGaJn,order_ha4Er5U9SMP5uM,sub_azFMD0RM9cmxrU,token_CHG0ZTA2QzPfQD,cust_npwKR1UgdfNejo,31100,INR,upi,,GATEWAY_ERROR,gateway,payment_authentication,authentication_failed,Payment could not be completed due to incorrect OTP or verification details.,soft,active,3,3,2026-08-13T06:38:43.997650+05:30,2026-09-09T16:52:43.997650+05:30,,recovered,voice,31100,+919900821069,aditya.thakur902@hotmail.com,,,,,,311.0,311.0
a9e81145-86cf-4967-bc6d-0cf7319d50f6,subscription,pay_KVJJtIxhxRwifG,order_oCucXxY9HMqZyv,sub_qwwLGWdKAeUnjV,token_Ln9cmRpkhvmNGB,cust_uoyB9kg9A8mtNV,93200,INR,upi,,BAD_REQUEST_ERROR,customer,payment_initiation,card_number_invalid,You have entered an incorrect card number. Try again.,hard,pending,0,0,2026-08-13T06:56:08.997650+05:30,2026-08-13T06:56:08.997650+05:30,,closed,manual,0,+917788875563,diya.mishra731@hotmail.com,,,,,,932.0,0.0
5bac3c0c-0755-4797-8829-2bdafdee9a77,mandate,pay_Z95q5I0w4WIuJF,order_93kxWzpQUXiTp8,,token_0mDjWXI2lVNX0j,cust_hDa67WpHBW4zrG,274100,INR,card,visa,BAD_REQUEST_ERROR,issuer_bank,card_enrollment_check,card_not_enrolled,Your card is not enabled for online payments.,hard,,0,0,2026-08-13T07:30:27.997650+05:30,2026-08-13T07:30:27.997650+05:30,,closed,manual,0,+919988482826,aarav.singh268@rediffmail.com,,,,,,2741.0,0.0
4a816fcd-d7a2-4636-a58a-3ed25120bd56,mandate,pay_1tGItqbinK92iz,order_V31nvKcNjLTvqg,,token_1iGs0D1Inv1es3,cust_iBPHMrvGyO9nSd,1028000,INR,card,rupay,BAD_REQUEST_ERROR,customer,payment_initiation,card_number_invalid,You have entered an incorrect card number. Try again.,hard,,0,0,2026-08-13T07:35:52.997650+05:30,2026-08-13T07:35:52.997650+05:30,,closed,manual,0,+919988346435,amit.joshi863@gmail.com,,,,,,10280.0,0.0
6816fa13-ddba-4aa2-88cf-6c1209de85d3,subscription,pay_jhCpPVb8tyuoS5,order_NxIu0mu1xV73B4,sub_xIxDVBUqwg8PUv,token_lLWzOiHEoNpE8c,cust_djOcPj9Bqqjd69,145500,INR,card,mastercard,GATEWAY_ERROR,gateway,payment_authentication,authentication_failed,Payment could not be completed due to incorrect OTP or verification details.,soft,active,1,3,2026-08-13T07:49:09.997650+05:30,2026-09-03T10:49:09.997650+05:30,,recovered,auto_retry,145500,+919876103530,vikram.agarwal540@outlook.com,,,,,,1455.0,1455.0
34e8d182-6aa1-48ff-a1db-dab784461b33,subscription,pay_cWoEaZ4LL3RQ2G,order_UtBGGOCVRLUhxT,sub_WZKpI869X3dTDe,token_kmEc2xb05x6FPE,cust_2Szs0SuBxCTb8T,118100,INR,emandate,,BAD_REQUEST_ERROR,customer,payment_authentication,payment_cancelled,Your payment has been cancelled.,soft,active,1,3,2026-08-13T08:25:54.997650+05:30,2026-09-08T10:25:54.997650+05:30,,recovered,auto_retry,118100,+917788677964,ananya.mahanty874@outlook.com,,,,,,1181.0,1181.0
71764e8e-d5ac-42b9-9b0e-5e9b74c89dc1,payment,pay_YI1owRJSkArgqn,order_P8P4lTuU9iyDlo,,,cust_JpkZhridCWwWAB,72700,INR,upi,,GATEWAY_ERROR,gateway,payment_authorization,gateway_technical_error,Payment did not go through due to a temporary issue.,technical,,2,3,2026-08-13T09:25:26.997650+05:30,2026-09-01T10:25:26.997650+05:30,,recovered,auto_retry,72700,+918877995961,kavita.mishra642@rediffmail.com,,,,,,727.0,727.0
342bc5e8-5616-4bb8-b6b9-b63415650f0d,mandate,pay_nBPTl3p1XjVsAJ,order_M6mVICJpHcB798,,token_XSKmkcr7v8GKaY,cust_LRHzLaIAkOO3S8,28500,INR,upi,,BAD_REQUEST_ERROR,gateway,payment_authorization,payment_failed,Payment was declined by the bank.,technical,,4,3,2026-08-13T10:04:12.997650+05:30,2026-09-07T15:04:12.997650+05:30,,escalated,voice,0,+918877537512,krishna.sharma234@gmail.com,,,,,,285.0,0.0
b62f18ac-f89e-4fd2-84aa-9b8a8c2d47fe,subscription,pay_mCmVkzs90T46c2,order_l8EXji3tHVpirz,sub_AZtOmi49JbWc0c,token_CiYrL3soUcNgPE,cust_A8OoI9yX2G4Ekl,79400,INR,netbanking,,GATEWAY_ERROR,gateway,payment_authentication,authentication_failed,Payment could not be completed due to incorrect OTP or verification details.,soft,halted,3,3,2026-08-13T10:21:38.997650+05:30,2026-09-06T12:21:38.997650+05:30,,escalated,voice,0,+919900544530,vikram.sharma176@outlook.com,,,,,,794.0,0.0
d1d6ff47-deb3-4c29-bc4c-642159bcc882,subscription,pay_OinEObyIU2tV4g,order_tLKx2jrIDh1vpb,sub_npt9GorLvHEOwW,token_dpxFj1GLk82Jg9,cust_QE4C4yInMODrgq,18100,INR,netbanking,,GATEWAY_ERROR,gateway,payment_authentication,authentication_failed,Payment could not be completed due to incorrect OTP or verification details.,soft,active,3,3,2026-08-13T10:29:50.997650+05:30,2026-09-12T09:59:00.997650+05:30,,recovered,voice,18100,+919876920096,nisha.mahanty880@rediffmail.com,,,,,,181.0,181.0
b2ff436d-69ef-4544-8bbc-234e3ca5e8ae,mandate,pay_Dor2jpNN3HN5TM,order_dwYxknAfBSW8QY,,token_HsZiFamr0tif8Q,cust_0Cwmoopyb98qE8,68200,INR,emandate,,BAD_REQUEST_ERROR,customer,payment_authentication,payment_cancelled,Your payment has been cancelled.,soft,,2,3,2026-08-13T10:39:51.997650+05:30,2026-09-11T10:39:51.997650+05:30,,recovered,auto_retry,68200,+919988659323,neha.thakur387@rediffmail.com,,,,,,682.0,682.0
87c8e902-e5d8-42d6-b2f0-951863e32a62,b2b_receivable,,order_LBn8jNs1cnjBcv,,,cust_ajEAH3wh1lI7Y8,5600000,INR,netbanking,,INVOICE_PAYMENT_OVERDUE,corporate_buyer,accounts_payable_settlement,invoice_overdue_current,Corporate invoice overdue by 0 days (current).,soft,,0,3,2026-08-13T10:40:17.997650+05:30,2026-08-13T10:40:17.997650+05:30,,recovered,email,5600000,+919123906436,ap@starlight.com,inv_Vw52WjnIXLbjbV,Starlight Manufacturing Corp,06DDBBA3930N5ZI,current,,56000.0,56000.0
4750bbfb-0566-45d3-975b-6f27cffe3199,b2b_receivable,,order_Axd2KXM5Q4LjFb,,,cust_cEfKlsLUw37bmE,5300000,INR,netbanking,,INVOICE_PAYMENT_OVERDUE,corporate_buyer,accounts_payable_settlement,invoice_overdue_60_plus_days,Corporate invoice overdue by 64 days (60_plus_days).,soft,,0,3,2026-08-13T11:21:01.997650+05:30,2026-08-13T11:21:01.997650+05:30,,escalated,manual,0,+919900913890,ap@paramount.com,inv_Lr5IUgNNOYwDvf,Paramount Engineering Works,33BDBCD2803D7ZG,60_plus_days,,53000.0,0.0
00752722-3825-4634-86ba-a6cc196162ae,subscription,pay_rcKKVuFIDdMUbJ,order_WFlngAY2gZ7JPL,sub_fNVDcBnhYEBKzF,token_Zfkceq89Drvtk3,cust_yjnwLKpacA4cDo,96800,INR,upi,,GATEWAY_ERROR,gateway,payment_authentication,authentication_failed,Payment could not be completed due to incorrect OTP or verification details.,soft,halted,3,3,2026-08-13T11:24:56.997650+05:30,2026-09-04T11:24:56.997650+05:30,,escalated,voice,0,+918877986327,kavita.patel80@yahoo.co.in,,,,,,968.0,0.0
39d789e3-21e4-404c-a42e-79bc01d83371,subscription,pay_QlBw3Fu78dq1SA,order_xSnSw5fLYfMfJJ,sub_idP5KgrBxMT2er,token_nzgixgIfmzyZRT,cust_RgAZIUcb8ND2r1,262300,INR,upi,,GATEWAY_ERROR,gateway,payment_authorization,gateway_technical_error,Payment did not go through due to a temporary issue.,technical,active,1,3,2026-08-13T11:26:47.997650+05:30,2026-09-04T10:26:47.997650+05:30,,recovered,auto_retry,262300,+918877421229,rajesh.banerjee330@rediffmail.com,,,,,,2623.0,2623.0
104b6e48-42b0-4897-bef3-06399b9bcdeb,mandate,pay_3gJ89a5ldmJbvX,order_ZbjfYXkZRqEdGg,,token_nGo0PAuIV0GtwW,cust_ZSkOZCTnYCHbBW,65100,INR,card,rupay,BAD_REQUEST_ERROR,gateway,payment_authorization,insufficient_funds,Your payment could not be completed due to insufficient account balance.,soft,,1,3,2026-08-13T11:47:28.997650+05:30,2026-08-23T10:47:28.997650+05:30,,recovered,auto_retry,65100,+918877363745,kiara.ghosh989@yahoo.co.in,,,,,,651.0,651.0
d8a7a019-4712-4be4-98fe-3c1d0965e984,subscription,pay_gKG1IzyYmlDKPl,order_GMjBLiCX3WoYGQ,sub_1nm7jFqYw2Y1Kf,token_TQUdJA1bWczSLc,cust_O3ij9X6hTIWC6f,4620700,INR,upi,,BAD_REQUEST_ERROR,customer,payment_authentication,payment_timed_out,Your payment could not be completed due to a temporary issue. Try again later.,soft,active,1,3,2026-08-13T11:51:25.997650+05:30,2026-08-29T10:51:25.997650+05:30,,recovered,auto_retry,4620700,+919876568368,saanvi.das372@rediffmail.com,,,,,,46207.0,46207.0
443e6862-36d2-4db8-9164-46b8d6fc86b0,payment,pay_eiGvkTcF6uPziI,order_S5QrFgtUKlLo1R,,,cust_ZCX6ltKInh6ntD,1086500,INR,upi,,GATEWAY_ERROR,gateway,payment_authorization,gateway_technical_error,Payment did not go through due to a temporary issue.,technical,,4,3,2026-08-13T12:08:44.997650+05:30,2026-09-09T11:08:44.997650+05:30,,recovered,sms,1086500,+917766607682,neha.chauhan234@rediffmail.com,,,,,,10865.0,10865.0
321416fd-c1af-48b0-af28-7d5b6f0e0972,mandate,pay_6iLTpfVSbb820H,order_FXufaqE8mWzHTQ,,token_Z8wk7aZOcx8WGk,cust_FC8xWqSb4dg7FU,799100,INR,card,mastercard,BAD_REQUEST_ERROR,gateway,payment_authorization,insufficient_funds,Your payment could not be completed due to insufficient account balance.,soft,,3,3,2026-08-13T12:18:06.997650+05:30,2026-09-12T12:18:06.997650+05:30,,escalated,voice,0,+917766688518,rahul.yadav67@yahoo.co.in,,,,,,7991.0,0.0
82f18c2b-e6c9-4d55-b37e-1479e38fbf3e,payment,pay_u2o7bRhknm7BnW,order_4eOWL8aF8qrSl2,,,cust_CVy17uERKK3QEI,1127900,INR,upi,,BAD_REQUEST_ERROR,issuer_bank,payment_authorization,transaction_limit_exceeded,Maximum transaction limit exceeded for the day.,soft,,3,3,2026-08-13T12:20:28.997650+05:30,2026-09-15T16:20:28.997650+05:30,,escalated,voice,0,+918899055629,rohan.verma989@rediffmail.com,,,,,,11279.0,0.0
3801dec1-0895-4ea6-84b1-b4f7069ce311,payment,pay_fuYOLEi1IPkvUO,order_I5PFMhjpYGZCnV,,,cust_qHNWvg3KoyVvOd,2418100,INR,upi,,GATEWAY_ERROR,gateway,payment_authentication,authentication_failed,Payment could not be completed due to incorrect OTP or verification details.,soft,,3,3,2026-08-13T13:24:41.997650+05:30,2026-09-04T15:24:41.997650+05:30,,escalated,voice,0,+919876693196,kavita.pillai21@yahoo.co.in,,,,,,24181.0,0.0
90698cbd-eb20-4d96-a049-8dda969ce8d7,payment,pay_aceICw1hsJf9Xv,order_OZb8hcIWMvXkZy,,,cust_LJJ66r8mAoWLDR,3612000,INR,netbanking,,BAD_REQUEST_ERROR,customer,payment_initiation,card_number_invalid,You have entered an incorrect card number. Try again.,hard,,0,0,2026-08-13T13:42:58.997650+05:30,2026-08-13T13:42:58.997650+05:30,,closed,manual,0,+918877926692,neha.sharma398@yahoo.co.in,,,,,,36120.0,0.0
186e45ba-9f77-4865-9b66-d8842c69c242,payment,pay_93YcLrdgjHidEC,order_gpwNCoLLJfe6y4,,,cust_HZ9censHq5uJRL,31100,INR,wallet,,BAD_REQUEST_ERROR,customer,payment_authentication,payment_cancelled,Your payment has been cancelled.,soft,,1,3,2026-08-13T13:55:22.997650+05:30,2026-08-30T10:55:22.997650+05:30,,recovered,auto_retry,31100,+918877991269,rahul.banerjee274@hotmail.com,,,,,,311.0,311.0
e4564368-f92d-4be2-a379-89b41b61ed75,payment,pay_AuH1iYHE9I2BsH,order_SYtRHpSWrGQf62,,,cust_3CZjlc4CKSOVJE,224900,INR,card,visa,GATEWAY_ERROR,gateway,payment_authentication,authentication_failed,Payment could not be completed due to incorrect OTP or verification details.,soft,,3,3,2026-08-13T13:56:55.997650+05:30,2026-09-06T13:56:55.997650+05:30,,recovered,sms,224900,+918899550627,deepak.mishra571@gmail.com,,,,,,2249.0,2249.0
3f94757b-59e5-4493-8004-48f0e315ddca,mandate,pay_BUS8bHHI5lSeyf,order_3wIPRjSYe5Mx1X,,token_qSCG9G5sfV6ZYJ,cust_Y40QTl8Jy6ugKY,291600,INR,netbanking,,BAD_REQUEST_ERROR,gateway,payment_authorization,insufficient_funds,Your payment could not be completed due to insufficient account balance.,soft,,3,3,2026-08-13T13:58:45.997650+05:30,2026-09-04T13:58:45.997650+05:30,,escalated,voice,0,+918877237042,vivaan.verma149@yahoo.co.in,,,,,,2916.0,0.0
11fc7a48-bf8b-4340-a4f4-fffe62d834c5,payment,pay_OlGxD3aJeJYvN2,order_JV8YWh19ZgF7Sw,,,cust_uAyuwkBXR9VUxI,327800,INR,netbanking,,GATEWAY_ERROR,issuer_bank,payment_authorization,bank_technical_error,Bank downtime. Please try again later.,technical,,4,3,2026-08-13T13:59:36.997650+05:30,2026-08-29T14:59:36.997650+05:30,,escalated,voice,0,+917788637862,nisha.joshi775@hotmail.com,,,,,,3278.0,0.0
8145ca59-dee8-4e10-9d8b-3d80bd243880,b2b_receivable,,order_JMfwf8SzT8aicL,,,cust_InEJJn76TNdQAH,9400000,INR,netbanking,,INVOICE_PAYMENT_OVERDUE,corporate_buyer,accounts_payable_settlement,invoice_overdue_current,Corporate invoice overdue by 0 days (current).,soft,,0,3,2026-08-13T14:02:23.997650+05:30,2026-08-13T14:02:23.997650+05:30,,closed,email,0,+918899848285,ap@sigma.com,inv_udcYVK6w2PXNnk,Sigma Heavy Equipment Ltd,29CDCDB3335F3ZE,current,,94000.0,0.0
80329f4c-bdc1-452b-b4a9-588775c72d60,checkout_drop_off,,order_XddqqVEY0BA4Uo,,,cust_cnD6YlADzheFYS,163400,INR,card,visa,CHECKOUT_DROP_OFF,customer,checkout_funnel,accidental_tab_close,Abandoned at cart_abandoned: accidental_tab_close,soft,,0,3,2026-08-13T15:15:20.997650+05:30,2026-08-13T15:15:20.997650+05:30,,closed,payment_link,0,+919876170826,kiara.pillai381@rediffmail.com,,,,,cart_abandoned,1634.0,0.0
68fff77b-56c3-42a6-bbff-8a910e816813,b2b_receivable,,order_xbiEJKjshR0xav,,,cust_azNcEL1pfFl9Md,12800000,INR,netbanking,,INVOICE_PAYMENT_OVERDUE,corporate_buyer,accounts_payable_settlement,invoice_overdue_16_30_days,Corporate invoice overdue by 27 days (16_30_days).,soft,,0,3,2026-08-13T15:17:33.997650+05:30,2026-08-13T15:17:33.997650+05:30,,closed,email,0,+919876081858,ap@hyperion.com,inv_194D8cCCrYRO9t,Hyperion Telecom Services LLP,19CBDBE7162S7Z4,16_30_days,,128000.0,0.0
1fc28df3-9eae-487a-bc16-e9a719527d5d,b2b_receivable,,order_e2zBeuc4sxZVoI,,,cust_MaPYl8LYRGAeUS,7500000,INR,netbanking,,INVOICE_PAYMENT_OVERDUE,corporate_buyer,accounts_payable_settlement,invoice_overdue_1_15_days,Corporate invoice overdue by 3 days (1_15_days).,soft,,0,3,2026-08-13T16:42:16.997650+05:30,2026-08-13T16:42:16.997650+05:30,,recovered,email,7500000,+919900974857,ap@trident.com,inv_QboZU5101m6GOR,Trident Agro Exports Pvt Ltd,29AEACE7192F6Z8,1_15_days,,75000.0,75000.0
2db1f702-f67c-431d-8ae8-8fc8e1e86ffa,mandate,pay_wgZTKagFoYftyS,order_lE05UJTE0RWBXf,,token_sEueqifuzc2fiO,cust_fRccFB3ThHAPnr,427100,INR,upi,,BAD_REQUEST_ERROR,customer,payment_initiation,incorrect_cvv,Incorrect CVV entered.,soft,,2,3,2026-08-13T17:12:17.997650+05:30,2026-08-24T10:12:17.997650+05:30,,recovered,auto_retry,427100,+919123082486,rajesh.kumar681@gmail.com,,,,,,4271.0,4271.0
176e5aab-2aa2-4868-842c-eb9bfe6e3356,subscription,pay_JzS2Ku7Esz3Azy,order_pRnAxmYj4vNdbc,sub_xsjGeFDXicImzZ,token_oSY87fE7WyEh5V,cust_iFal7VcwPr7skF,438700,INR,upi,,BAD_REQUEST_ERROR,customer,payment_authentication,payment_timed_out,Your payment could not be completed due to a temporary issue. Try again later.,soft,halted,3,3,2026-08-13T17:59:10.997650+05:30,2026-09-04T15:59:10.997650+05:30,,escalated,voice,0,+919123223101,kavita.reddy944@yahoo.co.in,,,,,,4387.0,0.0
076de153-a6e4-4c35-baec-40776bd43f11,mandate,pay_Av9ZfIeJcEQ2ub,order_2ekxyuPkxZClF3,,token_fP6YU2vhV15bQF,cust_4L39CpUqMeLc6J,36900,INR,upi,,BAD_REQUEST_ERROR,gateway,payment_authorization,payment_failed,Payment was declined by the bank.,technical,,4,3,2026-08-13T18:46:49.997650+05:30,2026-09-07T12:46:49.997650+05:30,,escalated,voice,0,+919900764174,suresh.verma468@gmail.com,,,,,,369.0,0.0
c5499ae7-0533-4b73-85da-f31eae9e9f6f,subscription,pay_sdwPFG8gMVzhdm,order_xG2v9eNNM5Fvm0,sub_HCAl7OaJyIdNmN,token_d5zklvsn4MLSli,cust_gX2PG6THTF9x3D,4350900,INR,upi,,BAD_REQUEST_ERROR,issuer_bank,payment_authorization,transaction_limit_exceeded,Maximum transaction limit exceeded for the day.,soft,active,2,3,2026-08-13T18:54:09.997650+05:30,2026-09-11T10:54:09.997650+05:30,,recovered,auto_retry,4350900,+917788810540,ishaan.verma450@outlook.com,,,,,,43509.0,43509.0
e2afccc2-dff6-440d-906b-17b7b1a90a31,payment,pay_eFEYlQvZE2lUye,order_FeZXFOjRBhfEvi,,,cust_vn3rdpVzZldADT,478300,INR,wallet,,BAD_REQUEST_ERROR,issuer_bank,payment_authorization,card_disabled_for_online_payments,Your card is disabled for online payments.,hard,,0,0,2026-08-13T19:43:05.997650+05:30,2026-08-13T19:43:05.997650+05:30,,closed,manual,0,+919900658153,vihaan.patel255@hotmail.com,,,,,,4783.0,0.0
373bd263-93ab-44cd-a0be-a47fd854d0da,payment,pay_O6vcCcNgRxcmJq,order_ia2zvWdIXulf00,,,cust_G5W7RAGv9Y5Nw4,45100,INR,netbanking,,BAD_REQUEST_ERROR,gateway,payment_authorization,insufficient_funds,Your payment could not be completed due to insufficient account balance.,soft,,3,3,2026-08-13T20:29:03.997650+05:30,2026-09-08T15:29:03.997650+05:30,,escalated,voice,0,+919123155216,isha.kumar986@rediffmail.com,,,,,,451.0,0.0
cc9b4057-33b0-4f5c-b40e-8e83f6e96e0b,payment,pay_MeY9ZT8wkkoMEG,order_p1wMiv1GJIqz42,,,cust_cB2deBv0mI5BUn,179800,INR,upi,,BAD_REQUEST_ERROR,issuer_bank,payment_authorization,card_expired,Your card has expired. Please use another card.,hard,,0,0,2026-08-13T20:35:23.997650+05:30,2026-08-13T20:35:23.997650+05:30,,closed,manual,0,+919123380403,aditya.verma882@yahoo.co.in,,,,,,1798.0,0.0
ef2a6a76-ba4e-42a5-9231-900c33df5bac,payment,pay_VSbjcgJGooIo8R,order_C7ZcXIPob5leBh,,,cust_ZTg0Mo04RYiqK7,1080100,INR,upi,,BAD_REQUEST_ERROR,gateway,payment_authorization,insufficient_funds,Your payment could not be completed due to insufficient account balance.,soft,,3,3,2026-08-13T20:59:28.997650+05:30,2026-09-04T12:59:28.997650+05:30,,escalated,voice,0,+918877799481,arjun.bose621@yahoo.co.in,,,,,,10801.0,0.0
c1d20680-402d-48c5-91a4-811bd74de879,checkout_drop_off,pay_OjDmuP6yPgY6m7,order_BSLtyzpOdqgAzw,,,cust_byyYubhRGagHGU,143300,INR,upi,visa,CHECKOUT_DROP_OFF,customer,checkout_funnel,3ds_auth_cancelled,Abandoned at otp_abandoned: 3ds_auth_cancelled,soft,,0,3,2026-08-13T21:29:58.997650+05:30,2026-08-13T21:29:58.997650+05:30,,recovered,payment_link,143300,+919900495300,saanvi.nair725@outlook.com,,,,,otp_abandoned,1433.0,1433.0
99d57621-6417-49f5-92f0-4e92aaa853ef,payment,pay_bnJzFwZnOlW40x,order_xC9EQ6s60VxGsh,,,cust_ykf5lCREOOTLCr,335100,INR,card,rupay,GATEWAY_ERROR,issuer_bank,payment_authorization,bank_technical_error,Bank downtime. Please try again later.,technical,,4,3,2026-08-13T21:31:55.997650+05:30,2026-09-09T09:31:55.997650+05:30,,recovered,sms,335100,+917788188842,aanya.patel867@rediffmail.com,,,,,,3351.0,3351.0
8ede33e9-20f6-4f19-a561-43eb5fefd257,payment,pay_X56NLEKYHkhPbg,order_05m1HLgdREtDO3,,,cust_JxqRz1xPwflxJL,217600,INR,upi,,BAD_REQUEST_ERROR,customer,payment_authentication,payment_timed_out,Your payment could not be completed due to a temporary issue. Try again later.,soft,,1,3,2026-08-13T21:40:35.997650+05:30,2026-08-29T10:40:35.997650+05:30,,recovered,auto_retry,217600,+917766980133,suresh.reddy655@rediffmail.com,,,,,,2176.0,2176.0
1677a9e3-d41e-4077-8c52-acc471676992,payment,pay_MkXFPWxqbyfUYn,order_wJz0nyxNsvGYQB,,,cust_rw2tqzvA3bhiqg,3721500,INR,card,amex,GATEWAY_ERROR,gateway,payment_authorization,gateway_technical_error,Payment did not go through due to a temporary issue.,technical,,4,3,2026-08-13T22:32:17.997650+05:30,2026-08-31T15:32:17.997650+05:30,,escalated,voice,0,+918899718868,saanvi.nair325@yahoo.co.in,,,,,,37215.0,0.0
ec3a18fd-13d3-41e4-87c7-331c3bb849fb,payment,pay_hk0bmRSovE397u,order_PxbDlOZBzyW4Wp,,,cust_M6K0ZesKqdMaBi,532500,INR,card,rupay,BAD_REQUEST_ERROR,customer,payment_initiation,incorrect_cvv,Incorrect CVV entered.,soft,,3,3,2026-08-13T23:05:40.997650+05:30,2026-08-28T06:05:40.997650+05:30,,recovered,sms,532500,+919123728740,krishna.joshi326@rediffmail.com,,,,,,5325.0,5325.0
65e367e9-8045-4090-9e4e-ca6be5efaaa7,mandate,pay_NPI6fFlBA274AC,order_W5KnaxPRVrLtKV,,token_Q1YoTMmbTffzIP,cust_u8CD2NodMzncgT,55100,INR,upi,,BAD_REQUEST_ERROR,customer,payment_initiation,incorrect_cvv,Incorrect CVV entered.,soft,,3,3,2026-08-14T04:01:03.997650+05:30,2026-09-05T00:01:03.997650+05:30,,recovered,sms,55100,+918877444053,amit.mishra775@hotmail.com,,,,,,551.0,551.0
f82ffcb2-7a29-4010-8ee4-e766ab0aedd7,subscription,pay_uMEkq3myZaY3Ob,order_MN4ACk4H8sZKA8,sub_y4IgA758nXl5Lt,token_NGHDAiyUuEgCek,cust_csm3Unwnj55hf7,270600,INR,card,visa,BAD_REQUEST_ERROR,issuer_bank,payment_authorization,debit_instrument_blocked,Your card is blocked. Please contact your bank.,hard,pending,0,0,2026-08-14T04:05:43.997650+05:30,2026-08-14T04:05:43.997650+05:30,,closed,manual,0,+919876248234,diya.mukherjee81@rediffmail.com,,,,,,2706.0,0.0
cac7b868-a361-4703-9897-258f20f834fa,subscription,pay_5G4Fg1necqxBV4,order_IEVm0MtSghb35t,sub_y6XXl1y8ZUavuw,token_LHvaW1k2OP5FFY,cust_VxWTybWv1JfHyv,670000,INR,upi,,GATEWAY_ERROR,issuer_bank,payment_authorization,bank_technical_error,Bank downtime. Please try again later.,technical,active,3,3,2026-08-14T04:31:00.997650+05:30,2026-09-03T10:31:00.997650+05:30,,recovered,auto_retry,670000,+918899726303,saanvi.mehta841@yahoo.co.in,,,,,,6700.0,6700.0
e3b3a91e-8e89-441c-af77-8d432b95280e,mandate,pay_Fo9PRTR3F7SvRU,order_KxBydnvFaHDuOG,,token_UrceuNWbGNjt9o,cust_MYKdqPU6sjY7wB,64700,INR,card,diners,GATEWAY_ERROR,gateway,payment_authentication,authentication_failed,Payment could not be completed due to incorrect OTP or verification details.,soft,,1,3,2026-08-14T04:34:28.997650+05:30,2026-08-14T10:34:28.997650+05:30,,recovered,auto_retry,64700,+919988679510,aditya.joshi258@yahoo.co.in,,,,,,647.0,647.0
a6f4cd7f-12c5-4367-a32f-5ea21810698e,subscription,pay_Qz4KzatBmgFtlp,order_4uoZBcDzy0HlwV,sub_0HGPRijfSD8zEn,token_ibLVwQJqmXfVyd,cust_uz53Gd6AZHZyHc,34600,INR,upi,,BAD_REQUEST_ERROR,customer,payment_authentication,payment_cancelled,Your payment has been cancelled.,soft,active,2,3,2026-08-14T04:35:17.997650+05:30,2026-08-31T10:35:17.997650+05:30,,recovered,auto_retry,34600,+918877867715,aditi.roy611@outlook.com,,,,,,346.0,346.0
66b6ad44-0253-4bb2-841f-35b773ffe99a,subscription,pay_okEZUWejjsEYcP,order_oZfPCP5wN3kdth,sub_j5m4OBI5GZk0XO,token_jWozWJzdVOIUNv,cust_NYDNtexCvwJMUZ,220500,INR,card,visa,GATEWAY_ERROR,issuer_bank,payment_authorization,bank_technical_error,Bank downtime. Please try again later.,technical,halted,3,3,2026-08-14T04:37:14.997650+05:30,2026-09-04T11:37:14.997650+05:30,,escalated,voice,0,+918877377854,neha.mehta629@hotmail.com,,,,,,2205.0,0.0
3dad5b93-e3cc-4a76-adca-159f16e64ebd,mandate,pay_dn4ue83CbQNaTs,order_5bfPoYycHQUrjI,,token_EiStmAD8wkGJQx,cust_uhG09e5V8zu84l,231500,INR,card,visa,BAD_REQUEST_ERROR,customer,payment_authentication,payment_timed_out,Your payment could not be completed due to a temporary issue. Try again later.,soft,,3,3,2026-08-14T05:05:14.997650+05:30,2026-09-04T02:05:14.997650+05:30,,recovered,sms,231500,+919876657180,diya.iyer865@outlook.com,,,,,,2315.0,2315.0
fb49ba3f-df99-4c57-86ff-6ec0bd7b400c,subscription,pay_R3j6Pf9XQX7kSX,order_t9idA8tQNCm3v1,sub_LDwDwh26sPIQPL,token_j1qEeewttUY604,cust_UuoCRXozn5lW3t,114800,INR,upi,,BAD_REQUEST_ERROR,customer,payment_authentication,payment_timed_out,Your payment could not be completed due to a temporary issue. Try again later.,soft,halted,3,3,2026-08-14T05:07:03.997650+05:30,2026-09-04T15:07:03.997650+05:30,,escalated,voice,0,+919123124456,aanya.joshi985@hotmail.com,,,,,,1148.0,0.0
2ef11537-7db6-4ad8-8c05-836306a42180,subscription,pay_0agdahbOWBky5t,order_kCuQjnnfxPeSfC,sub_gLaC0Z3yYYIZ6K,token_pjswSo1Whnmdkf,cust_0zVVxUvLNEuFTc,21600,INR,card,visa,BAD_REQUEST_ERROR,gateway,payment_authorization,payment_failed,Payment was declined by the bank.,technical,active,1,3,2026-08-14T05:38:56.997650+05:30,2026-08-29T10:38:56.997650+05:30,,recovered,auto_retry,21600,+919876086115,rajesh.singh422@gmail.com,,,,,,216.0,216.0
a5a588d9-547d-4183-b688-cdd330a04f2a,subscription,pay_CSfgQU0tdvdHlw,order_XTeZzSQEHZnbJR,sub_wpkrHGuZdYRZxn,token_cd4eVVsvbaqe0c,cust_h0rW9gkW7jzQN2,1450200,INR,upi,,BAD_REQUEST_ERROR,gateway,payment_authorization,insufficient_funds,Your payment could not be completed due to insufficient account balance.,soft,halted,3,3,2026-08-14T05:46:32.997650+05:30,2026-09-03T11:46:32.997650+05:30,,escalated,voice,0,+919988445809,ayaan.gupta654@yahoo.co.in,,,,,,14502.0,0.0
af67934b-fb56-463d-8dd1-56eacd774bba,mandate,pay_T5jncgFCdshlgC,order_8qdvy6ZxyvCpDK,,token_73m9AAMFLawQjY,cust_jy1pMW13GCZKTB,16100,INR,card,mastercard,BAD_REQUEST_ERROR,issuer_bank,payment_authorization,transaction_limit_exceeded,Maximum transaction limit exceeded for the day.,soft,,3,3,2026-08-14T06:12:08.997650+05:30,2026-08-23T13:12:08.997650+05:30,,escalated,voice,0,+919123824852,vihaan.singh795@hotmail.com,,,,,,161.0,0.0
83759869-cf17-4873-a3d2-913f7a504900,mandate,pay_F0fDQjUcPifUSG,order_VgOi9HivGhOjvX,,token_tt8gJhkAdMFlX5,cust_unmysGh0T4p8jU,487400,INR,netbanking,,BAD_REQUEST_ERROR,customer,payment_authentication,payment_cancelled,Your payment has been cancelled.,soft,,3,3,2026-08-14T06:32:02.997650+05:30,2026-09-10T10:32:02.997650+05:30,,recovered,auto_retry,487400,+918899171517,nisha.shah330@rediffmail.com,,,,,,4874.0,4874.0
f8dd8f4d-5dc1-4d7b-b945-5918a1b519bb,mandate,pay_herLesuyh6etuC,order_QAY0PtzJApZD3O,,token_MKEVn7ByKPVNpI,cust_1D51yXBEIK7haO,1179300,INR,upi,,GATEWAY_ERROR,issuer_bank,payment_authorization,bank_technical_error,Bank downtime. Please try again later.,technical,,2,3,2026-08-14T06:37:29.997650+05:30,2026-09-08T10:37:29.997650+05:30,,recovered,auto_retry,1179300,+919123437714,pooja.mishra111@outlook.com,,,,,,11793.0,11793.0
43d0a133-1506-454c-ad76-2bbce3ca77d5,mandate,pay_SF4nnLHhbH02gu,order_XfhI9HLnMEbNYm,,token_tFJh2locmIBykV,cust_h28DDHfXpGdvnf,343000,INR,wallet,,GATEWAY_ERROR,gateway,payment_authentication,authentication_failed,Payment could not be completed due to incorrect OTP or verification details.,soft,,3,3,2026-08-14T06:38:03.997650+05:30,2026-09-04T23:38:03.997650+05:30,,recovered,sms,343000,+918899652047,suresh.pillai731@hotmail.com,,,,,,3430.0,3430.0
fa333f46-8cfe-42d1-988f-519a069dbe0e,mandate,pay_0E9bHkX84twa3z,order_UaDPj2HvsHwNdE,,token_NrUsmYFGmv3d6J,cust_SvkX28qttDSBlP,45700,INR,upi,,GATEWAY_ERROR,gateway,payment_authentication,authentication_failed,Payment could not be completed due to incorrect OTP or verification details.,soft,,1,3,2026-08-14T07:40:49.997650+05:30,2026-08-15T10:40:49.997650+05:30,,recovered,auto_retry,45700,+918877426710,nisha.singh746@hotmail.com,,,,,,457.0,457.0
b02d2a4b-43a2-4312-9dcc-1fc76fc37e7b,subscription,pay_F09ff0XYma5uAN,order_YnEydXK980tETu,sub_osDUUnIDrV5jQv,token_XEtyTW5GjSrNKA,cust_PsKiMwG84H8nvL,444200,INR,card,visa,BAD_REQUEST_ERROR,issuer_bank,payment_authorization,card_expired,Your card has expired. Please use another card.,hard,pending,0,0,2026-08-14T07:42:35.997650+05:30,2026-08-14T07:42:35.997650+05:30,,closed,manual,0,+917766300556,isha.joshi690@yahoo.co.in,,,,,,4442.0,0.0
a85fb496-397a-4340-b5fb-c612f89025e0,mandate,pay_XEyUMkdtAurE68,order_fC7ODHapXXp2iQ,,token_hDPai4XdjApJxU,cust_OSPxMFt6lmXJAI,153200,INR,card,rupay,GATEWAY_ERROR,gateway,payment_authentication,authentication_failed,Payment could not be completed due to incorrect OTP or verification details.,soft,,3,3,2026-08-14T07:47:57.997650+05:30,2026-09-03T13:47:57.997650+05:30,,escalated,voice,0,+919876564084,kiara.dey471@rediffmail.com,,,,,,1532.0,0.0
bb3931dd-26a5-40f1-b1d1-3198da0a51f5,mandate,pay_XZaW99ugQ1XBSa,order_oGMqdVWfwku9cX,,token_Glgtv7T6UZB8C3,cust_xYCIhOZnTy29sh,2214700,INR,upi,,BAD_REQUEST_ERROR,gateway,payment_authorization,insufficient_funds,Your payment could not be completed due to insufficient account balance.,soft,,3,3,2026-08-14T09:25:46.997650+05:30,2026-09-09T13:25:46.997650+05:30,,recovered,sms,2214700,+917788977955,amit.mukherjee620@gmail.com,,,,,,22147.0,22147.0
6ad9c55c-1079-440f-ac01-abdfa0791e9b,mandate,pay_2jxm1coBXcJ1eF,order_G4F5PpSMiM3iu9,,token_xOKn9xBJ1mipYZ,cust_HaJJQGNF2WEstm,79700,INR,upi,,BAD_REQUEST_ERROR,issuer_bank,card_enrollment_check,card_not_enrolled,Your card is not enabled for online payments.,hard,,0,0,2026-08-14T09:46:08.997650+05:30,2026-08-14T09:46:08.997650+05:30,,closed,manual,0,+919123358828,shreya.dey298@outlook.com,,,,,,797.0,0.0
a1cf34ad-9599-4c8f-a4a0-24ed02027ec0,mandate,pay_x6G8MNnRG0Fbbu,order_gNJsYFDhcB5yRC,,token_oOBltM4uv11GdV,cust_BiEoNt3MHeKpR8,860000,INR,upi,,GATEWAY_ERROR,gateway,payment_authentication,authentication_failed,Payment could not be completed due to incorrect OTP or verification details.,soft,,3,3,2026-08-14T10:20:22.997650+05:30,2026-08-24T16:20:22.997650+05:30,,escalated,voice,0,+919123646128,aadhya.singh802@hotmail.com,,,,,,8600.0,0.0
0af82513-f425-4ff8-9918-363bfc2ec52e,mandate,pay_7sSsTJ4DYPh6wc,order_Fn7qLSircYaSE0,,token_1LJEeRXSnZjS9N,cust_R5gCAFHfFW3lXN,61200,INR,wallet,,BAD_REQUEST_ERROR,gateway,payment_authorization,insufficient_funds,Your payment could not be completed due to insufficient account balance.,soft,,2,3,2026-08-14T10:30:24.997650+05:30,2026-09-10T10:30:24.997650+05:30,,recovered,auto_retry,61200,+918899285704,vivaan.pillai79@outlook.com,,,,,,612.0,612.0
e4905c46-98cc-43cb-acd0-c64286a378cd,mandate,pay_HB3QjM99MmVQhG,order_goWmDd5b33HkgZ,,token_kg4ubP1IBjzSm8,cust_BiQQ6mB5lcsUAr,102600,INR,card,mastercard,BAD_REQUEST_ERROR,gateway,payment_authorization,payment_failed,Payment was declined by the bank.,technical,,4,3,2026-08-14T10:46:09.997650+05:30,2026-09-07T10:46:09.997650+05:30,,recovered,auto_retry,102600,+919988716411,saanvi.patel306@gmail.com,,,,,,1026.0,1026.0
85553d63-83d4-4569-b962-60d510cd07cb,subscription,pay_6gqTBKRQAPJAgh,order_AcAOk4InQgvdbs,sub_FjRpekqJC28XJN,token_gWaLeums2B36DH,cust_a89tx3lQrDv3PD,1108400,INR,wallet,,BAD_REQUEST_ERROR,issuer_bank,card_enrollment_check,card_not_enrolled,Your card is not enabled for online payments.,hard,pending,0,0,2026-08-14T11:27:29.997650+05:30,2026-08-14T11:27:29.997650+05:30,,closed,manual,0,+918899783781,rohan.mukherjee663@yahoo.co.in,,,,,,11084.0,0.0
aed38657-06d2-4271-ae7e-52d92eb47b33,subscription,pay_JKYDSoxBlQRt4E,order_ImjzR4AJJdkqQa,sub_OyTUGQUGI7Y33E,token_gfGZdazHvYld6w,cust_z0IPHw4G4Mg9l7,51200,INR,upi,,BAD_REQUEST_ERROR,issuer_bank,payment_authorization,card_disabled_for_online_payments,Your card is disabled for online payments.,hard,pending,0,0,2026-08-14T11:28:57.997650+05:30,2026-08-14T11:28:57.997650+05:30,,closed,manual,0,+919876065791,ayaan.joshi907@yahoo.co.in,,,,,,512.0,0.0
03d35b0e-fe2f-4fd9-a9e9-cac28ff25797,payment,pay_quzySZ4nOBqEOT,order_ipTFtexpROTloC,,,cust_0jZZhwGXVgLGrv,1153900,INR,netbanking,,GATEWAY_ERROR,gateway,payment_authentication,authentication_failed,Payment could not be completed due to incorrect OTP or verification details.,soft,,1,3,2026-08-14T11:34:38.997650+05:30,2026-08-22T10:34:38.997650+05:30,,recovered,auto_retry,1153900,+918877034495,reyansh.kumar29@rediffmail.com,,,,,,11539.0,11539.0
e3e3d05d-19f4-458c-9345-5296a0702b92,mandate,pay_01jPA0wHb7158Q,order_Y9imp9sdYzyvOU,,token_4I7yUiBXdwVav9,cust_i5WkFbB9nC71Lf,234000,INR,card,visa,BAD_REQUEST_ERROR,gateway,payment_authorization,payment_failed,Payment was declined by the bank.,technical,,1,3,2026-08-14T11:41:02.997650+05:30,2026-09-08T10:41:02.997650+05:30,,recovered,auto_retry,234000,+917788516389,amit.iyer225@hotmail.com,,,,,,2340.0,2340.0
ecb62771-51b8-4c45-b14e-dc419603a32b,b2b_receivable,,order_SepdP0yb2QxuJ3,,,cust_Es7erHnUynXJdE,7200000,INR,netbanking,,INVOICE_PAYMENT_OVERDUE,corporate_buyer,accounts_payable_settlement,invoice_overdue_16_30_days,Corporate invoice overdue by 29 days (16_30_days).,soft,,0,3,2026-08-14T12:23:23.997650+05:30,2026-08-14T12:23:23.997650+05:30,,closed,email,0,+918877939295,ap@finmatrix.com,inv_vlXbcTchI6whVb,FinMatrix Consulting Pvt Ltd,29CCBAE6176G6ZO,16_30_days,,72000.0,0.0
4e73b19a-7d5c-487c-a252-c6b32c203cad,payment,pay_Wb27DK2s8KlGLX,order_xMsXfcXDLKd2iA,,,cust_croldy0GbtFUGP,51800,INR,upi,,BAD_REQUEST_ERROR,customer,payment_initiation,incorrect_cvv,Incorrect CVV entered.,soft,,3,3,2026-08-14T13:01:50.997650+05:30,2026-09-09T08:01:50.997650+05:30,,recovered,sms,51800,+919900661459,reyansh.gupta774@gmail.com,,,,,,518.0,518.0
c16743c4-a037-4f35-a387-45d3cd9e257a,payment,pay_Xng8G9MKdGG5Lu,order_Hvx7XobP7KhZau,,,cust_qnFrlsR1ur94Ig,557700,INR,wallet,,BAD_REQUEST_ERROR,customer,payment_authentication,payment_timed_out,Your payment could not be completed due to a temporary issue. Try again later.,soft,,1,3,2026-08-14T13:11:05.997650+05:30,2026-08-31T10:11:05.997650+05:30,,recovered,auto_retry,557700,+919988029674,kiara.joshi881@rediffmail.com,,,,,,5577.0,5577.0
1557789a-7153-4542-93cb-a55a9a85b75d,checkout_drop_off,,order_k9sbVUJYC3MOla,,,cust_eBrVLDiJz7Ql4f,56400,INR,card,visa,CHECKOUT_DROP_OFF,customer,checkout_funnel,window_shopping_exit,Abandoned at cart_abandoned: window_shopping_exit,soft,,0,3,2026-08-14T13:45:15.997650+05:30,2026-08-14T13:45:15.997650+05:30,,closed,payment_link,0,+919876220421,ayaan.singh361@yahoo.co.in,,,,,cart_abandoned,564.0,0.0
52d55834-c533-4e0b-bcdf-b9faee2b3432,checkout_drop_off,pay_o29SIkZnXOXj4b,order_MJV7nXk7mGHPmU,,,cust_C02GoLgq92iRG8,758800,INR,card,visa,CHECKOUT_DROP_OFF,customer,checkout_funnel,3ds_auth_cancelled,Abandoned at otp_abandoned: 3ds_auth_cancelled,soft,,0,3,2026-08-14T13:49:37.997650+05:30,2026-08-14T13:49:37.997650+05:30,,closed,payment_link,0,+918877137327,vikram.ghosh889@outlook.com,,,,,otp_abandoned,7588.0,0.0
d685bcf5-0c42-4ecb-b0e0-c46768234dfa,checkout_drop_off,pay_WZGTaZPzThihkP,order_OCgKUgNpAUDJdo,,,cust_AJWQXx3zRLrqFr,81800,INR,upi,visa,CHECKOUT_DROP_OFF,customer,checkout_funnel,upi_intent_app_switch_failed,Abandoned at payment_method_selected: upi_intent_app_switch_failed,soft,,0,3,2026-08-14T13:57:41.997650+05:30,2026-08-14T13:57:41.997650+05:30,,closed,payment_link,0,+917766344706,deepak.joshi872@gmail.com,,,,,payment_method_selected,818.0,0.0
e987456c-8427-456e-9e60-c7f501ea3d5f,payment,pay_15WL7xkDpzAIsh,order_F1LDmaA1kKOGYm,,,cust_2CmuWA9w4xhsK9,207700,INR,upi,,BAD_REQUEST_ERROR,customer,payment_initiation,incorrect_cvv,Incorrect CVV entered.,soft,,2,3,2026-08-14T14:04:27.997650+05:30,2026-09-04T10:04:27.997650+05:30,,recovered,auto_retry,207700,+919900162714,aditi.yadav195@gmail.com,,,,,,2077.0,2077.0
91e19c43-d97f-4ac2-a372-5143e511854d,payment,pay_6ei9T6gJwQvre1,order_9JBwp8w75z1c7B,,,cust_pIxylcnB4cLmXw,795600,INR,card,mastercard,BAD_REQUEST_ERROR,customer,payment_initiation,incorrect_cvv,Incorrect CVV entered.,soft,,3,3,2026-08-14T14:21:43.997650+05:30,2026-09-06T14:21:43.997650+05:30,,escalated,voice,0,+919876045457,krishna.patel289@hotmail.com,,,,,,7956.0,0.0
54086172-9670-458d-9bc4-f4635d6ade80,checkout_drop_off,pay_kwF2BknJJxYRaE,order_A3T0hCyu5anh3Y,,,cust_DLfBNokr76zLCs,402600,INR,card,rupay,CHECKOUT_DROP_OFF,customer,checkout_funnel,3ds_auth_cancelled,Abandoned at otp_abandoned: 3ds_auth_cancelled,soft,,0,3,2026-08-14T14:30:39.997650+05:30,2026-08-14T14:30:39.997650+05:30,,closed,payment_link,0,+919900696518,kavita.thakur831@hotmail.com,,,,,otp_abandoned,4026.0,0.0
b74c1ee9-638b-463c-8003-8e76375f5650,checkout_drop_off,pay_SnPnzXy9VRe2bR,order_PAwokXSyrSkAfP,,,cust_3jdarCkpzehUw7,880300,INR,card,rupay,CHECKOUT_DROP_OFF,customer,checkout_funnel,preferred_bank_missing,Abandoned at payment_method_selected: preferred_bank_missing,soft,,0,3,2026-08-14T14:58:49.997650+05:30,2026-08-14T14:58:49.997650+05:30,,closed,payment_link,0,+917766106313,kavita.pillai673@gmail.com,,,,,payment_method_selected,8803.0,0.0
bc45b2ee-4030-4444-bd4f-d71af3b8c8ef,b2b_receivable,,order_w4rnKx3no15BCi,,,cust_8PxV5tf8RrOt1H,7600000,INR,netbanking,,INVOICE_PAYMENT_OVERDUE,corporate_buyer,accounts_payable_settlement,invoice_overdue_1_15_days,Corporate invoice overdue by 9 days (1_15_days).,soft,,0,3,2026-08-14T15:03:39.997650+05:30,2026-08-14T15:03:39.997650+05:30,,recovered,email,7600000,+919123648072,ap@vanguard.com,inv_Fg8EgBxHyM26ke,Vanguard Chemical Industries Ltd,19DBEEC7327J8ZP,1_15_days,,76000.0,76000.0
b3b90c9f-ca05-47b6-8bb6-ac1be79e4253,b2b_receivable,,order_k16vdSEfPzNKzH,,,cust_wVx8BcXq9btc51,8600000,INR,netbanking,,INVOICE_PAYMENT_OVERDUE,corporate_buyer,accounts_payable_settlement,invoice_overdue_16_30_days,Corporate invoice overdue by 19 days (16_30_days).,soft,,0,3,2026-08-14T15:14:53.997650+05:30,2026-08-14T15:14:53.997650+05:30,,recovered,email,8600000,+918877759409,ap@nexura.com,inv_69Prb0HonLUpVH,Nexura Digital Media LLP,29BCEDC6436V3ZR,16_30_days,,86000.0,86000.0
dec0cc07-f1c7-4df6-8d90-a63c13dd4238,checkout_drop_off,,order_d2NDUS2CrogvVl,,,cust_f6JLHd0cZs0x6E,181700,INR,upi,visa,CHECKOUT_DROP_OFF,customer,checkout_funnel,price_comparison_pause,Abandoned at cart_abandoned: price_comparison_pause,soft,,0,3,2026-08-14T15:34:26.997650+05:30,2026-08-14T15:34:26.997650+05:30,,closed,payment_link,0,+917766405266,krishna.chauhan561@yahoo.co.in,,,,,cart_abandoned,1817.0,0.0
7f1b15b1-f95e-471b-b632-c8510e24e51f,mandate,pay_xT7cLONRnDcfN7,order_DHmcoyddxRK1NK,,token_XuT5Wg53inDuLV,cust_diHjSHebzdXRqC,71700,INR,card,rupay,GATEWAY_ERROR,gateway,payment_authentication,authentication_failed,Payment could not be completed due to incorrect OTP or verification details.,soft,,3,3,2026-08-14T16:20:14.997650+05:30,2026-09-07T13:20:14.997650+05:30,,escalated,voice,0,+918877398594,arjun.gupta857@outlook.com,,,,,,717.0,0.0
41a5d1f8-1dd7-4040-adb5-9cdc8dbc2f03,b2b_receivable,,order_2TVTK9vAd0VKMc,,,cust_fHLUQnW4jHYtlY,20100000,INR,netbanking,,INVOICE_PAYMENT_OVERDUE,corporate_buyer,accounts_payable_settlement,invoice_overdue_current,Corporate invoice overdue by 0 days (current).,soft,,0,3,2026-08-14T16:59:32.997650+05:30,2026-08-14T16:59:32.997650+05:30,,recovered,email,20100000,+917766390760,ap@hyperion.com,inv_rkY0xJf64ZMihL,Hyperion Telecom Services LLP,24EDBDC0417D4ZE,current,,201000.0,201000.0
8f4cb0a2-fbd8-4fbc-b426-94fd38bd1237,b2b_receivable,,order_bfxIAhFpfBUpYZ,,,cust_O0IV4Jn1BDR4IF,13300000,INR,netbanking,,INVOICE_PAYMENT_OVERDUE,corporate_buyer,accounts_payable_settlement,invoice_overdue_current,Corporate invoice overdue by 0 days (current).,soft,,0,3,2026-08-14T17:30:15.997650+05:30,2026-08-14T17:30:15.997650+05:30,,recovered,email,13300000,+919876850435,ap@vanguard.com,inv_dXOtPBsW7zWXnL,Vanguard Chemical Industries Ltd,29ADADC5023N5ZO,current,,133000.0,133000.0
dd51656d-e0cc-41c3-b60c-026c0d08ce30,payment,pay_wxUYppf6SKxdpu,order_iqHcfGPH3fiTBh,,,cust_otNP28PTWGvoz0,21200,INR,upi,,BAD_REQUEST_ERROR,customer,payment_authentication,payment_cancelled,Your payment has been cancelled.,soft,,3,3,2026-08-14T19:52:45.997650+05:30,2026-08-25T11:52:45.997650+05:30,,escalated,voice,0,+917766115136,deepak.thakur374@rediffmail.com,,,,,,212.0,0.0
9b0ac3d5-3da7-474c-a1da-cdbc615357cb,payment,pay_UGX1RaMz9mcNMr,order_mOk991kcPyiSx3,,,cust_e0bZm6mtN7pRUO,199400,INR,card,visa,GATEWAY_ERROR,gateway,payment_authentication,authentication_failed,Payment could not be completed due to incorrect OTP or verification details.,soft,,3,3,2026-08-14T20:06:34.997650+05:30,2026-09-03T11:06:34.997650+05:30,,escalated,voice,0,+918899476206,deepak.gupta846@hotmail.com,,,,,,1994.0,0.0
f2e98f84-60d6-4208-8507-eecf9a1599c8,payment,pay_cb2U2gMzvCPYHU,order_txwwTAsmHdILKJ,,,cust_UnGwmbfEypX3PR,542500,INR,wallet,,BAD_REQUEST_ERROR,gateway,payment_authorization,payment_failed,Payment was declined by the bank.,technical,,2,3,2026-08-14T20:15:59.997650+05:30,2026-08-31T10:15:59.997650+05:30,,recovered,auto_retry,542500,+918877019111,vihaan.mehta413@rediffmail.com,,,,,,5425.0,5425.0
3c9afa3f-c07f-4f37-a0fc-0167908b7e5d,checkout_drop_off,pay_w6PJr9Ai3f31hR,order_EfQ9PfxgMsamFa,,,cust_cbRD4iL1rwdzWJ,250500,INR,upi,visa,CHECKOUT_DROP_OFF,customer,checkout_funnel,otp_not_received,Abandoned at otp_abandoned: otp_not_received,soft,,0,3,2026-08-14T20:32:25.997650+05:30,2026-08-14T20:32:25.997650+05:30,,recovered,payment_link,250500,+918899442136,pradeep.mahanty206@hotmail.com,,,,,otp_abandoned,2505.0,2505.0
c27f37db-acf4-4b7d-b268-8a80f9f6484c,checkout_drop_off,,order_hf984e7XKepja3,,,cust_BMLH0ihK6qCHrU,653700,INR,upi,visa,CHECKOUT_DROP_OFF,customer,checkout_funnel,unexpected_shipping_fees,Abandoned at address_submitted: unexpected_shipping_fees,soft,,0,3,2026-08-14T20:40:47.997650+05:30,2026-08-14T20:40:47.997650+05:30,,closed,payment_link,0,+919900500194,aditya.iyer526@outlook.com,,,,,address_submitted,6537.0,0.0
73779bfd-d5c9-43fc-879b-1f39700ef816,payment,pay_LTTHnWXakykTfP,order_kkELDAl7kh6ifq,,,cust_X3ifzv8Uif0ywi,49300,INR,upi,,BAD_REQUEST_ERROR,customer,payment_authentication,payment_timed_out,Your payment could not be completed due to a temporary issue. Try again later.,soft,,3,3,2026-08-14T20:47:09.997650+05:30,2026-09-04T12:47:09.997650+05:30,,escalated,voice,0,+918877194047,suresh.nair742@hotmail.com,,,,,,493.0,0.0
958073bb-66bf-4e68-843d-f235edccdbf7,checkout_drop_off,,order_zs0RasxYjiNZLt,,,cust_kGYLehWXwByl3v,399100,INR,card,rupay,CHECKOUT_DROP_OFF,customer,checkout_funnel,accidental_tab_close,Abandoned at cart_abandoned: accidental_tab_close,soft,,0,3,2026-08-14T21:21:28.997650+05:30,2026-08-14T21:21:28.997650+05:30,,closed,payment_link,0,+917788278668,ananya.patel944@hotmail.com,,,,,cart_abandoned,3991.0,0.0
be328c05-c39b-4c0e-a33b-7f5d2c9b78f9,payment,pay_gbcHSUJhZp6BON,order_BjaOdZKvrUsrCL,,,cust_hQkD6CorcAmnVE,1036200,INR,netbanking,,BAD_REQUEST_ERROR,customer,payment_authentication,payment_cancelled,Your payment has been cancelled.,soft,,3,3,2026-08-14T22:38:52.997650+05:30,2026-08-21T13:38:52.997650+05:30,,escalated,voice,0,+917788585756,pooja.nair431@rediffmail.com,,,,,,10362.0,0.0
24471d46-2b0e-49ed-8225-edf0571ddd4f,payment,pay_dhsqgTB3vynIY7,order_kyruHfZhUOX9nu,,,cust_JnQj1FZVC2RLGP,751400,INR,emandate,,GATEWAY_ERROR,issuer_bank,payment_authorization,bank_technical_error,Bank downtime. Please try again later.,technical,,3,3,2026-08-14T22:40:44.997650+05:30,2026-09-04T10:40:44.997650+05:30,,recovered,auto_retry,751400,+917788617422,reyansh.reddy862@outlook.com,,,,,,7514.0,7514.0
6b8b4ab4-7bbf-421e-932e-5667da93a5c7,checkout_drop_off,pay_t28KDLk5F6ojFm,order_Qv2OoVNYQZHOr4,,,cust_sqUSNAeSOgNTHb,260800,INR,card,rupay,CHECKOUT_DROP_OFF,customer,checkout_funnel,upi_intent_app_switch_failed,Abandoned at payment_method_selected: upi_intent_app_switch_failed,soft,,0,3,2026-08-14T22:43:38.997650+05:30,2026-08-14T22:43:38.997650+05:30,,closed,payment_link,0,+918899557107,reyansh.verma989@hotmail.com,,,,,payment_method_selected,2608.0,0.0
721121f2-62f0-479d-b31d-86d636f328f4,payment,pay_thUc1FZrPzZz7O,order_6MoRRQhNKNR2cj,,,cust_YdBwMxV4wvdzus,483900,INR,upi,,BAD_REQUEST_ERROR,customer,payment_authentication,payment_timed_out,Your payment could not be completed due to a temporary issue. Try again later.,soft,,3,3,2026-08-14T22:48:30.997650+05:30,2026-09-03T13:48:30.997650+05:30,,escalated,voice,0,+918877327379,vikram.kumar968@hotmail.com,,,,,,4839.0,0.0
0f668ee4-98ad-49b9-aa78-b68f02894f68,checkout_drop_off,,order_ExRhIuRMtZYogY,,,cust_TnulfOlSjSuPi6,113700,INR,upi,rupay,CHECKOUT_DROP_OFF,customer,checkout_funnel,address_form_friction,Abandoned at address_submitted: address_form_friction,soft,,0,3,2026-08-14T22:54:08.997650+05:30,2026-08-14T22:54:08.997650+05:30,,closed,payment_link,0,+918899808147,amit.patel832@gmail.com,,,,,address_submitted,1137.0,0.0
b5d1cb77-9ce2-4f1b-87c0-230aa29925f1,payment,pay_DbkzouhkqOYWij,order_e7daWy7TLnXo4c,,,cust_qwbeUfGK9DJ2Ji,253500,INR,emandate,,BAD_REQUEST_ERROR,gateway,payment_authorization,insufficient_funds,Your payment could not be completed due to insufficient account balance.,soft,,2,3,2026-08-14T23:02:30.997650+05:30,2026-08-26T10:02:30.997650+05:30,,recovered,auto_retry,253500,+917766904080,isha.bose938@hotmail.com,,,,,,2535.0,2535.0
e36fe058-f4a6-4e6b-bb21-1c641891054e,checkout_drop_off,,order_5WIedehPBQp5HG,,,cust_SZWKps0LdubILT,299700,INR,card,visa,CHECKOUT_DROP_OFF,customer,checkout_funnel,address_form_friction,Abandoned at address_submitted: address_form_friction,soft,,0,3,2026-08-14T23:18:04.997650+05:30,2026-08-14T23:18:04.997650+05:30,,closed,payment_link,0,+919988949346,neha.ghosh33@rediffmail.com,,,,,address_submitted,2997.0,0.0
7da9298c-cfe5-4534-b6af-aa02d864fbfc,payment,pay_o7yjNK3hbF6Q5q,order_JddhG37rpfdU6e,,,cust_CdeNucp4vAyigE,206300,INR,upi,,GATEWAY_ERROR,gateway,payment_authorization,gateway_technical_error,Payment did not go through due to a temporary issue.,technical,,4,3,2026-08-14T23:41:17.997650+05:30,2026-09-07T16:41:17.997650+05:30,,escalated,voice,0,+919876947262,vikram.agarwal888@gmail.com,,,,,,2063.0,0.0
9f07cb83-b81f-4812-a685-ad7ab0bbde70,checkout_drop_off,pay_BUyvOoAI7XQDIB,order_J1BtiJDwwPpvpy,,,cust_BCuGR7IbZHlEr6,99300,INR,upi,visa,CHECKOUT_DROP_OFF,customer,checkout_funnel,saved_card_unavailable,Abandoned at payment_method_selected: saved_card_unavailable,soft,,0,3,2026-08-14T23:55:26.997650+05:30,2026-08-14T23:55:26.997650+05:30,,recovered,payment_link,99300,+919123621438,isha.patel139@yahoo.co.in,,,,,payment_method_selected,993.0,993.0
865ab460-9d78-4ad9-be65-9085701a5a0c,subscription,pay_EGvanhbB2NtXhf,order_eLKUxKEPC8OpkF,sub_ZanndpbWLJRaz1,token_BdtnY5g6S0kKxE,cust_obZc7BcBD9L04l,586300,INR,netbanking,,BAD_REQUEST_ERROR,gateway,payment_authorization,insufficient_funds,Your payment could not be completed due to insufficient account balance.,soft,halted,3,3,2026-08-15T04:01:26.997650+05:30,2026-09-12T16:01:26.997650+05:30,,escalated,voice,0,+919123571163,aadhya.pillai666@rediffmail.com,,,,,,5863.0,0.0
0b614362-7cdf-4466-bbdf-8fe6f21edd51,mandate,pay_qIv5LtUcN57DyE,order_1C1sf01XlUVwIk,,token_5qudV62TR1TKSZ,cust_ACUyKKmzn3lDZ8,610000,INR,wallet,,BAD_REQUEST_ERROR,customer,payment_authentication,payment_cancelled,Your payment has been cancelled.,soft,,1,3,2026-08-15T04:33:42.997650+05:30,2026-08-24T10:33:42.997650+05:30,,recovered,auto_retry,610000,+919988129580,kiara.agarwal657@rediffmail.com,,,,,,6100.0,6100.0
d3f7a849-d862-4e53-9eb9-acdfba47eae2,subscription,pay_cpBJlnk3DkOObk,order_VK6bM6d0Q4zNVB,sub_A5KnsH4YaFMsjh,token_M5tT7pqNjKyITU,cust_RsFSheiX7WSF4f,64200,INR,card,amex,BAD_REQUEST_ERROR,customer,payment_authentication,payment_timed_out,Your payment could not be completed due to a temporary issue. Try again later.,soft,active,1,3,2026-08-15T04:37:51.997650+05:30,2026-08-29T10:37:51.997650+05:30,,recovered,auto_retry,64200,+919988592093,vihaan.das243@yahoo.co.in,,,,,,642.0,642.0
32fee916-a37d-4305-8f05-747e0fefcb94,subscription,pay_JomxcgvLmVUprC,order_53wjv55tZ4tPTd,sub_Kn2AmnlvG5g6We,token_N1wwyxdmWKK3Q0,cust_Mq2JbBBRblFLgV,131200,INR,netbanking,,BAD_REQUEST_ERROR,gateway,payment_authorization,insufficient_funds,Your payment could not be completed due to insufficient account balance.,soft,active,1,3,2026-08-15T04:55:12.997650+05:30,2026-08-24T10:55:12.997650+05:30,,recovered,auto_retry,131200,+917766806830,rajesh.mehta730@gmail.com,,,,,,1312.0,1312.0
d4d1b777-d5af-4fd4-8b46-274b82de9416,subscription,pay_6yOTu7nfiQrXvg,order_8ueNraTTxN9avx,sub_OSFixd20hR1ev3,token_AUHNAozYHz6znU,cust_23AJuuMYdT6wp6,92200,INR,netbanking,,BAD_REQUEST_ERROR,customer,payment_authentication,payment_timed_out,Your payment could not be completed due to a temporary issue. Try again later.,soft,active,2,3,2026-08-15T05:10:47.997650+05:30,2026-08-25T10:10:47.997650+05:30,,recovered,auto_retry,92200,+919123960557,pradeep.thakur858@hotmail.com,,,,,,922.0,922.0
e3610396-eac9-405d-b316-ee278723421d,subscription,pay_rsj9xX2KWlRxxr,order_A6l2SPc0AO5Efu,sub_3S3aPCDD3Uvsqm,token_Wy8Wy3FtL9vfny,cust_5KSayfvC2219vZ,1166200,INR,card,rupay,BAD_REQUEST_ERROR,issuer_bank,payment_authorization,card_expired,Your card has expired. Please use another card.,hard,pending,0,0,2026-08-15T05:44:34.997650+05:30,2026-08-15T05:44:34.997650+05:30,,closed,manual,0,+919123329506,deepak.pillai402@outlook.com,,,,,,11662.0,0.0
cb25bb00-af71-4e60-9eae-6b6fc06dd703,mandate,pay_3y6mWa4sNeFsgd,order_vq89hJvZ1klhXx,,token_H3Mx5rPfvibUJS,cust_nmTyP6y6T3anjp,443300,INR,upi,,BAD_REQUEST_ERROR,gateway,payment_authorization,insufficient_funds,Your payment could not be completed due to insufficient account balance.,soft,,3,3,2026-08-15T06:02:29.997650+05:30,2026-09-07T22:02:29.997650+05:30,,recovered,sms,443300,+917788686027,aditi.singh925@outlook.com,,,,,,4433.0,4433.0
68ce6aeb-c291-4c1b-a03e-e9daec6dc8c9,subscription,pay_GO0QFAEYbpAze3,order_MY3Okoh38JfBIb,sub_vVRiZHQfhDEECS,token_wFKlTy5nG84vp1,cust_XxTD4MB7PgCJpR,78500,INR,netbanking,,BAD_REQUEST_ERROR,customer,payment_authentication,payment_cancelled,Your payment has been cancelled.,soft,active,1,3,2026-08-15T06:15:34.997650+05:30,2026-08-29T10:15:34.997650+05:30,,recovered,auto_retry,78500,+917766136281,vivaan.thakur856@outlook.com,,,,,,785.0,785.0
b27928b8-2e23-40f7-bd01-36458ee760b8,mandate,pay_Hqjey2jKgbDirh,order_B792mqEu3ifrrg,,token_QLAm0Fdih9GTnq,cust_G7ZjSRrPCeGew3,212400,INR,upi,,BAD_REQUEST_ERROR,customer,payment_authentication,payment_cancelled,Your payment has been cancelled.,soft,,3,3,2026-08-15T06:18:58.997650+05:30,2026-08-25T14:18:58.997650+05:30,,escalated,voice,0,+919988367026,aditya.reddy77@outlook.com,,,,,,2124.0,0.0
c45ed65b-31f2-41b5-b27c-7648e189cc0a,subscription,pay_xRwn2K6UrbFq4H,order_ZhOUw7k8J7fSx3,sub_fOpeKfT15AFYDr,token_nsbjSMqLQthGNo,cust_bblTF4vmM3Dhb8,1021200,INR,card,diners,BAD_REQUEST_ERROR,gateway,payment_authorization,insufficient_funds,Your payment could not be completed due to insufficient account balance.,soft,halted,3,3,2026-08-15T06:21:01.997650+05:30,2026-09-08T15:21:01.997650+05:30,,escalated,voice,0,+918899548124,amit.nair251@outlook.com,,,,,,10212.0,0.0
48d04c32-000f-4e16-88c5-bad1b6e55260,subscription,pay_C0HKVPVaCNpWnH,order_5jrb7eCeoQa7Pq,sub_kO9u3TLJq9LgUH,token_KfHXfpIZmfXdZf,cust_MAmxnkFpeAM0QO,1036600,INR,netbanking,,GATEWAY_ERROR,gateway,payment_authorization,gateway_technical_error,Payment did not go through due to a temporary issue.,technical,active,3,3,2026-08-15T06:51:53.997650+05:30,2026-09-04T10:51:53.997650+05:30,,recovered,auto_retry,1036600,+918877709823,aditi.mishra13@hotmail.com,,,,,,10366.0,10366.0
46128e00-d141-44e5-8f66-b8d4f28e1492,subscription,pay_wjBUA3jYHLte1T,order_S61Mv8R4zxqG2S,sub_QO0qZZbD1JfZHS,token_k9ZQnU4YD7Sr9h,cust_4r0W0TfMgmq3Zo,481900,INR,card,mastercard,BAD_REQUEST_ERROR,issuer_bank,card_enrollment_check,card_not_enrolled,Your card is not enabled for online payments.,hard,pending,0,0,2026-08-15T06:56:09.997650+05:30,2026-08-15T06:56:09.997650+05:30,,closed,manual,0,+918877424259,meera.banerjee663@yahoo.co.in,,,,,,4819.0,0.0
b780cff3-a9f9-460a-82a1-762a0b165caa,mandate,pay_VMnNrTN3kBzZ9y,order_3fZKzfgVZCt9pH,,token_xQhZSmqf8bupbM,cust_noxAU0EBAmxK6w,68200,INR,upi,,BAD_REQUEST_ERROR,gateway,payment_authorization,insufficient_funds,Your payment could not be completed due to insufficient account balance.,soft,,1,3,2026-08-15T07:21:58.997650+05:30,2026-08-30T10:21:58.997650+05:30,,recovered,auto_retry,68200,+917766318555,kiara.nair770@rediffmail.com,,,,,,682.0,682.0
163c68ce-6260-4f00-9d6f-3c9d56ef8495,subscription,pay_UygbEnkdQBIp55,order_pNzPiRRsWJw2j0,sub_pvtax0sKWXa33Q,token_C34mhroJz2vMCt,cust_mubUiNNElxBvjL,239500,INR,netbanking,,BAD_REQUEST_ERROR,gateway,payment_authorization,insufficient_funds,Your payment could not be completed due to insufficient account balance.,soft,active,1,3,2026-08-15T07:31:12.997650+05:30,2026-09-04T10:31:12.997650+05:30,,recovered,auto_retry,239500,+919988824906,ananya.mahanty400@rediffmail.com,,,,,,2395.0,2395.0
79507cab-397e-4536-815a-6e6cddc8c4dd,mandate,pay_UGVZOp9vkwF1jj,order_OVt8fWpsPpAbqD,,token_NI4hDxmj73huz9,cust_cd1bnyB5CM61ZL,416000,INR,netbanking,,GATEWAY_ERROR,gateway,payment_authorization,gateway_technical_error,Payment did not go through due to a temporary issue.,technical,,1,3,2026-08-15T07:58:17.997650+05:30,2026-09-11T10:58:17.997650+05:30,,recovered,auto_retry,416000,+919123150163,reyansh.mahanty349@rediffmail.com,,,,,,4160.0,4160.0
0d1f5f41-2d56-4663-99ac-97b577807fd3,mandate,pay_dvjSR9J8IVKO0P,order_W4MA517kDqnbGr,,token_H1E7lqEXk3Dm8n,cust_p23bYLck0ocJss,30600,INR,netbanking,,BAD_REQUEST_ERROR,issuer_bank,payment_authorization,card_expired,Your card has expired. Please use another card.,hard,,0,0,2026-08-15T09:29:16.997650+05:30,2026-08-15T09:29:16.997650+05:30,,closed,manual,0,+919123623202,saanvi.patel412@rediffmail.com,,,,,,306.0,0.0
ccdf886b-20d8-4827-b220-79f360e2fe2b,checkout_drop_off,pay_zjj087YLO94Guz,order_Ff0O84A12pB6fb,,,cust_cQ6tAOyZ6T3DTB,356500,INR,upi,visa,CHECKOUT_DROP_OFF,customer,checkout_funnel,3ds_auth_cancelled,Abandoned at otp_abandoned: 3ds_auth_cancelled,soft,,0,3,2026-08-15T09:30:47.997650+05:30,2026-08-15T09:30:47.997650+05:30,,closed,payment_link,0,+918877883168,sanjay.mukherjee612@rediffmail.com,,,,,otp_abandoned,3565.0,0.0
97a3459b-ad62-4fde-b7e3-9a73d89ccc69,subscription,pay_jtqjfNA0lvjEEh,order_mAREKbcHderIgL,sub_yfbpGagCC4jZgc,token_34jQczvSqeNNpR,cust_FY5B2Cdt0f0mY0,38000,INR,card,visa,BAD_REQUEST_ERROR,customer,payment_authentication,payment_timed_out,Your payment could not be completed due to a temporary issue. Try again later.,soft,halted,3,3,2026-08-15T10:06:24.997650+05:30,2026-09-08T13:06:24.997650+05:30,,escalated,voice,0,+917788222249,vikram.bose646@yahoo.co.in,,,,,,380.0,0.0
dcd1c5b2-4a43-4465-912d-4443a5f31850,payment,pay_zSaw3pgvBoDHmN,order_ik31B28RnmPLB1,,,cust_MVElo6rmmqm3Gf,1774800,INR,card,mastercard,BAD_REQUEST_ERROR,issuer_bank,payment_authorization,transaction_limit_exceeded,Maximum transaction limit exceeded for the day.,soft,,2,3,2026-08-15T10:10:01.997650+05:30,2026-08-31T10:10:01.997650+05:30,,recovered,auto_retry,1774800,+917788374896,rohan.yadav745@hotmail.com,,,,,,17748.0,17748.0
d9d1d4ea-c60a-435e-881c-7547c398837c,subscription,pay_54twEN0vhu5phL,order_NFKqFpqJrEeEU3,sub_CqIm0Fyk3lTzgi,token_GCSkznjzCpUNxH,cust_G50oxczLa4amVg,200800,INR,upi,,BAD_REQUEST_ERROR,gateway,payment_authorization,payment_failed,Payment was declined by the bank.,technical,active,1,3,2026-08-15T10:19:21.997650+05:30,2026-09-08T10:19:21.997650+05:30,,recovered,auto_retry,200800,+918877682894,rahul.agarwal653@outlook.com,,,,,,2008.0,2008.0
feb08686-9647-406e-b1e3-1449e5283ed9,subscription,pay_zZyildBQWNPL89,order_TByBOAcnLTYaH7,sub_Nxe5iP9zEr0mjk,token_Eg4v2c7Q2tbx63,cust_WihJbEgbAPU413,383100,INR,netbanking,,BAD_REQUEST_ERROR,issuer_bank,payment_authorization,debit_instrument_inactive,Your card is currently inactive.,technical,halted,3,3,2026-08-15T10:25:54.997650+05:30,2026-09-13T15:25:54.997650+05:30,,escalated,voice,0,+919988503596,rohan.chauhan747@hotmail.com,,,,,,3831.0,0.0
dccf42d8-fa83-49d9-ac7f-d76c2da57cf0,mandate,pay_YLXak59GDHnjB2,order_gHnnOnuqasgRfe,,token_jlSMj9rdPw4xQ9,cust_FsvRBbfqPXxCgS,19300,INR,card,mastercard,BAD_REQUEST_ERROR,customer,payment_authentication,payment_timed_out,Your payment could not be completed due to a temporary issue. Try again later.,soft,,3,3,2026-08-15T10:57:08.997650+05:30,2026-08-27T06:57:08.997650+05:30,,recovered,sms,19300,+919988139991,vikram.bose27@hotmail.com,,,,,,193.0,193.0
20296a24-a618-4aba-8eb2-5d5b9b1794db,b2b_receivable,,order_9LqlgUGurea7Or,,,cust_Nme5XNov0sQdVt,8300000,INR,netbanking,,INVOICE_PAYMENT_OVERDUE,corporate_buyer,accounts_payable_settlement,invoice_overdue_16_30_days,Corporate invoice overdue by 21 days (16_30_days).,soft,,0,3,2026-08-15T11:27:26.997650+05:30,2026-08-15T11:27:26.997650+05:30,,closed,email,0,+917788331857,ap@cloudscale.com,inv_SEFzMqRTdkNltP,CloudScale Technologies Pvt Ltd,06ABEAC4144I9ZK,16_30_days,,83000.0,0.0
45842df7-86a4-42c9-a6c6-c1fddba0fef8,subscription,pay_aEPd1hQRtfgo0c,order_psqkSMjFmXTRLJ,sub_TtTIo0hxJTq9oj,token_b46j9akJBIYj4F,cust_OfjO9XwH1QNWI1,66600,INR,emandate,,BAD_REQUEST_ERROR,gateway,payment_authorization,insufficient_funds,Your payment could not be completed due to insufficient account balance.,soft,halted,3,3,2026-08-15T11:30:20.997650+05:30,2026-09-04T15:30:20.997650+05:30,,escalated,voice,0,+919900652283,suresh.mehta792@rediffmail.com,,,,,,666.0,0.0
44809c7d-aaa8-43bb-b73b-7a3736f59cdb,payment,pay_eW0EeIetDdfuLN,order_YQlPLodpbQ0n04,,,cust_m1z79iscEBWMn2,43500,INR,emandate,,GATEWAY_ERROR,gateway,payment_authentication,authentication_failed,Payment could not be completed due to incorrect OTP or verification details.,soft,,3,3,2026-08-15T11:54:35.997650+05:30,2026-09-11T16:54:35.997650+05:30,,escalated,voice,0,+917766842530,aditya.yadav894@outlook.com,,,,,,435.0,0.0
56eaa6cc-5e25-4b79-a517-326daf4506e6,checkout_drop_off,pay_HNmxehBqAplGrO,order_2BwFe4YD9vne1p,,,cust_A73KVkF3vd8i72,279000,INR,card,rupay,CHECKOUT_DROP_OFF,customer,checkout_funnel,upi_intent_app_switch_failed,Abandoned at payment_method_selected: upi_intent_app_switch_failed,soft,,0,3,2026-08-15T12:02:24.997650+05:30,2026-08-15T12:02:24.997650+05:30,,recovered,payment_link,279000,+918877107489,rohan.thakur328@yahoo.co.in,,,,,payment_method_selected,2790.0,2790.0
698ec1e0-d6b9-4e0c-93cd-b0be3535674a,subscription,pay_yCZk7JdU1euZVr,order_uusDa06sl0Pdzm,sub_dWW3oU0pPpPFL1,token_WVfaEuvUC0jyDD,cust_bzUBf6JHpn0rmd,485700,INR,upi,,BAD_REQUEST_ERROR,issuer_bank,payment_authorization,transaction_limit_exceeded,Maximum transaction limit exceeded for the day.,soft,halted,3,3,2026-08-15T12:07:58.997650+05:30,2026-09-12T12:07:58.997650+05:30,,escalated,voice,0,+919988236358,diya.patel917@yahoo.co.in,,,,,,4857.0,0.0
e9509247-d570-4e5b-a528-1d887c19b657,mandate,pay_ia0kUTbOv6l4Ns,order_FFMLlY801HmokK,,token_dTlsqY4n9E5ZqI,cust_S8A4O3LSc1UUrN,1086100,INR,netbanking,,BAD_REQUEST_ERROR,issuer_bank,payment_authorization,card_expired,Your card has expired. Please use another card.,hard,,0,0,2026-08-15T12:17:24.997650+05:30,2026-08-15T12:17:24.997650+05:30,,closed,manual,0,+919988609261,amit.patel498@rediffmail.com,,,,,,10861.0,0.0
14a50e37-23a7-4852-9ba4-d917733b6fe9,payment,pay_JD2o0yOKljyRY5,order_YSTWzrugof231W,,,cust_CQRBwhHefr7U6K,27400,INR,netbanking,,BAD_REQUEST_ERROR,issuer_bank,payment_authorization,payment_risk_check_failed,Payment declined by bank due to risk check.,hard,,0,0,2026-08-15T13:05:42.997650+05:30,2026-08-15T13:05:42.997650+05:30,,closed,manual,0,+917766435948,meera.bose826@hotmail.com,,,,,,274.0,0.0
ed273c65-811b-4a19-b77e-3c0a65f2a1ce,b2b_receivable,,order_IWqtY6nmGd6bYf,,,cust_1xtzyYwvYWLUGv,7500000,INR,netbanking,,INVOICE_PAYMENT_OVERDUE,corporate_buyer,accounts_payable_settlement,invoice_overdue_16_30_days,Corporate invoice overdue by 27 days (16_30_days).,soft,,0,3,2026-08-15T13:13:56.997650+05:30,2026-08-15T13:13:56.997650+05:30,,closed,email,0,+917788811396,ap@zenith.com,inv_GhiybVsgBdgHoc,Zenith Healthware LLP,19DEACD8496Q8Z2,16_30_days,,75000.0,0.0
05a126b8-84a0-49ce-b653-c26118fae86e,payment,pay_O9W1q60bwOfhAr,order_E0OpEUG6oLhZIz,,,cust_d7bc2pw4bYkKwV,144300,INR,upi,,BAD_REQUEST_ERROR,issuer_bank,payment_authorization,card_expired,Your card has expired. Please use another card.,hard,,0,0,2026-08-15T14:11:31.997650+05:30,2026-08-15T14:11:31.997650+05:30,,closed,manual,0,+919988792388,meera.ghosh240@hotmail.com,,,,,,1443.0,0.0
4827587e-d672-493e-8915-1196a174efd1,mandate,pay_mX6yAylvxSbzYW,order_wHyiGLdz4yhRxf,,token_FElHyJ56eiwT2o,cust_mtTt1WbSD0F7Hv,809200,INR,upi,,BAD_REQUEST_ERROR,issuer_bank,payment_authorization,transaction_limit_exceeded,Maximum transaction limit exceeded for the day.,soft,,2,3,2026-08-15T14:14:50.997650+05:30,2026-08-23T10:14:50.997650+05:30,,recovered,auto_retry,809200,+917766911595,vihaan.yadav338@gmail.com,,,,,,8092.0,8092.0
ef958bae-3f0c-47ef-aa75-d62544dbaa5e,payment,pay_tWwI7mBqBSyFfy,order_IjmGvbLH1JQK9I,,,cust_ponIZQpyoMaDTm,207000,INR,upi,,BAD_REQUEST_ERROR,gateway,payment_authorization,insufficient_funds,Your payment could not be completed due to insufficient account balance.,soft,,3,3,2026-08-15T14:20:14.997650+05:30,2026-09-09T20:20:14.997650+05:30,,recovered,sms,207000,+917788327726,neha.kumar549@outlook.com,,,,,,2070.0,2070.0
831921aa-2578-43e3-9284-957a2b7e12b0,payment,pay_l2xJdvYinJNp27,order_t1cCQo614tmDH1,,,cust_GS2M6sL2YotAOF,686800,INR,card,visa,BAD_REQUEST_ERROR,customer,payment_initiation,incorrect_cvv,Incorrect CVV entered.,soft,,2,3,2026-08-15T14:43:06.997650+05:30,2026-09-01T10:43:06.997650+05:30,,recovered,auto_retry,686800,+919988425261,rahul.shah600@gmail.com,,,,,,6868.0,6868.0
d3d51e28-47fa-47cc-bfd3-d615af1eda18,checkout_drop_off,,order_Hi1G47VkkP38c3,,,cust_l0kJ0iHlD9WnvD,267400,INR,card,visa,CHECKOUT_DROP_OFF,customer,checkout_funnel,window_shopping_exit,Abandoned at cart_abandoned: window_shopping_exit,soft,,0,3,2026-08-15T14:59:35.997650+05:30,2026-08-15T14:59:35.997650+05:30,,closed,payment_link,0,+919123002060,kiara.kumar220@hotmail.com,,,,,cart_abandoned,2674.0,0.0
b6e70245-010b-454e-8dea-fa3865a8f949,payment,pay_CBbxCtF88gAWsq,order_5ZDNHejQyvuFHo,,,cust_26e61JDyXr8gnc,385700,INR,card,visa,GATEWAY_ERROR,gateway,payment_authentication,authentication_failed,Payment could not be completed due to incorrect OTP or verification details.,soft,,3,3,2026-08-15T15:08:11.997650+05:30,2026-09-07T12:08:11.997650+05:30,,escalated,voice,0,+919988037497,pooja.ghosh435@yahoo.co.in,,,,,,3857.0,0.0
59110bea-d967-42f9-9b3b-fdd91d864546,b2b_receivable,,order_QJpUI8H5ZKA1Po,,,cust_DrO0L7D86NxZRf,120700000,INR,netbanking,,INVOICE_PAYMENT_OVERDUE,corporate_buyer,accounts_payable_settlement,invoice_overdue_16_30_days,Corporate invoice overdue by 20 days (16_30_days).,soft,,0,3,2026-08-15T16:31:55.997650+05:30,2026-08-15T16:31:55.997650+05:30,,closed,email,0,+918877328737,ap@bluedart.com,inv_hWGlMvkMJrO0gm,BlueDart SupplyChain Services Ltd,19ADABB4944V4Z4,16_30_days,,1207000.0,0.0
2ab11c78-a96c-4ab4-b6f0-29831166ae32,b2b_receivable,,order_BLjL79ZJrO4s1Y,,,cust_bHq6LZC3FBjZOp,6200000,INR,netbanking,,INVOICE_PAYMENT_OVERDUE,corporate_buyer,accounts_payable_settlement,invoice_overdue_current,Corporate invoice overdue by 0 days (current).,soft,,0,3,2026-08-15T16:40:06.997650+05:30,2026-08-15T16:40:06.997650+05:30,,recovered,email,6200000,+919123300678,ap@vanguard.com,inv_dfxWI1KXnMZUjc,Vanguard Chemical Industries Ltd,19CEDCD2598O6ZA,current,,62000.0,62000.0
9078284f-8cf8-425c-94da-3f01178c2565,payment,pay_EkXo9Ya90yZUGd,order_OhNqRgHhP8BAHK,,,cust_o7dx3s4zHUYo2W,712300,INR,netbanking,,BAD_REQUEST_ERROR,issuer_bank,payment_authorization,transaction_limit_exceeded,Maximum transaction limit exceeded for the day.,soft,,3,3,2026-08-15T20:04:02.997650+05:30,2026-09-08T14:04:02.997650+05:30,,recovered,sms,712300,+919900136077,ayaan.reddy916@yahoo.co.in,,,,,,7123.0,7123.0
a765fec2-1b7b-44b7-b60e-07b4e9849e80,checkout_drop_off,,order_RxaTyF2C4Pedqc,,,cust_bhVe3gOJ5tEzll,156300,INR,upi,rupay,CHECKOUT_DROP_OFF,customer,checkout_funnel,accidental_tab_close,Abandoned at cart_abandoned: accidental_tab_close,soft,,0,3,2026-08-15T20:05:41.997650+05:30,2026-08-15T20:05:41.997650+05:30,,closed,payment_link,0,+919876922165,aanya.chauhan357@yahoo.co.in,,,,,cart_abandoned,1563.0,0.0
0891bc12-1139-40df-b208-91414e9681f4,payment,pay_9hWMx98eYR3FrV,order_Ui8L4O5rWwgp3e,,,cust_xPYYCPm6EIlD9f,79800,INR,card,mastercard,BAD_REQUEST_ERROR,customer,payment_authentication,payment_timed_out,Your payment could not be completed due to a temporary issue. Try again later.,soft,,3,3,2026-08-15T20:12:48.997650+05:30,2026-09-11T11:12:48.997650+05:30,,escalated,voice,0,+918899317504,pooja.banerjee815@gmail.com,,,,,,798.0,0.0
3b92ebb4-3c72-412d-a88f-7a4469eaeb89,checkout_drop_off,,order_HtNvi6CpW0Ru9k,,,cust_LLJl0ui5LReib8,161600,INR,upi,visa,CHECKOUT_DROP_OFF,customer,checkout_funnel,address_form_friction,Abandoned at address_submitted: address_form_friction,soft,,0,3,2026-08-15T20:36:09.997650+05:30,2026-08-15T20:36:09.997650+05:30,,closed,payment_link,0,+918877802673,diya.das703@outlook.com,,,,,address_submitted,1616.0,0.0
903d5984-b235-4c32-bb7f-e21aa504cd0d,payment,pay_riA3z4W2w6wrq6,order_tGKAQgmgB5Nw17,,,cust_LGtbObRp25qUJj,971900,INR,upi,,GATEWAY_ERROR,issuer_bank,payment_authorization,bank_technical_error,Bank downtime. Please try again later.,technical,,1,3,2026-08-15T20:58:55.997650+05:30,2026-09-01T10:58:55.997650+05:30,,recovered,auto_retry,971900,+917788499564,saanvi.thakur129@gmail.com,,,,,,9719.0,9719.0
b64983b8-250b-468a-b20b-14ca1897a556,payment,pay_FmbHXB9YdxenXZ,order_a9dtvl2hiOxP1p,,,cust_FfEbghzHDpzgq2,28600,INR,card,visa,BAD_REQUEST_ERROR,issuer_bank,payment_authorization,card_disabled_for_online_payments,Your card is disabled for online payments.,hard,,0,0,2026-08-15T21:40:19.997650+05:30,2026-08-15T21:40:19.997650+05:30,,closed,manual,0,+918899926686,aditi.patel660@rediffmail.com,,,,,,286.0,0.0
52fe1778-b3f8-438f-aec2-962ecdd8b87e,checkout_drop_off,pay_CYMz8Ov0d75Xkr,order_yaOnzh5znXKxt9,,,cust_9186slaWlJZTZt,886700,INR,card,visa,CHECKOUT_DROP_OFF,customer,checkout_funnel,upi_intent_app_switch_failed,Abandoned at payment_method_selected: upi_intent_app_switch_failed,soft,,0,3,2026-08-15T22:11:46.997650+05:30,2026-08-15T22:11:46.997650+05:30,,recovered,payment_link,886700,+919900497589,sai.gupta416@gmail.com,,,,,payment_method_selected,8867.0,8867.0
a1a43100-4450-43a4-97eb-a1fd423a5060,checkout_drop_off,pay_yAWiObav75LWTe,order_Gcstesg218q3XC,,,cust_0bBNuyDRLnrg8i,345400,INR,upi,visa,CHECKOUT_DROP_OFF,customer,checkout_funnel,otp_not_received,Abandoned at otp_abandoned: otp_not_received,soft,,0,3,2026-08-15T22:32:30.997650+05:30,2026-08-15T22:32:30.997650+05:30,,recovered,payment_link,345400,+917766690374,meera.mahanty527@rediffmail.com,,,,,otp_abandoned,3454.0,3454.0
a2d24e1d-5ed1-4a21-acd2-09107406e8cc,payment,pay_qhb9tqWOgfjRAF,order_jMGql8WrHHWm3S,,,cust_kcivUvHSg55q0a,701600,INR,upi,,GATEWAY_ERROR,issuer_bank,payment_authorization,bank_technical_error,Bank downtime. Please try again later.,technical,,1,3,2026-08-15T23:22:38.997650+05:30,2026-09-04T10:22:38.997650+05:30,,recovered,auto_retry,701600,+918899125380,aditya.sharma198@rediffmail.com,,,,,,7016.0,7016.0
5a64bceb-3b32-4412-ae9a-537e979d0812,subscription,pay_raU61Rb6RQCGUJ,order_W121SM7Pi4Yy0m,sub_EhAXM0ZIUg7EzU,token_b8Ib6eY1q0fJQB,cust_Iet8L2nBos7B88,1485300,INR,emandate,,GATEWAY_ERROR,gateway,payment_authorization,gateway_technical_error,Payment did not go through due to a temporary issue.,technical,active,1,3,2026-08-16T04:11:34.997650+05:30,2026-09-04T10:11:34.997650+05:30,,recovered,auto_retry,1485300,+919123613226,vivaan.gupta180@rediffmail.com,,,,,,14853.0,14853.0
f48f83f7-1599-4fa7-b2a6-dd9364c9a111,mandate,pay_Q34qgntF1uPLiZ,order_fqGU4IEQktgLzN,,token_UueQQtizKbHgqI,cust_EwD0LvCKjvYkC8,373100,INR,card,rupay,GATEWAY_ERROR,gateway,payment_authorization,gateway_technical_error,Payment did not go through due to a temporary issue.,technical,,3,3,2026-08-16T04:13:54.997650+05:30,2026-09-04T10:13:54.997650+05:30,,recovered,auto_retry,373100,+919123684005,reyansh.dey263@outlook.com,,,,,,3731.0,3731.0
7798687c-3bc6-484d-a998-2ef2a085bed5,mandate,pay_ctSCyX2mtuQF5k,order_VcGzfP2lQGn5ik,,token_lctZmdj9PyYg32,cust_1OnxyONli5PYGx,4393200,INR,upi,,GATEWAY_ERROR,gateway,payment_authentication,authentication_failed,Payment could not be completed due to incorrect OTP or verification details.,soft,,1,3,2026-08-16T04:40:49.997650+05:30,2026-08-22T10:40:49.997650+05:30,,recovered,auto_retry,4393200,+919988733662,aarav.patel262@gmail.com,,,,,,43932.0,43932.0
160c6c41-a6b1-4a2c-8767-a12db119e590,subscription,pay_3tnRdPo1c1ndDi,order_a3jzdFqCardt11,sub_olU0UPMyNrgy0Q,token_JrrO6wDQaYwd84,cust_22uKUkr2AXXo16,472800,INR,card,mastercard,BAD_REQUEST_ERROR,customer,payment_authentication,payment_cancelled,Your payment has been cancelled.,soft,halted,3,3,2026-08-16T04:48:49.997650+05:30,2026-09-11T14:48:49.997650+05:30,,escalated,voice,0,+919900137147,rahul.singh922@hotmail.com,,,,,,4728.0,0.0
6a22c2e6-eb2b-4397-afeb-6d0536d0d67d,mandate,pay_IcXWjcbQsrwZt7,order_knvzE9LfNrFmOy,,token_YMELGcKzjxvS7Y,cust_T1hRhEKfM27uqm,388000,INR,card,mastercard,BAD_REQUEST_ERROR,issuer_bank,card_enrollment_check,card_not_enrolled,Your card is not enabled for online payments.,hard,,0,0,2026-08-16T05:44:01.997650+05:30,2026-08-16T05:44:01.997650+05:30,,closed,manual,0,+919988941300,reyansh.das956@rediffmail.com,,,,,,3880.0,0.0
efe9025e-1d66-4d84-a040-d7570c15bbfb,subscription,pay_gXshrQ7b2W3da3,order_CgjqtxDm33bxw2,sub_1jZuogtinNy0ES,token_cfkmJsXetdbsXM,cust_dcQgkiND7riaZM,953300,INR,upi,,GATEWAY_ERROR,gateway,payment_authorization,gateway_technical_error,Payment did not go through due to a temporary issue.,technical,halted,3,3,2026-08-16T05:50:33.997650+05:30,2026-09-09T11:50:33.997650+05:30,,escalated,voice,0,+919900481118,kavita.verma246@gmail.com,,,,,,9533.0,0.0
b61403f6-d366-4d56-950b-42964504db34,mandate,pay_mIHvyACTwm9BlI,order_BT7sQpvqwKbdBO,,token_aVoBkhEi1zqHfJ,cust_DVOjmDBPadIbPb,236800,INR,card,rupay,GATEWAY_ERROR,issuer_bank,payment_authorization,bank_technical_error,Bank downtime. Please try again later.,technical,,2,3,2026-08-16T06:48:05.997650+05:30,2026-08-19T10:48:05.997650+05:30,,recovered,auto_retry,236800,+919900700023,aditi.mehta973@rediffmail.com,,,,,,2368.0,2368.0
850c37d6-da5d-4437-ba15-f8af1dbdc664,subscription,pay_6jkxaJwY8C9OC8,order_wQwG89WjsGzv52,sub_ZFB3rNmHvy6gXN,token_eb01f1dUUqTHPQ,cust_Wa6dCR39LjNIR5,25900,INR,upi,,BAD_REQUEST_ERROR,issuer_bank,payment_authorization,card_disabled_for_online_payments,Your card is disabled for online payments.,hard,pending,0,0,2026-08-16T07:24:58.997650+05:30,2026-08-16T07:24:58.997650+05:30,,closed,manual,0,+919876902582,vikram.pillai94@gmail.com,,,,,,259.0,0.0
e4e078b3-813f-4f15-9f62-c6ece652bec0,mandate,pay_fC1KONRqrbJcXs,order_KjruStjczSN7pc,,token_tMypF3lskO47n4,cust_v6pgsfSoYHGQb5,432100,INR,wallet,,BAD_REQUEST_ERROR,customer,payment_authentication,payment_cancelled,Your payment has been cancelled.,soft,,3,3,2026-08-16T07:37:22.997650+05:30,2026-08-26T10:37:22.997650+05:30,,recovered,auto_retry,432100,+918899570182,rajesh.chauhan878@gmail.com,,,,,,4321.0,4321.0
31e0eddd-59f0-4aa8-94d3-cc7501b0ebfc,subscription,pay_GuKC3d52uezWXm,order_80dwdh6udlVvTT,sub_NXOsYbkYBJefZf,token_z5QPpw3xZflWkJ,cust_z80T9vyL0EArSy,340100,INR,upi,,GATEWAY_ERROR,gateway,payment_authentication,authentication_failed,Payment could not be completed due to incorrect OTP or verification details.,soft,active,1,3,2026-08-16T07:46:29.997650+05:30,2026-09-10T10:46:29.997650+05:30,,recovered,auto_retry,340100,+917788658341,rajesh.agarwal663@yahoo.co.in,,,,,,3401.0,3401.0
ee71bbdc-3813-4fc5-91be-79d02bbf6537,checkout_drop_off,pay_EvST4DSLgx0uOt,order_X1X0oLwUieqXA4,,,cust_EVsCxEbZgkZh0t,108500,INR,card,rupay,CHECKOUT_DROP_OFF,customer,checkout_funnel,saved_card_unavailable,Abandoned at payment_method_selected: saved_card_unavailable,soft,,0,3,2026-08-16T09:09:27.997650+05:30,2026-08-16T09:09:27.997650+05:30,,closed,payment_link,0,+918899820847,meera.chauhan588@yahoo.co.in,,,,,payment_method_selected,1085.0,0.0
1ea49cd0-7641-4ec3-b3e9-c843fb84c111,b2b_receivable,,order_1Zi38CoJDPAbsY,,,cust_fR00y0sMqBqRwE,8600000,INR,netbanking,,INVOICE_PAYMENT_OVERDUE,corporate_buyer,accounts_payable_settlement,invoice_overdue_current,Corporate invoice overdue by 0 days (current).,soft,,0,3,2026-08-16T10:02:05.997650+05:30,2026-08-16T10:02:05.997650+05:30,,recovered,email,8600000,+917788850660,ap@apex.com,inv_y4vxyj3XAngQyf,Apex Logistics Solutions Pvt Ltd,19BDEEC0107Q6ZR,current,,86000.0,86000.0
74431aee-c4b5-4449-ba9b-d978543a10f3,mandate,pay_ppnniOfcklDGPH,order_aSzzRkkexJPfRj,,token_7FrYhV0gPHTssm,cust_kWcoVGuIG5gK4A,1121800,INR,upi,,GATEWAY_ERROR,issuer_bank,payment_authorization,bank_technical_error,Bank downtime. Please try again later.,technical,,4,3,2026-08-16T10:21:11.997650+05:30,2026-08-29T15:21:11.997650+05:30,,escalated,voice,0,+918877828144,rohan.sharma969@gmail.com,,,,,,11218.0,0.0
d7b17483-8d3a-40c5-95ea-d9507fe3887f,checkout_drop_off,pay_tU8jkf2hnGFhtB,order_kgN3pi7htfUegq,,,cust_jSas2BuI2BAjAh,321800,INR,upi,rupay,CHECKOUT_DROP_OFF,customer,checkout_funnel,preferred_bank_missing,Abandoned at payment_method_selected: preferred_bank_missing,soft,,0,3,2026-08-16T10:32:24.997650+05:30,2026-08-16T10:32:24.997650+05:30,,closed,payment_link,0,+919988508003,pooja.roy471@outlook.com,,,,,payment_method_selected,3218.0,0.0
2096ebad-c6f5-47de-ba2f-1a5617e522e3,mandate,pay_JxCTnpQQxx32RT,order_EmCjbQRddpdv4J,,token_UvsAbZPAa2baOK,cust_RmbOha9gsv7EYx,3853100,INR,netbanking,,GATEWAY_ERROR,gateway,payment_authorization,gateway_technical_error,Payment did not go through due to a temporary issue.,technical,,1,3,2026-08-16T10:56:08.997650+05:30,2026-08-30T10:56:08.997650+05:30,,recovered,auto_retry,3853100,+917766401792,diya.shah311@gmail.com,,,,,,38531.0,38531.0
fe063a27-9a01-4329-8c99-60947bcabd0e,subscription,pay_07WKJrvaRaPSOU,order_85XrrlixtwpHhE,sub_xLi6l4s2W11qDM,token_oIarwlm1wMjj4P,cust_plWPy5FNOWmDWo,338100,INR,upi,,BAD_REQUEST_ERROR,issuer_bank,payment_authorization,transaction_limit_exceeded,Maximum transaction limit exceeded for the day.,soft,halted,3,3,2026-08-16T11:24:10.997650+05:30,2026-08-29T13:24:10.997650+05:30,,escalated,voice,0,+918899134985,kavita.banerjee548@hotmail.com,,,,,,3381.0,0.0
5c6bf536-b298-487e-addb-87a40c19791e,payment,pay_2GjShOsuZuWQ7h,order_2mPsSStYX38nYL,,,cust_1I5nnZigDi2ERO,340200,INR,upi,,GATEWAY_ERROR,gateway,payment_authorization,gateway_technical_error,Payment did not go through due to a temporary issue.,technical,,1,3,2026-08-16T11:24:40.997650+05:30,2026-09-08T10:24:40.997650+05:30,,recovered,auto_retry,340200,+919900036698,neha.yadav807@gmail.com,,,,,,3402.0,3402.0
c4b34649-f202-46d1-8ad6-930286092cfd,subscription,pay_c6eDE4Jm71dIuF,order_HNQAdKQyEgBS8W,sub_djHGmZEmZoJPjo,token_uRZGvFTKiCabWU,cust_7ctfKfayRc5vUY,372400,INR,upi,,BAD_REQUEST_ERROR,issuer_bank,payment_authorization,debit_instrument_inactive,Your card is currently inactive.,technical,halted,3,3,2026-08-16T11:34:30.997650+05:30,2026-09-13T16:34:30.997650+05:30,,escalated,voice,0,+919988247853,kavita.mahanty960@rediffmail.com,,,,,,3724.0,0.0
62c143bf-d9f6-4db9-949a-1cae05177830,subscription,pay_6GPOkt2By8u8A0,order_xAaB1d7Mzy6cnn,sub_K4FoN2gx1ntSVU,token_Zfkywggmgz78jp,cust_NMYyFR61HHPeNA,474900,INR,card,rupay,BAD_REQUEST_ERROR,issuer_bank,payment_authorization,transaction_limit_exceeded,Maximum transaction limit exceeded for the day.,soft,halted,3,3,2026-08-16T11:56:18.997650+05:30,2026-09-08T12:56:18.997650+05:30,,escalated,voice,0,+917766881298,vikram.chauhan397@outlook.com,,,,,,4749.0,0.0
685c3eb1-81d1-49a6-a87e-17134d6980e0,payment,pay_tGSYc7r1CjeZAI,order_O7NWdMpxPEI5va,,,cust_W2c7coDmmJ9xNp,97600,INR,card,rupay,GATEWAY_ERROR,gateway,payment_authorization,gateway_technical_error,Payment did not go through due to a temporary issue.,technical,,4,3,2026-08-16T12:08:46.997650+05:30,2026-09-08T15:08:46.997650+05:30,,escalated,voice,0,+918899006355,ananya.iyer482@yahoo.co.in,,,,,,976.0,0.0
25f0680b-59de-464f-a6d4-738ad67ce1f2,subscription,pay_Nr6bFzJGx8auOk,order_daJGSqJapT4VZb,sub_zAiQHhBOPMj7fF,token_0SbiSCWdtI8UZZ,cust_2OkrB3KKspjtoX,97700,INR,wallet,,BAD_REQUEST_ERROR,issuer_bank,payment_authorization,payment_risk_check_failed,Payment declined by bank due to risk check.,hard,pending,0,0,2026-08-16T12:19:33.997650+05:30,2026-08-16T12:19:33.997650+05:30,,closed,manual,0,+918899616814,shreya.verma734@yahoo.co.in,,,,,,977.0,0.0
9cbb6a19-dfe9-463b-b289-9ca09060a3f4,b2b_receivable,,order_bVvRiIjYemCQKt,,,cust_qKMj0wmqLvjb58,9800000,INR,netbanking,,INVOICE_PAYMENT_OVERDUE,corporate_buyer,accounts_payable_settlement,invoice_overdue_current,Corporate invoice overdue by 0 days (current).,soft,,0,3,2026-08-16T12:22:32.997650+05:30,2026-08-16T12:22:32.997650+05:30,,recovered,email,9800000,+919876224722,ap@cloudscale.com,inv_me4NCsUgLIakkV,CloudScale Technologies Pvt Ltd,06ACEAE8218H4ZD,current,,98000.0,98000.0
2ce48cc0-8edf-46a5-8f50-c0a1d3987fe3,payment,pay_NwCgahjXesCQdp,order_orZ3ijyMpOLt77,,,cust_yx4q4xaLvJsFei,329700,INR,netbanking,,BAD_REQUEST_ERROR,customer,payment_authentication,payment_cancelled,Your payment has been cancelled.,soft,,1,3,2026-08-16T13:44:08.997650+05:30,2026-08-29T10:44:08.997650+05:30,,recovered,auto_retry,329700,+919988731412,vikram.joshi177@rediffmail.com,,,,,,3297.0,3297.0
40bade96-98dc-4257-847e-61508a0c8c02,payment,pay_TuqZ2EvvCwRBxA,order_oHTaxqvYidecQJ,,,cust_DFXzLCVZxPlQON,89600,INR,card,rupay,BAD_REQUEST_ERROR,issuer_bank,payment_authorization,transaction_limit_exceeded,Maximum transaction limit exceeded for the day.,soft,,3,3,2026-08-16T14:10:22.997650+05:30,2026-09-09T16:10:22.997650+05:30,,escalated,voice,0,+919876039029,nisha.mishra343@gmail.com,,,,,,896.0,0.0
0aab06d4-727e-4833-a607-197b4df164bd,payment,pay_TnetdtdaVpSWIA,order_Tmcs9gjhAYuKY7,,,cust_aWaoWBkX4iFUEV,90800,INR,card,mastercard,BAD_REQUEST_ERROR,issuer_bank,payment_authorization,card_disabled_for_online_payments,Your card is disabled for online payments.,hard,,0,0,2026-08-16T14:45:51.997650+05:30,2026-08-16T14:45:51.997650+05:30,,closed,manual,0,+919876603562,krishna.yadav11@rediffmail.com,,,,,,908.0,0.0
ce93b068-d533-4fc8-aa77-55ba087a197d,mandate,pay_bpAPKvUde4sHJE,order_KpYefk0c0QOIpF,,token_BVm53ibE7VnlPX,cust_HET5dxxZ5qdOok,33200,INR,card,mastercard,BAD_REQUEST_ERROR,customer,payment_authentication,payment_cancelled,Your payment has been cancelled.,soft,,3,3,2026-08-16T15:25:49.997650+05:30,2026-09-04T14:25:49.997650+05:30,,escalated,voice,0,+918899887737,nisha.sharma121@yahoo.co.in,,,,,,332.0,0.0
b5a01479-c6fb-49a2-82c2-47880081c7db,payment,pay_cVnTjQoocA1scQ,order_wtlrkHq7RQTA4R,,,cust_5ObCiFEJA0iL24,1143200,INR,card,visa,BAD_REQUEST_ERROR,issuer_bank,payment_authorization,card_expired,Your card has expired. Please use another card.,hard,,0,0,2026-08-16T16:01:09.997650+05:30,2026-08-16T16:01:09.997650+05:30,,closed,manual,0,+918899992740,rajesh.kumar233@yahoo.co.in,,,,,,11432.0,0.0
4281995a-416c-45f0-9875-e23119fcb6f1,b2b_receivable,,order_ywwbDULIkqcqCW,,,cust_kotVqHqcX4ZVQU,6000000,INR,netbanking,,INVOICE_PAYMENT_OVERDUE,corporate_buyer,accounts_payable_settlement,invoice_overdue_1_15_days,Corporate invoice overdue by 8 days (1_15_days).,soft,,0,3,2026-08-16T16:11:39.997650+05:30,2026-08-16T16:11:39.997650+05:30,,recovered,email,6000000,+919900290185,ap@starlight.com,inv_t5SU6RO3LB0d5i,Starlight Manufacturing Corp,27EDBCC3147G6Z6,1_15_days,,60000.0,60000.0
6c70d43d-e3a3-465b-a0e7-9caa49aafef7,b2b_receivable,,order_XS0s8unaj4jHHJ,,,cust_VqIULfiJMf5Tpd,5900000,INR,netbanking,,INVOICE_PAYMENT_OVERDUE,corporate_buyer,accounts_payable_settlement,invoice_overdue_16_30_days,Corporate invoice overdue by 25 days (16_30_days).,soft,,0,3,2026-08-16T16:37:20.997650+05:30,2026-08-16T16:37:20.997650+05:30,,recovered,email,5900000,+919900576099,ap@bluedart.com,inv_xOGhJ8LRtwRX6z,BlueDart SupplyChain Services Ltd,24ACDCA5734I4Z5,16_30_days,,59000.0,59000.0
04552afd-8c15-4722-bb2c-c3828521414e,payment,pay_6u1Rwsp3X7jpub,order_QfRSygQDHsSGD7,,,cust_r9E1b9QLGfawLI,28000,INR,upi,,BAD_REQUEST_ERROR,customer,payment_authentication,payment_cancelled,Your payment has been cancelled.,soft,,3,3,2026-08-16T16:42:17.997650+05:30,2026-09-04T16:42:17.997650+05:30,,escalated,voice,0,+918877983347,saanvi.nair696@rediffmail.com,,,,,,280.0,0.0
73f797c4-faf9-4627-aaf0-0ce94ae3e189,subscription,pay_xyBnSc2LZ1Mx4V,order_jHOYWpYdpnlzCn,sub_f7BsnaDL3ruzvL,token_V17x5WSOTVSNvM,cust_2Lt9joqdfxKBWc,49900,INR,upi,,GATEWAY_ERROR,gateway,payment_authentication,authentication_failed,Payment could not be completed due to incorrect OTP or verification details.,soft,halted,3,3,2026-08-16T16:56:19.997650+05:30,2026-09-07T13:56:19.997650+05:30,,escalated,voice,0,+918899456965,aadhya.kumar819@gmail.com,,,,,,499.0,0.0
38f6c82c-7392-4ade-9c16-a7255b2235a5,mandate,pay_dCgWUjGVSYZr6e,order_CZFkZBz8BvmnWl,,token_6vPrmNSqCNIJd8,cust_OfloTpsL7798Zu,1263000,INR,emandate,,BAD_REQUEST_ERROR,issuer_bank,card_enrollment_check,card_not_enrolled,Your card is not enabled for online payments.,hard,,0,0,2026-08-16T18:35:01.997650+05:30,2026-08-16T18:35:01.997650+05:30,,closed,manual,0,+918877084025,arjun.mishra501@yahoo.co.in,,,,,,12630.0,0.0
6c6d4250-cdc9-4759-b6de-6c4802061bb2,payment,pay_3bkmBTLwNvBKW8,order_3rO9e7OiQGlCrz,,,cust_GIwICSQ6S1UBJo,387000,INR,upi,,BAD_REQUEST_ERROR,issuer_bank,payment_authorization,transaction_limit_exceeded,Maximum transaction limit exceeded for the day.,soft,,3,3,2026-08-16T20:01:22.997650+05:30,2026-09-08T16:01:22.997650+05:30,,escalated,voice,0,+919988971408,kiara.nair280@yahoo.co.in,,,,,,3870.0,0.0
acbe7bf0-5a3d-40fb-ab2a-8cd935ff99a2,checkout_drop_off,,order_UrJ1AK0SCAN7cb,,,cust_V1tJOwxlu6IWKc,366400,INR,upi,rupay,CHECKOUT_DROP_OFF,customer,checkout_funnel,unexpected_shipping_fees,Abandoned at address_submitted: unexpected_shipping_fees,soft,,0,3,2026-08-16T20:28:16.997650+05:30,2026-08-16T20:28:16.997650+05:30,,closed,payment_link,0,+918877718419,suresh.mukherjee665@rediffmail.com,,,,,address_submitted,3664.0,0.0
da4ac515-c5df-43c2-bd9b-6961b84cb5af,checkout_drop_off,pay_8yIp2lniSU1oEM,order_5AOyHVUZekFuSB,,,cust_3j1xuuGqTXcSPe,539300,INR,upi,visa,CHECKOUT_DROP_OFF,customer,checkout_funnel,3ds_auth_cancelled,Abandoned at otp_abandoned: 3ds_auth_cancelled,soft,,0,3,2026-08-16T20:30:24.997650+05:30,2026-08-16T20:30:24.997650+05:30,,closed,payment_link,0,+919988176636,aditya.reddy761@yahoo.co.in,,,,,otp_abandoned,5393.0,0.0
03bbbdab-9642-46a7-88bd-97456c508dcf,payment,pay_bCEMYBDZ2sp5B7,order_MEw7LVVjDUydqv,,,cust_xgD0f8RY5sshAR,77500,INR,emandate,,BAD_REQUEST_ERROR,gateway,payment_authorization,insufficient_funds,Your payment could not be completed due to insufficient account balance.,soft,,3,3,2026-08-16T21:01:44.997650+05:30,2026-09-20T12:01:44.997650+05:30,,recovered,sms,77500,+919876174196,aarav.dey27@outlook.com,,,,,,775.0,775.0
c2b864a4-ee36-4f60-863e-cc6878ab186a,checkout_drop_off,,order_2iH9GyY4mTJb1P,,,cust_1Pg34GLzIB6UzO,173400,INR,upi,rupay,CHECKOUT_DROP_OFF,customer,checkout_funnel,price_comparison_pause,Abandoned at cart_abandoned: price_comparison_pause,soft,,0,3,2026-08-16T22:35:07.997650+05:30,2026-08-16T22:35:07.997650+05:30,,recovered,payment_link,173400,+918877667318,kiara.patel245@gmail.com,,,,,cart_abandoned,1734.0,1734.0
264b3d94-eb79-403d-808d-b6bae23c7ee8,payment,pay_1umB6hhRLnqrYW,order_4DqPpKtHoO0Z5K,,,cust_l3Jhfh0N50bpFn,294000,INR,upi,,BAD_REQUEST_ERROR,customer,payment_authentication,payment_timed_out,Your payment could not be completed due to a temporary issue. Try again later.,soft,,3,3,2026-08-16T22:47:29.997650+05:30,2026-08-24T12:47:29.997650+05:30,,escalated,voice,0,+919900068144,kavita.gupta440@gmail.com,,,,,,2940.0,0.0
c4d93087-f1e8-47db-9f94-369dfb31c0b6,checkout_drop_off,pay_I0YAqCHgHPqO0x,order_zUkwxHXHEOcY4W,,,cust_2KwhgMg34djDcz,354900,INR,card,visa,CHECKOUT_DROP_OFF,customer,checkout_funnel,upi_intent_app_switch_failed,Abandoned at payment_method_selected: upi_intent_app_switch_failed,soft,,0,3,2026-08-16T23:39:59.997650+05:30,2026-08-16T23:39:59.997650+05:30,,closed,payment_link,0,+919988354185,suresh.mahanty248@rediffmail.com,,,,,payment_method_selected,3549.0,0.0
f5e1ef68-c091-448a-adca-6c8ae9018a28,subscription,pay_QruiAqs5TAJIgM,order_XvR59nSP2IAfWu,sub_iAr06KdfZjyMnN,token_Hcpx6AMP3ByvPt,cust_3P2C657qKkcOUu,190700,INR,upi,,BAD_REQUEST_ERROR,customer,payment_authentication,payment_timed_out,Your payment could not be completed due to a temporary issue. Try again later.,soft,active,1,3,2026-08-17T04:06:24.997650+05:30,2026-09-03T10:06:24.997650+05:30,,recovered,auto_retry,190700,+919876512206,ishaan.iyer941@yahoo.co.in,,,,,,1907.0,1907.0
bed06a4b-27d1-4dfc-b49b-d54e39ed94c5,mandate,pay_3ePRNy41ek9JFe,order_AguI1RATOYAu7X,,token_hTkMhT5e7W5D1z,cust_bk6LmQT79cV2rK,329900,INR,card,rupay,GATEWAY_ERROR,gateway,payment_authentication,authentication_failed,Payment could not be completed due to incorrect OTP or verification details.,soft,,3,3,2026-08-17T04:16:04.997650+05:30,2026-09-16T16:16:04.997650+05:30,,escalated,voice,0,+918877556327,isha.ghosh224@yahoo.co.in,,,,,,3299.0,0.0
cd7b0ec4-33e4-4423-bd3f-8ee3db6236f1,mandate,pay_5cueWS2BoaqmVP,order_dLbJcTdVRBnESX,,token_SlKkkuCwEAAZ1k,cust_mCfR2S65eBvNbh,279200,INR,card,mastercard,BAD_REQUEST_ERROR,gateway,payment_authorization,insufficient_funds,Your payment could not be completed due to insufficient account balance.,soft,,1,3,2026-08-17T04:39:43.997650+05:30,2026-09-13T10:39:43.997650+05:30,,recovered,auto_retry,279200,+918899532233,reyansh.mishra653@rediffmail.com,,,,,,2792.0,2792.0
e7b8e2c0-367d-4dff-8b37-0837cdfd619b,mandate,pay_dSBsBv6F1pofe4,order_Qy0BGQew8OOxny,,token_dQ9liQ45rWezWD,cust_HkEjOHs6GuQ7VQ,188000,INR,card,diners,BAD_REQUEST_ERROR,gateway,payment_authorization,payment_failed,Payment was declined by the bank.,technical,,1,3,2026-08-17T04:51:20.997650+05:30,2026-09-02T10:51:20.997650+05:30,,recovered,auto_retry,188000,+919988242803,neha.kumar923@yahoo.co.in,,,,,,1880.0,1880.0
e21b6de7-5cff-4890-b17a-b010ed49b688,subscription,pay_ssm3ewdbpiquHE,order_2ZTiG7PyIfEiC2,sub_dBvaBCB5UUGzXI,token_Pz2qVSDlzB7dM6,cust_0oOrUGpYCoXRRV,79100,INR,netbanking,,BAD_REQUEST_ERROR,customer,payment_authentication,payment_timed_out,Your payment could not be completed due to a temporary issue. Try again later.,soft,halted,3,3,2026-08-17T04:58:53.997650+05:30,2026-08-22T15:58:53.997650+05:30,,escalated,voice,0,+919988592536,vihaan.gupta475@gmail.com,,,,,,791.0,0.0
cda98a8e-1865-4e31-a621-735ba3db49ed,mandate,pay_Jhrg3r7TazPXhZ,order_ajZAg6IxDUy633,,token_irFIyLk7u2YITa,cust_FHAn7HHgG3h0F3,1334300,INR,card,visa,GATEWAY_ERROR,issuer_bank,payment_authorization,bank_technical_error,Bank downtime. Please try again later.,technical,,4,3,2026-08-17T05:05:20.997650+05:30,2026-08-27T13:05:20.997650+05:30,,escalated,voice,0,+917766695420,shreya.mukherjee927@gmail.com,,,,,,13343.0,0.0
6f837089-ee18-4e28-9ddf-9f667cbd9059,subscription,pay_p1IWtjmJFPQBWk,order_rOaqdVmTEU6r2L,sub_wckrzU8lMm6FFr,token_ZiWPy6NUqsvv8O,cust_PQB4EF3FvVtubp,42100,INR,upi,,BAD_REQUEST_ERROR,customer,payment_authentication,payment_timed_out,Your payment could not be completed due to a temporary issue. Try again later.,soft,active,1,3,2026-08-17T05:08:31.997650+05:30,2026-09-11T10:08:31.997650+05:30,,recovered,auto_retry,42100,+917788088174,isha.yadav990@rediffmail.com,,,,,,421.0,421.0
0e0dfc43-7cca-4166-bff9-de56255562b6,subscription,pay_egwpNTYy79EHWv,order_y1tkkDBCt4qc1x,sub_fmlhvy7zyaFUlX,token_r9Smi29lQgPyFz,cust_8Q5k1c7n1DCl9S,270200,INR,upi,,GATEWAY_ERROR,gateway,payment_authorization,gateway_technical_error,Payment did not go through due to a temporary issue.,technical,halted,3,3,2026-08-17T05:27:31.997650+05:30,2026-09-08T11:27:31.997650+05:30,,escalated,voice,0,+918899237882,diya.mahanty827@gmail.com,,,,,,2702.0,0.0
b1f9a08b-2d4a-436e-a82d-9e09f771a560,mandate,pay_usNxTyX5kMH4YH,order_0gEjmMa6VXaOTz,,token_GAgNCVXA9PX2AJ,cust_nXxfLlLr3Lw7XV,427700,INR,card,mastercard,BAD_REQUEST_ERROR,gateway,payment_authorization,insufficient_funds,Your payment could not be completed due to insufficient account balance.,soft,,1,3,2026-08-17T06:00:57.997650+05:30,2026-08-29T10:00:57.997650+05:30,,recovered,auto_retry,427700,+919123562596,meera.bose199@yahoo.co.in,,,,,,4277.0,4277.0
fd177724-1351-4efd-a753-97e7e648b23a,subscription,pay_uiAWBvSzK9IcfE,order_fbOthUCj7bBorJ,sub_rfpZSpN5txIlLd,token_mSAd1mo09fpMtA,cust_iuv4RBzly9CDJe,52900,INR,netbanking,,BAD_REQUEST_ERROR,issuer_bank,payment_authorization,transaction_limit_exceeded,Maximum transaction limit exceeded for the day.,soft,halted,3,3,2026-08-17T06:01:18.997650+05:30,2026-08-28T14:01:18.997650+05:30,,escalated,voice,0,+918899735029,aarav.reddy12@hotmail.com,,,,,,529.0,0.0
89d36367-433d-4b79-b3d4-284e815ec75d,subscription,pay_pSWRPg5WmtgYUy,order_0wooc5rJixVEMC,sub_sGy5mTCb4x7oCS,token_RuPul8UMFOnEsi,cust_GnDSeleq7PSQ3f,304600,INR,upi,,GATEWAY_ERROR,gateway,payment_authentication,authentication_failed,Payment could not be completed due to incorrect OTP or verification details.,soft,active,1,3,2026-08-17T06:43:39.997650+05:30,2026-09-03T10:43:39.997650+05:30,,recovered,auto_retry,304600,+919123976519,kavita.patel732@gmail.com,,,,,,3046.0,3046.0
8eac8b5d-c4d8-4052-ad3c-23d7d15994aa,subscription,pay_xdYITIuVvamrHs,order_aMOgID9C8wGYnL,sub_Vmgr7djEM96bNL,token_GwX40Xh0jaGGpN,cust_FmH5GGJn3vnMo5,984100,INR,upi,,BAD_REQUEST_ERROR,gateway,payment_authorization,insufficient_funds,Your payment could not be completed due to insufficient account balance.,soft,halted,3,3,2026-08-17T07:49:19.997650+05:30,2026-09-09T15:49:19.997650+05:30,,escalated,voice,0,+918899233430,krishna.verma784@gmail.com,,,,,,9841.0,0.0
a55c296f-a7e8-4f2f-afaa-7ff1f1f1881a,payment,pay_h47YR8C9EyHRx4,order_0haSdzEGkEbgsD,,,cust_pkIRmiZm2Pwkkg,431400,INR,upi,,BAD_REQUEST_ERROR,issuer_bank,card_enrollment_check,card_not_enrolled,Your card is not enabled for online payments.,hard,,0,0,2026-08-17T09:36:03.997650+05:30,2026-08-17T09:36:03.997650+05:30,,closed,manual,0,+917766924678,reyansh.nair92@yahoo.co.in,,,,,,4314.0,0.0
502bf9ad-19c7-4e51-a7a5-fb8ec023c731,mandate,pay_m60nUtbEafbIB3,order_RIEeO28CnacIgc,,token_U9FadX3QAN6U67,cust_ZhMw2NN5IcHsW4,201200,INR,netbanking,,GATEWAY_ERROR,gateway,payment_authentication,authentication_failed,Payment could not be completed due to incorrect OTP or verification details.,soft,,3,3,2026-08-17T09:55:57.997650+05:30,2026-08-22T19:55:57.997650+05:30,,escalated,voice,0,+917766347719,krishna.bose623@yahoo.co.in,,,,,,2012.0,0.0
992d58e6-0b29-43e5-973e-278c83fbce5a,subscription,pay_HRxSpDaMxuQoSY,order_GMY7gnelC3YnTV,sub_d55x6e0DGU6zhL,token_Lm4hHPd0GVBT4a,cust_FGlNH3h9hUIRp5,312400,INR,upi,,BAD_REQUEST_ERROR,issuer_bank,payment_authorization,transaction_limit_exceeded,Maximum transaction limit exceeded for the day.,soft,halted,3,3,2026-08-17T10:02:11.997650+05:30,2026-09-03T15:02:11.997650+05:30,,escalated,voice,0,+919123874111,meera.patel726@rediffmail.com,,,,,,3124.0,0.0
8e4128db-eae7-495a-91af-12e8a84c9201,subscription,pay_5dhbzOvSbKb6bO,order_aq468fwhHtYqWD,sub_IPpmaLjZZcIbok,token_ShILHdiYPqsj1T,cust_CHB15eGvgsBfbg,1193100,INR,card,visa,GATEWAY_ERROR,issuer_bank,payment_authorization,bank_technical_error,Bank downtime. Please try again later.,technical,active,1,3,2026-08-17T10:11:40.997650+05:30,2026-09-03T10:11:40.997650+05:30,,recovered,auto_retry,1193100,+919988974591,vikram.shah372@hotmail.com,,,,,,11931.0,11931.0
332c6625-3b31-4822-8bec-2d151e0df43e,mandate,pay_J65DN1tsNDFbpm,order_MtWKDtzjZU0OqG,,token_Gg2nwTflawKhSd,cust_0REBG5RNhIgZAP,333800,INR,upi,,GATEWAY_ERROR,gateway,payment_authorization,gateway_technical_error,Payment did not go through due to a temporary issue.,technical,,2,3,2026-08-17T10:21:57.997650+05:30,2026-09-09T10:21:57.997650+05:30,,recovered,auto_retry,333800,+917788278080,ishaan.reddy142@rediffmail.com,,,,,,3338.0,3338.0
24134e7c-4b86-4383-bd8a-05ce6b359094,mandate,pay_ehKmQSkcSqhOgM,order_wOYK2c2UUX610T,,token_JMov5qAI1LAyqI,cust_iUsN4wxsJUOLSk,1157700,INR,emandate,,BAD_REQUEST_ERROR,gateway,payment_authorization,payment_failed,Payment was declined by the bank.,technical,,4,3,2026-08-17T10:29:17.997650+05:30,2026-09-15T10:29:17.997650+05:30,,recovered,auto_retry,1157700,+919876737795,saanvi.joshi203@outlook.com,,,,,,11577.0,11577.0
c80df454-6baa-4107-a3dd-94b5ac28b27f,mandate,pay_N0Xwjr7NqQsYa6,order_8jCxK8TjmTrEKJ,,token_uBYAMkp3sLXvNd,cust_x2g1bAMgV37NO6,95000,INR,emandate,,BAD_REQUEST_ERROR,customer,payment_authentication,payment_timed_out,Your payment could not be completed due to a temporary issue. Try again later.,soft,,3,3,2026-08-17T10:42:51.997650+05:30,2026-09-08T13:42:51.997650+05:30,,escalated,voice,0,+919900508250,amit.mukherjee993@yahoo.co.in,,,,,,950.0,0.0
b01b4d7f-ff35-47bd-9596-7a95afe48392,mandate,pay_zZG1tczNrPVcge,order_zZ1TkFoydW1Rnq,,token_2tIqcFVP6mpIlz,cust_amYNzWRozgaJGf,59000,INR,netbanking,,BAD_REQUEST_ERROR,gateway,payment_authorization,insufficient_funds,Your payment could not be completed due to insufficient account balance.,soft,,3,3,2026-08-17T10:52:55.997650+05:30,2026-09-17T14:52:55.997650+05:30,,escalated,voice,0,+919123599407,nisha.mahanty391@hotmail.com,,,,,,590.0,0.0
240e5b07-b6a1-48d5-a2d4-2a098c7eaaf5,payment,pay_kI3bMvkwYr3fWE,order_jLLVmocIfSdNyA,,,cust_9fjDUn8hNks3l4,346600,INR,upi,,BAD_REQUEST_ERROR,issuer_bank,card_enrollment_check,card_not_enrolled,Your card is not enabled for online payments.,hard,,0,0,2026-08-17T11:12:34.997650+05:30,2026-08-17T11:12:34.997650+05:30,,closed,manual,0,+919900414863,aanya.banerjee605@yahoo.co.in,,,,,,3466.0,0.0
831e06dc-af25-405f-8d95-0c3013035e75,subscription,pay_CaGoKqDA9Cm1LO,order_fAHyN90NT0bxji,sub_3gIEhVjvgq5OP1,token_z9xERY0xHR518r,cust_f4OHfL82jUtF6c,44900,INR,netbanking,,GATEWAY_ERROR,issuer_bank,payment_authorization,bank_technical_error,Bank downtime. Please try again later.,technical,halted,3,3,2026-08-17T11:15:26.997650+05:30,2026-08-26T11:15:26.997650+05:30,,escalated,voice,0,+919123315068,reyansh.das302@hotmail.com,,,,,,449.0,0.0
3309eada-8442-46fb-8125-ad4448c8ed25,subscription,pay_ghuQmU7esKJ4eI,order_OUAfRvN8IkBRlZ,sub_pQ62r9BUktYcBf,token_FJYuDmzz7dgQiw,cust_euXLvcPOI7TzSG,303600,INR,card,rupay,GATEWAY_ERROR,gateway,payment_authorization,gateway_technical_error,Payment did not go through due to a temporary issue.,technical,active,1,3,2026-08-17T11:22:48.997650+05:30,2026-08-29T10:22:48.997650+05:30,,recovered,auto_retry,303600,+919900322755,krishna.verma667@hotmail.com,,,,,,3036.0,3036.0
a4e76f2f-f8d4-430a-851c-599cf112f4f4,mandate,pay_TLJyP73e5wqBR9,order_DUmVxhllKQyAmD,,token_8dNnWNateG5pH8,cust_HkY47BrW9fqCnA,168800,INR,upi,,BAD_REQUEST_ERROR,issuer_bank,payment_authorization,transaction_limit_exceeded,Maximum transaction limit exceeded for the day.,soft,,1,3,2026-08-17T11:31:19.997650+05:30,2026-08-23T10:31:19.997650+05:30,,recovered,auto_retry,168800,+919900589030,rahul.chauhan607@outlook.com,,,,,,1688.0,1688.0
e36b0a19-5c41-482b-80d3-5cb0042a8887,b2b_receivable,,order_Q3Q8O2j0L4n1wk,,,cust_9mE03VsZAWVcEZ,6800000,INR,netbanking,,INVOICE_PAYMENT_OVERDUE,corporate_buyer,accounts_payable_settlement,invoice_overdue_16_30_days,Corporate invoice overdue by 23 days (16_30_days).,soft,,0,3,2026-08-17T11:31:31.997650+05:30,2026-08-17T11:31:31.997650+05:30,,recovered,email,6800000,+919876541219,ap@apex.com,inv_jWgZFm9kTSnuqK,Apex Logistics Solutions Pvt Ltd,24ECDDC2415D8ZI,16_30_days,,68000.0,68000.0
b2fa07fd-9ea8-4007-8dce-5b3c5c878a17,subscription,pay_SYK6Q5muDHoQ9W,order_eWl35fy3eD3IqR,sub_vPyhmEkcUyKH7B,token_AjZkMHuKLpPAJ7,cust_xqbjGnBUbyjsTf,1231000,INR,upi,,BAD_REQUEST_ERROR,gateway,payment_authorization,insufficient_funds,Your payment could not be completed due to insufficient account balance.,soft,halted,3,3,2026-08-17T12:04:17.997650+05:30,2026-08-25T15:04:17.997650+05:30,,escalated,voice,0,+918899712010,suresh.chauhan122@gmail.com,,,,,,12310.0,0.0
65f7d0a7-7ad0-4231-8c02-71994ba4ba53,payment,pay_GbGEnwoaqdy1xP,order_oCatfV870HMxtf,,,cust_usOjbFijOfPkUV,80800,INR,upi,,GATEWAY_ERROR,gateway,payment_authentication,authentication_failed,Payment could not be completed due to incorrect OTP or verification details.,soft,,1,3,2026-08-17T12:08:28.997650+05:30,2026-09-01T10:08:28.997650+05:30,,recovered,auto_retry,80800,+917766527032,aadhya.sharma205@gmail.com,,,,,,808.0,808.0
ad4dbb3e-2539-4ff6-bdfb-e335b4818c72,payment,pay_PCGyAuJsTtcyKL,order_bIjcYw94hraCaa,,,cust_baYxSecxKO5cwY,59100,INR,wallet,,BAD_REQUEST_ERROR,gateway,payment_authorization,insufficient_funds,Your payment could not be completed due to insufficient account balance.,soft,,3,3,2026-08-17T12:09:31.997650+05:30,2026-09-08T11:09:31.997650+05:30,,escalated,voice,0,+919123009981,isha.iyer855@yahoo.co.in,,,,,,591.0,0.0
4ba93806-bd40-4829-adb5-bcf9e140c08e,b2b_receivable,,order_o38s6eyuCiXRVV,,,cust_d1hz8mFnUTyYFH,21900000,INR,netbanking,,INVOICE_PAYMENT_OVERDUE,corporate_buyer,accounts_payable_settlement,invoice_overdue_current,Corporate invoice overdue by 0 days (current).,soft,,0,3,2026-08-17T12:10:25.997650+05:30,2026-08-17T12:10:25.997650+05:30,,recovered,email,21900000,+918899960992,ap@hyperion.com,inv_TkTWdz6lYBE2U9,Hyperion Telecom Services LLP,27AACCB7989G5ZF,current,,219000.0,219000.0
a7760300-e914-48df-8303-a506c4ceacc8,checkout_drop_off,,order_F63QbUZD8jIVuj,,,cust_JSLVtEUmBylzOK,64200,INR,upi,visa,CHECKOUT_DROP_OFF,customer,checkout_funnel,accidental_tab_close,Abandoned at cart_abandoned: accidental_tab_close,soft,,0,3,2026-08-17T12:28:20.997650+05:30,2026-08-17T12:28:20.997650+05:30,,recovered,payment_link,64200,+917788203878,arjun.bose502@yahoo.co.in,,,,,cart_abandoned,642.0,642.0
868ea63f-d0d4-4d39-9817-c060958f1fd8,payment,pay_YApSNZA2bCkWPZ,order_DeEA6Xv9lL4fmk,,,cust_aEUZ5QJGEKUls0,29000,INR,card,visa,BAD_REQUEST_ERROR,gateway,payment_authorization,insufficient_funds,Your payment could not be completed due to insufficient account balance.,soft,,3,3,2026-08-17T12:28:46.997650+05:30,2026-09-04T13:28:46.997650+05:30,,recovered,sms,29000,+919900774186,aarav.dey380@yahoo.co.in,,,,,,290.0,290.0
8c32e960-b885-4ee6-bc15-95b73f6fabd2,payment,pay_qTp4KUfWyySrlE,order_l1NLZUW2JVBS5I,,,cust_nCmKpLswc9YdAI,1481300,INR,upi,,BAD_REQUEST_ERROR,gateway,payment_authorization,payment_failed,Payment was declined by the bank.,technical,,4,3,2026-08-17T12:51:00.997650+05:30,2026-09-25T00:51:00.997650+05:30,,recovered,sms,1481300,+919123131985,rohan.ghosh388@hotmail.com,,,,,,14813.0,14813.0
ddb26ade-deb4-43ac-9e99-db26688c8954,b2b_receivable,,order_lZyDfRxa5ib5lU,,,cust_Kgs6QSq5gGcdRL,9100000,INR,netbanking,,INVOICE_PAYMENT_OVERDUE,corporate_buyer,accounts_payable_settlement,invoice_overdue_31_60_days,Corporate invoice overdue by 34 days (31_60_days).,soft,,0,3,2026-08-17T13:02:41.997650+05:30,2026-08-17T13:02:41.997650+05:30,,escalated,voice,0,+918877783787,ap@zenith.com,inv_EYUsNQyi9DTXGw,Zenith Healthware LLP,06DBEDC8391N5ZG,31_60_days,,91000.0,0.0
09086ebf-d8f6-4674-832f-9f318a42378f,payment,pay_9i5nl7vSWkxMpV,order_dVXWsdldcaUu28,,,cust_wNQBCpqZrwrPUX,781700,INR,upi,,BAD_REQUEST_ERROR,issuer_bank,payment_authorization,debit_instrument_inactive,Your card is currently inactive.,technical,,1,3,2026-08-17T13:10:58.997650+05:30,2026-08-22T10:10:58.997650+05:30,,recovered,auto_retry,781700,+917766514522,aarav.patel773@hotmail.com,,,,,,7817.0,7817.0
0581bfd0-e8d2-4980-b722-91160909d9f8,payment,pay_uvN7ycvlRe2sUq,order_zT6VV0bPiz0HKJ,,,cust_znOmtTw20aFgGT,695300,INR,card,rupay,BAD_REQUEST_ERROR,gateway,payment_authorization,insufficient_funds,Your payment could not be completed due to insufficient account balance.,soft,,1,3,2026-08-17T13:37:02.997650+05:30,2026-09-09T10:37:02.997650+05:30,,recovered,auto_retry,695300,+918877739615,rajesh.joshi875@hotmail.com,,,,,,6953.0,6953.0
966d9c1f-d353-4b80-89c1-5cd45e7e12f4,b2b_receivable,,order_ZyBWBD2RX7QCr2,,,cust_ZBFCa4nQ6zSMch,26100000,INR,netbanking,,INVOICE_PAYMENT_OVERDUE,corporate_buyer,accounts_payable_settlement,invoice_overdue_current,Corporate invoice overdue by 0 days (current).,soft,,0,3,2026-08-17T13:45:07.997650+05:30,2026-08-17T13:45:07.997650+05:30,,recovered,email,26100000,+917788641518,ap@vanguard.com,inv_qqQfYzejp2Cg0K,Vanguard Chemical Industries Ltd,07CDCBA4703X1Z8,current,,261000.0,261000.0
ab0081c9-aa13-49aa-b8da-84e5833d8c83,payment,pay_Q0EqmDnegNuASm,order_IuoTk4SdCr36d6,,,cust_e851vE0LSeZait,31600,INR,card,mastercard,BAD_REQUEST_ERROR,gateway,payment_authorization,insufficient_funds,Your payment could not be completed due to insufficient account balance.,soft,,3,3,2026-08-17T13:50:14.997650+05:30,2026-09-11T13:50:14.997650+05:30,,escalated,voice,0,+919900736051,aarav.roy70@rediffmail.com,,,,,,316.0,0.0
9f4649b6-817f-419f-9e56-c4cf043d2081,b2b_receivable,,order_7gVfIZqbSI2Ywk,,,cust_PfJ4p1PZ68YJ6l,7700000,INR,netbanking,,INVOICE_PAYMENT_OVERDUE,corporate_buyer,accounts_payable_settlement,invoice_overdue_current,Corporate invoice overdue by 0 days (current).,soft,,0,3,2026-08-17T13:53:34.997650+05:30,2026-08-17T13:53:34.997650+05:30,,recovered,email,7700000,+919876721156,ap@quantalytics.com,inv_z8PjotCHqVtDqV,Quantalytics Data Systems LLP,24ABBEC9952D8ZP,current,,77000.0,77000.0
5dca48a7-1e82-47f4-b0b6-cb39a44f6df8,b2b_receivable,,order_S25Ow851QfB3Wd,,,cust_yBzMEqG2eWKQ0H,7800000,INR,netbanking,,INVOICE_PAYMENT_OVERDUE,corporate_buyer,accounts_payable_settlement,invoice_overdue_1_15_days,Corporate invoice overdue by 9 days (1_15_days).,soft,,0,3,2026-08-17T13:55:30.997650+05:30,2026-08-17T13:55:30.997650+05:30,,recovered,email,7800000,+919123915704,ap@trident.com,inv_YspUXe6mawyvCA,Trident Agro Exports Pvt Ltd,33CCBCA8469A9Z0,1_15_days,,78000.0,78000.0
cf995b84-7a34-4cba-8182-221156ab2815,payment,pay_ihlCXLbfrgPACv,order_KByn58jp4JXaLV,,,cust_lmCkIqCbWPf4xP,781600,INR,card,visa,GATEWAY_ERROR,issuer_bank,payment_authorization,bank_technical_error,Bank downtime. Please try again later.,technical,,1,3,2026-08-17T14:02:12.997650+05:30,2026-08-29T10:02:12.997650+05:30,,recovered,auto_retry,781600,+918877934047,kiara.das96@yahoo.co.in,,,,,,7816.0,7816.0
a943588c-85fc-48af-aced-00fbc822800d,payment,pay_2et8U8jtaj9Qje,order_3mpVBqYHGQ1kFy,,,cust_3z9PcX31ptACbH,273200,INR,upi,,BAD_REQUEST_ERROR,customer,payment_authentication,payment_timed_out,Your payment could not be completed due to a temporary issue. Try again later.,soft,,2,3,2026-08-17T14:16:52.997650+05:30,2026-08-24T10:16:52.997650+05:30,,recovered,auto_retry,273200,+919988201116,vivaan.agarwal849@yahoo.co.in,,,,,,2732.0,2732.0
b7fabfee-ad12-4faa-bf02-c8551cdc4d74,checkout_drop_off,,order_TCXkV2VC3Tgrao,,,cust_qZS52Tz8mXE54T,208100,INR,card,rupay,CHECKOUT_DROP_OFF,customer,checkout_funnel,accidental_tab_close,Abandoned at cart_abandoned: accidental_tab_close,soft,,0,3,2026-08-17T14:25:43.997650+05:30,2026-08-17T14:25:43.997650+05:30,,closed,payment_link,0,+919988771137,pooja.iyer529@gmail.com,,,,,cart_abandoned,2081.0,0.0
b43f9637-d919-40b7-bc9f-400cb10c87bf,payment,pay_Op0gy7tnHLHgBo,order_QEYn6Heu1DUYzk,,,cust_WDeF4EQtWIjFq7,150900,INR,card,amex,GATEWAY_ERROR,gateway,payment_authentication,authentication_failed,Payment could not be completed due to incorrect OTP or verification details.,soft,,2,3,2026-08-17T14:29:23.997650+05:30,2026-09-04T10:29:23.997650+05:30,,recovered,auto_retry,150900,+917788643815,suresh.singh114@rediffmail.com,,,,,,1509.0,1509.0
f25ca381-f7b3-4bf0-9906-eb0c802185b3,payment,pay_ES9i0orHbwLchq,order_ccPjHxyCeYfgdu,,,cust_n6YZLxorVDgK2w,684300,INR,upi,,BAD_REQUEST_ERROR,issuer_bank,payment_authorization,debit_instrument_inactive,Your card is currently inactive.,technical,,2,3,2026-08-17T14:39:08.997650+05:30,2026-09-04T10:39:08.997650+05:30,,recovered,auto_retry,684300,+917788758670,aadhya.mahanty397@yahoo.co.in,,,,,,6843.0,6843.0
378cc9ab-a60c-4b2c-bd07-4772bae095e9,payment,pay_ii5YPmlSBrshee,order_eGGxjGAKqIXlnY,,,cust_aeA6uNH1QdKenf,826300,INR,wallet,,BAD_REQUEST_ERROR,issuer_bank,card_enrollment_check,card_not_enrolled,Your card is not enabled for online payments.,hard,,0,0,2026-08-17T14:40:25.997650+05:30,2026-08-17T14:40:25.997650+05:30,,closed,manual,0,+917766546463,sai.joshi548@hotmail.com,,,,,,8263.0,0.0
050656fd-e13f-4650-8e09-d8d003fb8838,payment,pay_V8gZ3wDOeEm5JI,order_TUecLM6mtAb3zb,,,cust_GfOro5RJoFa15s,270500,INR,netbanking,,BAD_REQUEST_ERROR,issuer_bank,payment_authorization,card_disabled_for_online_payments,Your card is disabled for online payments.,hard,,0,0,2026-08-17T14:41:53.997650+05:30,2026-08-17T14:41:53.997650+05:30,,closed,manual,0,+919988243616,deepak.dey381@gmail.com,,,,,,2705.0,0.0
e5951ecc-8f40-476f-a00e-09f136fa0a7a,b2b_receivable,,order_24HVw23qAdAYiS,,,cust_2tpDzR4r0CjWvq,7900000,INR,netbanking,,INVOICE_PAYMENT_OVERDUE,corporate_buyer,accounts_payable_settlement,invoice_overdue_60_plus_days,Corporate invoice overdue by 78 days (60_plus_days).,soft,,0,3,2026-08-17T14:57:09.997650+05:30,2026-08-17T14:57:09.997650+05:30,,escalated,manual,0,+918899150827,ap@trident.com,inv_MY3eIx529fydJN,Trident Agro Exports Pvt Ltd,27BCDDE3597O9ZQ,60_plus_days,,79000.0,0.0
db3c52d9-0800-429e-a6a0-39ef23d63efc,checkout_drop_off,,order_xf0uGpc8ltm4Z6,,,cust_9jrxm0E0TTCwEd,160900,INR,card,visa,CHECKOUT_DROP_OFF,customer,checkout_funnel,accidental_tab_close,Abandoned at cart_abandoned: accidental_tab_close,soft,,0,3,2026-08-17T15:25:48.997650+05:30,2026-08-17T15:25:48.997650+05:30,,closed,payment_link,0,+919900086357,rohan.banerjee254@gmail.com,,,,,cart_abandoned,1609.0,0.0
b4b59848-067a-45a5-a96e-441ce71ba8ec,checkout_drop_off,,order_TEcWXTZnJd5XqO,,,cust_XKetR3U71orcYR,252300,INR,upi,rupay,CHECKOUT_DROP_OFF,customer,checkout_funnel,accidental_tab_close,Abandoned at cart_abandoned: accidental_tab_close,soft,,0,3,2026-08-17T15:30:33.997650+05:30,2026-08-17T15:30:33.997650+05:30,,closed,payment_link,0,+919876775209,sai.nair514@outlook.com,,,,,cart_abandoned,2523.0,0.0
2699c32f-4a7a-481a-9116-8ef390f6896b,payment,pay_2miOKQAv5buAe5,order_E2y9UoaFFutkqS,,,cust_NXKCCJDL0rI1j7,420100,INR,upi,,GATEWAY_ERROR,gateway,payment_authorization,gateway_technical_error,Payment did not go through due to a temporary issue.,technical,,4,3,2026-08-17T15:55:53.997650+05:30,2026-09-02T14:55:53.997650+05:30,,escalated,voice,0,+918899663036,diya.das239@yahoo.co.in,,,,,,4201.0,0.0
4c492e31-692d-4aa0-88fd-6675b632a890,b2b_receivable,,order_BZcm7PAFI3gN14,,,cust_1mfuzpowbg8AOS,9800000,INR,netbanking,,INVOICE_PAYMENT_OVERDUE,corporate_buyer,accounts_payable_settlement,invoice_overdue_1_15_days,Corporate invoice overdue by 2 days (1_15_days).,soft,,0,3,2026-08-17T16:34:29.997650+05:30,2026-08-17T16:34:29.997650+05:30,,recovered,email,9800000,+919988571408,ap@zenith.com,inv_thgtzjH0tSWuYU,Zenith Healthware LLP,19BDBBE1717E4ZC,1_15_days,,98000.0,98000.0
f0c2195c-3c93-4cc2-8ac2-0ce3f68ef8c6,b2b_receivable,,order_gXJyb9URUzsWHy,,,cust_CWJiHGc91yAJ5x,6200000,INR,netbanking,,INVOICE_PAYMENT_OVERDUE,corporate_buyer,accounts_payable_settlement,invoice_overdue_16_30_days,Corporate invoice overdue by 16 days (16_30_days).,soft,,0,3,2026-08-17T16:42:56.997650+05:30,2026-08-17T16:42:56.997650+05:30,,closed,email,0,+917788175218,ap@finmatrix.com,inv_puR2iwZYTOYLeP,FinMatrix Consulting Pvt Ltd,06ABDAA8450W7ZK,16_30_days,,62000.0,0.0
db20422b-20de-4882-a6b3-0b95b8b10845,subscription,pay_jXpz6oWEK86SVb,order_4n7T7juSNSiJNw,sub_tIesINkqP7TTZn,token_G2G4cal9YDDZsC,cust_8VWrxgvrAwLllT,503400,INR,upi,,GATEWAY_ERROR,issuer_bank,payment_authorization,bank_technical_error,Bank downtime. Please try again later.,technical,active,1,3,2026-08-17T17:32:56.997650+05:30,2026-08-30T10:32:56.997650+05:30,,recovered,auto_retry,503400,+917788091751,meera.sharma187@gmail.com,,,,,,5034.0,5034.0
b6552f3c-94fc-4edf-8b24-2124eac16b28,b2b_receivable,,order_1xj4p9HYPPG7zF,,,cust_K66u8L695v7cKO,7300000,INR,netbanking,,INVOICE_PAYMENT_OVERDUE,corporate_buyer,accounts_payable_settlement,invoice_overdue_16_30_days,Corporate invoice overdue by 27 days (16_30_days).,soft,,0,3,2026-08-17T17:58:18.997650+05:30,2026-08-17T17:58:18.997650+05:30,,closed,email,0,+918899384309,ap@hyperion.com,inv_NV8mBLR9QHliPF,Hyperion Telecom Services LLP,24ECBEE6415W9ZX,16_30_days,,73000.0,0.0
18a4a75a-b87d-4299-aae4-51cf9791db06,payment,pay_w1ciAOc6rPeKCd,order_IRjyfnnsjA1yls,,,cust_jUv5vs6klqixAI,49200,INR,upi,,GATEWAY_ERROR,gateway,payment_authentication,authentication_failed,Payment could not be completed due to incorrect OTP or verification details.,soft,,2,3,2026-08-17T18:14:06.997650+05:30,2026-09-11T10:14:06.997650+05:30,,recovered,auto_retry,49200,+918899981488,rohan.chauhan332@gmail.com,,,,,,492.0,492.0
4a7911a7-88ca-4f96-8b34-1b0e9b50d473,payment,pay_ZBUvdK5OuOGD4a,order_woMUFMwnvxtbkJ,,,cust_nxIuJZvuhBpEWO,41500,INR,upi,,BAD_REQUEST_ERROR,gateway,payment_authorization,insufficient_funds,Your payment could not be completed due to insufficient account balance.,soft,,3,3,2026-08-17T19:13:19.997650+05:30,2026-09-04T13:13:19.997650+05:30,,escalated,voice,0,+919900636186,krishna.thakur487@yahoo.co.in,,,,,,415.0,0.0
6b9b77e4-c8b4-4326-9b6d-e77f712e6463,subscription,pay_tUc5MzN9EP7E87,order_QjaJKPuTwzP5Ou,sub_0uTQ82a6x4LKQ0,token_s7wLBTwgaiYGDP,cust_d8JFPsfkyq6z5U,301600,INR,netbanking,,BAD_REQUEST_ERROR,customer,payment_initiation,card_number_invalid,You have entered an incorrect card number. Try again.,hard,pending,0,0,2026-08-17T19:42:28.997650+05:30,2026-08-17T19:42:28.997650+05:30,,closed,manual,0,+918899384196,priya.verma99@rediffmail.com,,,,,,3016.0,0.0
871e4970-2bc8-44b1-a96a-2d3337223965,mandate,pay_pMdFSN5ze10UoZ,order_uWtf7uEVeRTZzr,,token_mPTMitvICCtQRw,cust_zJmkAS3MliSHfk,783500,INR,upi,,BAD_REQUEST_ERROR,customer,payment_authentication,payment_timed_out,Your payment could not be completed due to a temporary issue. Try again later.,soft,,3,3,2026-08-17T20:00:13.997650+05:30,2026-09-15T13:00:13.997650+05:30,,escalated,voice,0,+918877871948,kiara.thakur943@outlook.com,,,,,,7835.0,0.0
79810c93-3253-4970-b871-72d8c00bde80,checkout_drop_off,pay_gOeS1d6Kqzsdch,order_s2T95P78AuEM1w,,,cust_xgl2OdUOJCGMzc,555500,INR,card,visa,CHECKOUT_DROP_OFF,customer,checkout_funnel,bank_page_latency_timeout,Abandoned at otp_abandoned: bank_page_latency_timeout,soft,,0,3,2026-08-17T20:31:52.997650+05:30,2026-08-17T20:31:52.997650+05:30,,closed,payment_link,0,+918877356636,deepak.sharma900@outlook.com,,,,,otp_abandoned,5555.0,0.0
c95f153a-a18e-4f33-aab8-45861d248d86,payment,pay_Zbflq64CTicq6i,order_vQko8Bszy9fmlY,,,cust_dZ4XyXSFJEgiTj,82300,INR,netbanking,,BAD_REQUEST_ERROR,customer,payment_authentication,payment_timed_out,Your payment could not be completed due to a temporary issue. Try again later.,soft,,3,3,2026-08-17T21:12:18.997650+05:30,2026-09-03T10:12:18.997650+05:30,,recovered,auto_retry,82300,+919876665935,pooja.chauhan853@rediffmail.com,,,,,,823.0,823.0
627d3077-9e03-40bd-a3b1-2956ef00a136,payment,pay_fD7XgoP0fsyazY,order_U1ekqxYCCI7HV1,,,cust_zFFnyvut0VKum1,93600,INR,card,mastercard,GATEWAY_ERROR,gateway,payment_authorization,gateway_technical_error,Payment did not go through due to a temporary issue.,technical,,1,3,2026-08-17T21:28:53.997650+05:30,2026-09-03T10:28:53.997650+05:30,,recovered,auto_retry,93600,+919876112036,sai.agarwal932@rediffmail.com,,,,,,936.0,936.0
4bb808cb-416c-425a-bbfd-37bfeb4e5ea1,payment,pay_tlPdA7rNA9SZz1,order_TC7TqJpe7rRVOr,,,cust_DoRzuKHj0fdS0g,17300,INR,upi,,BAD_REQUEST_ERROR,issuer_bank,card_enrollment_check,card_not_enrolled,Your card is not enabled for online payments.,hard,,0,0,2026-08-17T22:16:37.997650+05:30,2026-08-17T22:16:37.997650+05:30,,closed,manual,0,+919123354047,aadhya.nair179@rediffmail.com,,,,,,173.0,0.0
92d4cf99-f857-4b6d-8f1e-5ab192325f81,payment,pay_ctdmqi1txeKKJN,order_1Zye3NpCsYUxMC,,,cust_BEAn6FgmiCzdqt,395800,INR,wallet,,GATEWAY_ERROR,gateway,payment_authentication,authentication_failed,Payment could not be completed due to incorrect OTP or verification details.,soft,,1,3,2026-08-17T22:33:32.997650+05:30,2026-09-02T10:33:32.997650+05:30,,recovered,auto_retry,395800,+919123352949,ishaan.mahanty19@yahoo.co.in,,,,,,3958.0,3958.0
a0522d5b-dc74-4f3f-b395-e2da0a3b8194,payment,pay_3ZuYyYruoNH2nd,order_iLl2dlXzRIN6rH,,,cust_LPGGnWjDKUyEWE,900700,INR,card,mastercard,BAD_REQUEST_ERROR,gateway,payment_authorization,insufficient_funds,Your payment could not be completed due to insufficient account balance.,soft,,1,3,2026-08-17T23:00:33.997650+05:30,2026-09-03T10:00:33.997650+05:30,,recovered,auto_retry,900700,+919123445890,vihaan.kumar881@outlook.com,,,,,,9007.0,9007.0
d0996a55-8ff0-4387-a20d-4fe87daea299,checkout_drop_off,pay_H1lZqmD3wMgRbY,order_HxgdMqfJgwIHi2,,,cust_wgi9cTvHwOyUDY,276400,INR,card,rupay,CHECKOUT_DROP_OFF,customer,checkout_funnel,preferred_bank_missing,Abandoned at payment_method_selected: preferred_bank_missing,soft,,0,3,2026-08-17T23:39:04.997650+05:30,2026-08-17T23:39:04.997650+05:30,,closed,payment_link,0,+917766988820,aarav.nair416@gmail.com,,,,,payment_method_selected,2764.0,0.0
0bd939f3-57f0-4c68-a7e7-94d5a340119d,mandate,pay_kC3KgrOyUF6TxV,order_CDA81Y6mVJZldW,,token_TG8lPiybwhUGRi,cust_Yy9S3AOppKb30P,525600,INR,card,visa,BAD_REQUEST_ERROR,gateway,payment_authorization,insufficient_funds,Your payment could not be completed due to insufficient account balance.,soft,,2,3,2026-08-18T04:57:05.997650+05:30,2026-08-21T10:57:05.997650+05:30,,recovered,auto_retry,525600,+919988325049,krishna.dey232@hotmail.com,,,,,,5256.0,5256.0
141de407-d112-418d-852f-62af1b3a19f8,subscription,pay_YSe2OPmmtWzNaR,order_CNf2lVQjnNOVki,sub_CNEo00Ul5Gas53,token_mKtpTpdZx4bBHj,cust_8FYsorKTELHYMv,1070700,INR,upi,,BAD_REQUEST_ERROR,issuer_bank,payment_authorization,transaction_limit_exceeded,Maximum transaction limit exceeded for the day.,soft,halted,3,3,2026-08-18T04:58:44.997650+05:30,2026-09-06T12:58:44.997650+05:30,,escalated,voice,0,+917766352654,aditi.mahanty991@hotmail.com,,,,,,10707.0,0.0
add2d7e8-4552-4a61-8c78-68cc81e75d66,mandate,pay_CXhILUPsgq1uc1,order_YeWKczRVPAjiLn,,token_GK43merwahOdm1,cust_JkRhhpsOUr2Xe5,33200,INR,wallet,,BAD_REQUEST_ERROR,issuer_bank,payment_authorization,transaction_limit_exceeded,Maximum transaction limit exceeded for the day.,soft,,3,3,2026-08-18T05:09:57.997650+05:30,2026-09-04T13:09:57.997650+05:30,,escalated,voice,0,+919123138336,kiara.mishra496@outlook.com,,,,,,332.0,0.0
d53a3de9-1390-40f9-ba66-053df3827fb1,subscription,pay_YXrvIKb4ZZGdof,order_yr8UpAWD5HIAmu,sub_gZ0HixOoX8PT19,token_7N0qcvG6vpD9IK,cust_x1X7ycgStppsg3,629200,INR,upi,,BAD_REQUEST_ERROR,customer,payment_initiation,incorrect_cvv,Incorrect CVV entered.,soft,active,2,3,2026-08-18T05:12:10.997650+05:30,2026-09-06T10:12:10.997650+05:30,,recovered,auto_retry,629200,+919123071016,ayaan.patel252@rediffmail.com,,,,,,6292.0,6292.0
7f7ca6c0-ffaa-4acb-bdd4-383ceb35456c,mandate,pay_GmQAFF4gLYzpEJ,order_ch20CMgnwA9Xmq,,token_tWGKJTLGqzJwYG,cust_E9B9c7KXByfYXH,46700,INR,netbanking,,BAD_REQUEST_ERROR,issuer_bank,payment_authorization,card_expired,Your card has expired. Please use another card.,hard,,0,0,2026-08-18T06:15:07.997650+05:30,2026-08-18T06:15:07.997650+05:30,,closed,manual,0,+919876295216,isha.nair223@outlook.com,,,,,,467.0,0.0
18bd5493-2f8c-45a6-a7f0-63a04f3a4ee0,subscription,pay_X390vGQrZK094A,order_cW6XeIgnWueU6o,sub_DwSAwk1RYaLdiU,token_zCTk6Pk2ghbzxr,cust_2ui0y1BerREEAJ,836100,INR,emandate,,BAD_REQUEST_ERROR,customer,payment_initiation,incorrect_cvv,Incorrect CVV entered.,soft,halted,3,3,2026-08-18T06:25:08.997650+05:30,2026-09-03T11:25:08.997650+05:30,,escalated,voice,0,+917788978229,ayaan.mishra930@rediffmail.com,,,,,,8361.0,0.0
f4ca5a87-4b41-4ade-acbf-a8d45e638cf3,subscription,pay_p0f0sn1Pjzx0QV,order_2id43n8pzGtI1r,sub_MGEB7iukh5Tg0r,token_h2UYaTKpbrloRV,cust_C4EIiY6z64Mb5D,167500,INR,upi,,BAD_REQUEST_ERROR,gateway,payment_authorization,payment_failed,Payment was declined by the bank.,technical,active,1,3,2026-08-18T06:39:18.997650+05:30,2026-09-03T10:39:18.997650+05:30,,recovered,auto_retry,167500,+917788155936,aadhya.joshi52@outlook.com,,,,,,1675.0,1675.0
a444a948-4b51-44d5-91d1-750cd232796a,mandate,pay_xhf2Q1PXGQ74FW,order_ojpClpt2y5Zk2v,,token_e8cGyK86YUtyQM,cust_8PT0z0DR5XZlv5,429300,INR,card,visa,BAD_REQUEST_ERROR,customer,payment_authentication,payment_timed_out,Your payment could not be completed due to a temporary issue. Try again later.,soft,,3,3,2026-08-18T06:39:43.997650+05:30,2026-09-04T10:39:43.997650+05:30,,recovered,auto_retry,429300,+919988164247,neha.yadav943@rediffmail.com,,,,,,4293.0,4293.0
6b967afd-aa06-4ebf-87d0-f290b8ef4cdf,subscription,pay_vM0ckjSBW6MnUJ,order_vk7gJY0ShgjNlE,sub_3rCMnd093Edd4H,token_lj7eAPcwm1TdtA,cust_dvp3OGY3VqutWR,67600,INR,netbanking,,GATEWAY_ERROR,gateway,payment_authentication,authentication_failed,Payment could not be completed due to incorrect OTP or verification details.,soft,active,3,3,2026-08-18T06:58:53.997650+05:30,2026-09-09T10:05:00.997650+05:30,,recovered,voice,67600,+917788116917,rahul.thakur103@outlook.com,,,,,,676.0,676.0
114d8552-7ad6-4505-8b0e-59adb45d02c6,subscription,pay_yLXP53bK9DTKIf,order_FByitEdbOPKq6n,sub_7iB8uGLprPjytx,token_UrioChcOXRbSp6,cust_RFpXyeOy42JHoQ,249200,INR,upi,,BAD_REQUEST_ERROR,customer,payment_authentication,payment_cancelled,Your payment has been cancelled.,soft,active,3,3,2026-08-18T07:05:56.997650+05:30,2026-09-09T23:05:56.997650+05:30,,recovered,sms,249200,+919123503042,arjun.bose223@outlook.com,,,,,,2492.0,2492.0
60bbe3c5-df31-4afa-ae06-ad45220758fb,subscription,pay_c7sjhqNqDDusKr,order_0BPPFPGMZdUGZe,sub_uP4IzAhuqXfBUj,token_hCiHnfSlGdPp1j,cust_ZbWTKQhjYnP0um,40500,INR,upi,,GATEWAY_ERROR,gateway,payment_authorization,gateway_technical_error,Payment did not go through due to a temporary issue.,technical,halted,3,3,2026-08-18T07:19:11.997650+05:30,2026-08-27T15:19:11.997650+05:30,,escalated,voice,0,+919988789274,krishna.patel785@gmail.com,,,,,,405.0,0.0
c0b53bfb-00d2-4571-b01c-01bfa6df97b1,mandate,pay_VsOk4UjE0wi00V,order_HJkQQXK2s596XL,,token_RLYvNPSoYj1wYF,cust_MgnySbq8bMbBoh,374400,INR,upi,,BAD_REQUEST_ERROR,gateway,payment_authorization,insufficient_funds,Your payment could not be completed due to insufficient account balance.,soft,,2,3,2026-08-18T07:39:14.997650+05:30,2026-08-31T10:39:14.997650+05:30,,recovered,auto_retry,374400,+918899682077,nisha.patel352@outlook.com,,,,,,3744.0,3744.0
8caaa472-d014-4c25-8b75-144b3db185a6,mandate,pay_S8DfnatSFf9omn,order_IbcdcqetslmB7I,,token_WmisVXDXCBV8wI,cust_BTyJG6njcJHDJW,396300,INR,card,visa,BAD_REQUEST_ERROR,issuer_bank,payment_authorization,payment_risk_check_failed,Payment declined by bank due to risk check.,hard,,0,0,2026-08-18T07:56:06.997650+05:30,2026-08-18T07:56:06.997650+05:30,,closed,manual,0,+919900660780,nisha.mukherjee305@rediffmail.com,,,,,,3963.0,0.0
f28df50b-c117-4b69-be48-7a7fbc1e809b,b2b_receivable,,order_1VUunbxRC3AaeG,,,cust_55jrxwCBYfRkvd,15500000,INR,netbanking,,INVOICE_PAYMENT_OVERDUE,corporate_buyer,accounts_payable_settlement,invoice_overdue_16_30_days,Corporate invoice overdue by 19 days (16_30_days).,soft,,0,3,2026-08-18T10:03:45.997650+05:30,2026-08-18T10:03:45.997650+05:30,,recovered,email,15500000,+917788927159,ap@vanguard.com,inv_X0deM2WmnizZQQ,Vanguard Chemical Industries Ltd,29ABDEE7262I4Z3,16_30_days,,155000.0,155000.0
a6518e82-1af3-4bd9-bdbd-aece87e0c5a2,mandate,pay_NzCfbdXevmMfFV,order_4QUyRV8TP2bEEl,,token_DrPhXU59dgb6Cs,cust_rGDvhd1n9sqekZ,75300,INR,card,visa,BAD_REQUEST_ERROR,customer,payment_initiation,incorrect_cvv,Incorrect CVV entered.,soft,,3,3,2026-08-18T10:08:35.997650+05:30,2026-09-09T11:08:35.997650+05:30,,escalated,voice,0,+917766443038,priya.verma798@gmail.com,,,,,,753.0,0.0
23d412a7-41ac-47c9-b18a-bd2a67cf97f0,subscription,pay_HvvYjBsfKCUoIP,order_sz44mXCxQQH6CI,sub_L865VvnviOCD2d,token_r3gI9oSdL9i6Tc,cust_7PNBNG7mlXelff,446400,INR,upi,,BAD_REQUEST_ERROR,issuer_bank,payment_authorization,card_expired,Your card has expired. Please use another card.,hard,pending,0,0,2026-08-18T10:10:53.997650+05:30,2026-08-18T10:10:53.997650+05:30,,closed,manual,0,+918877291891,priya.thakur727@yahoo.co.in,,,,,,4464.0,0.0
4097cae9-d3ae-400d-9095-ec35ea1fc3eb,payment,pay_uSHyaxobnLmxsL,order_bAcTKLs1NrUMaE,,,cust_EnTwYtKdo1x3nm,33700,INR,upi,,BAD_REQUEST_ERROR,issuer_bank,payment_authorization,card_expired,Your card has expired. Please use another card.,hard,,0,0,2026-08-18T10:29:23.997650+05:30,2026-08-18T10:29:23.997650+05:30,,closed,manual,0,+918899753764,isha.patel341@outlook.com,,,,,,337.0,0.0
1c729f4d-5bab-48bb-9099-c6a028c6b831,mandate,pay_5sE2TfuFxkaxnk,order_hAiqGKrvLeWRru,,token_1OCOIpbKD0mtq9,cust_25w0VJS15sWVR6,4030400,INR,card,rupay,GATEWAY_ERROR,gateway,payment_authorization,gateway_technical_error,Payment did not go through due to a temporary issue.,technical,,2,3,2026-08-18T10:37:37.997650+05:30,2026-09-10T10:37:37.997650+05:30,,recovered,auto_retry,4030400,+919988028001,kiara.mukherjee912@hotmail.com,,,,,,40304.0,40304.0
3ffbcb61-f32f-42a2-ba70-ba66b073d7b3,b2b_receivable,,order_jWhTWU7jWiCVNE,,,cust_74BMEXoeKvkEiX,5700000,INR,netbanking,,INVOICE_PAYMENT_OVERDUE,corporate_buyer,accounts_payable_settlement,invoice_overdue_current,Corporate invoice overdue by 0 days (current).,soft,,0,3,2026-08-18T10:46:48.997650+05:30,2026-08-18T10:46:48.997650+05:30,,recovered,email,5700000,+919900093724,ap@paramount.com,inv_KpEf23x8TfQZH2,Paramount Engineering Works,19BEBBA9664I4ZG,current,,57000.0,57000.0
a3ee3bcf-ad01-4622-9512-57a54de4e701,mandate,pay_B0MSCse9LRzHm5,order_RSqNtkUbIVjjUH,,token_4hHTNvqC5tg5oK,cust_FAJ1tCsRk2eful,1489900,INR,upi,,BAD_REQUEST_ERROR,issuer_bank,payment_authorization,debit_instrument_blocked,Your card is blocked. Please contact your bank.,hard,,0,0,2026-08-18T10:51:20.997650+05:30,2026-08-18T10:51:20.997650+05:30,,closed,manual,0,+918899542940,rohan.das643@yahoo.co.in,,,,,,14899.0,0.0
1e4b49d0-89a1-4b3c-94b1-4cb55c5c099f,b2b_receivable,,order_pt0T4kV5wmRvN0,,,cust_AhkewTJ1yhJBw4,17000000,INR,netbanking,,INVOICE_PAYMENT_OVERDUE,corporate_buyer,accounts_payable_settlement,invoice_overdue_1_15_days,Corporate invoice overdue by 10 days (1_15_days).,soft,,0,3,2026-08-18T10:58:10.997650+05:30,2026-08-18T10:58:10.997650+05:30,,recovered,email,17000000,+919900608454,ap@apex.com,inv_4Glp9ijWoZl8UX,Apex Logistics Solutions Pvt Ltd,19DADDD3243E6Z8,1_15_days,,170000.0,170000.0
4b260a1e-94ad-44de-87f8-08f1a45b3502,b2b_receivable,,order_iMbf8I6SYUTqVw,,,cust_xoVbILiDZ3qQBJ,15300000,INR,netbanking,,INVOICE_PAYMENT_OVERDUE,corporate_buyer,accounts_payable_settlement,invoice_overdue_current,Corporate invoice overdue by 0 days (current).,soft,,0,3,2026-08-18T11:27:20.997650+05:30,2026-08-18T11:27:20.997650+05:30,,recovered,email,15300000,+919988018883,ap@paramount.com,inv_svtbZOA3BI9RBb,Paramount Engineering Works,07ECDCA0960F7Z6,current,,153000.0,153000.0
1f422cba-08e7-4e41-a7cb-389efc0a2f99,mandate,pay_TDDnRRAlW3RS4X,order_7nJI8BbUiEVePL,,token_u1O2LuVEwZweGc,cust_l03uJJlbVJjBF3,547800,INR,netbanking,,BAD_REQUEST_ERROR,gateway,payment_authorization,insufficient_funds,Your payment could not be completed due to insufficient account balance.,soft,,3,3,2026-08-18T11:33:01.997650+05:30,2026-09-15T11:33:01.997650+05:30,,escalated,voice,0,+918899112438,priya.patel795@rediffmail.com,,,,,,5478.0,0.0
f16623e5-0f00-4595-9dd7-d851c856d61f,mandate,pay_af2RDtfVd27Mfi,order_fgeMw9Jh8snZA8,,token_TQwi1FsrFoCtsF,cust_iRmwQEXrNix7KV,1065300,INR,card,diners,BAD_REQUEST_ERROR,gateway,payment_authorization,insufficient_funds,Your payment could not be completed due to insufficient account balance.,soft,,3,3,2026-08-18T11:50:33.997650+05:30,2026-09-08T12:50:33.997650+05:30,,escalated,voice,0,+918899028121,aarav.iyer259@outlook.com,,,,,,10653.0,0.0
275e6e40-720e-4e31-ab75-2dc18c583d0d,subscription,pay_uxwQtzQkdcAmrP,order_xbes44GOJunTIu,sub_jU11X1ci1VChwY,token_wjjKyBFMgEse5A,cust_peFBndG9K56kKE,1380800,INR,netbanking,,GATEWAY_ERROR,gateway,payment_authentication,authentication_failed,Payment could not be completed due to incorrect OTP or verification details.,soft,halted,3,3,2026-08-18T11:56:25.997650+05:30,2026-08-26T14:56:25.997650+05:30,,escalated,voice,0,+919988268318,rajesh.nair833@yahoo.co.in,,,,,,13808.0,0.0
152d4d14-b7b7-4100-9545-b39881686cf2,payment,pay_Mt2il1qBEZO4uR,order_UqXtWUCAeXkRBe,,,cust_sgjVFS2QeGVBgp,3384300,INR,card,mastercard,BAD_REQUEST_ERROR,gateway,payment_authorization,insufficient_funds,Your payment could not be completed due to insufficient account balance.,soft,,3,3,2026-08-18T12:03:04.997650+05:30,2026-09-08T15:03:04.997650+05:30,,escalated,voice,0,+919988794151,isha.mehta181@outlook.com,,,,,,33843.0,0.0
2c439a4d-12b0-420e-ad9b-16dfb4f0effd,payment,pay_YLoxiimPpkk93N,order_6cca0nvNPLdt6X,,,cust_IQARh2bL2Uv7bu,4109000,INR,netbanking,,BAD_REQUEST_ERROR,customer,payment_authentication,payment_cancelled,Your payment has been cancelled.,soft,,3,3,2026-08-18T13:16:41.997650+05:30,2026-09-03T12:16:41.997650+05:30,,escalated,voice,0,+918877467781,arjun.mukherjee645@rediffmail.com,,,,,,41090.0,0.0
93ee656d-92db-4ac3-96d0-3f04608baaba,subscription,pay_a24RQ7RyLf5qo5,order_qC1u31HcAuMyIl,sub_sU6FX5oG0OZMj4,token_6haNl5kH27DSQL,cust_nWS45oDn59MORT,33800,INR,card,mastercard,BAD_REQUEST_ERROR,gateway,payment_authorization,insufficient_funds,Your payment could not be completed due to insufficient account balance.,soft,halted,3,3,2026-08-18T13:21:34.997650+05:30,2026-08-25T13:21:34.997650+05:30,,escalated,voice,0,+917788940977,aarav.shah729@yahoo.co.in,,,,,,338.0,0.0
ae3be8a8-7bcd-42ee-bf23-60dfadde7030,checkout_drop_off,pay_osLq2u795zeAzF,order_l6FiIMXPaxmSEt,,,cust_v5hN1zYeYubQHU,323200,INR,upi,visa,CHECKOUT_DROP_OFF,customer,checkout_funnel,saved_card_unavailable,Abandoned at payment_method_selected: saved_card_unavailable,soft,,0,3,2026-08-18T13:23:21.997650+05:30,2026-08-18T13:23:21.997650+05:30,,closed,payment_link,0,+919988433008,vivaan.gupta767@gmail.com,,,,,payment_method_selected,3232.0,0.0
94f22890-e64a-4697-bcb4-7c08ae30bcd5,payment,pay_USInJ5TVnmASpg,order_yWuQ2cTR8X7xt0,,,cust_fDnK2KGzOTzzxh,104600,INR,card,visa,BAD_REQUEST_ERROR,issuer_bank,payment_authorization,card_expired,Your card has expired. Please use another card.,hard,,0,0,2026-08-18T13:36:34.997650+05:30,2026-08-18T13:36:34.997650+05:30,,closed,manual,0,+918899174444,aadhya.mehta250@gmail.com,,,,,,1046.0,0.0
ea2afd37-633a-4c40-a723-4a0eecf0b0ce,payment,pay_DRuxKRAMe3Nvgq,order_jLlR92kIACqT0h,,,cust_IdMzOvyvkZFfkt,1268700,INR,netbanking,,BAD_REQUEST_ERROR,customer,payment_initiation,incorrect_cvv,Incorrect CVV entered.,soft,,1,3,2026-08-18T13:44:04.997650+05:30,2026-08-29T10:44:04.997650+05:30,,recovered,auto_retry,1268700,+919900673459,ishaan.das495@outlook.com,,,,,,12687.0,12687.0
0cc19e00-8803-4d97-bbc3-6749ad45b029,payment,pay_2T0LLdnGVZX7NG,order_KzwFNUDdhLkvoY,,,cust_RiAjswGBWtD9oI,143600,INR,netbanking,,GATEWAY_ERROR,issuer_bank,payment_authorization,bank_technical_error,Bank downtime. Please try again later.,technical,,2,3,2026-08-18T13:44:42.997650+05:30,2026-08-23T10:44:42.997650+05:30,,recovered,auto_retry,143600,+919876457412,amit.joshi962@hotmail.com,,,,,,1436.0,1436.0
2b336790-7a2d-43fd-9c6c-8c1bd0dcea12,b2b_receivable,,order_a8Hm8Q1LYqgJgn,,,cust_dMJwKimVB82nrg,7400000,INR,netbanking,,INVOICE_PAYMENT_OVERDUE,corporate_buyer,accounts_payable_settlement,invoice_overdue_current,Corporate invoice overdue by 0 days (current).,soft,,0,3,2026-08-18T13:46:00.997650+05:30,2026-08-18T13:46:00.997650+05:30,,recovered,email,7400000,+917788428460,ap@hyperion.com,inv_DQ5uKdCKuXLdWY,Hyperion Telecom Services LLP,24EBDEC1110B8ZV,current,,74000.0,74000.0
065759dd-f170-498d-a667-9f6135b6a618,checkout_drop_off,pay_7RG6loO7sgtfkt,order_Ew0I8ZprVnswiS,,,cust_qMkPEZdhLLpV0i,398300,INR,card,visa,CHECKOUT_DROP_OFF,customer,checkout_funnel,upi_intent_app_switch_failed,Abandoned at payment_method_selected: upi_intent_app_switch_failed,soft,,0,3,2026-08-18T13:53:16.997650+05:30,2026-08-18T13:53:16.997650+05:30,,closed,payment_link,0,+917788222453,pradeep.sharma181@hotmail.com,,,,,payment_method_selected,3983.0,0.0
26464a05-67f7-4ee6-82c1-a7aa26379d64,payment,pay_MIuRIImSr8ulaw,order_0Z07qZXLUUXJT4,,,cust_FsdhjtBGOiIMkB,211500,INR,card,visa,BAD_REQUEST_ERROR,gateway,payment_authorization,insufficient_funds,Your payment could not be completed due to insufficient account balance.,soft,,3,3,2026-08-18T14:17:58.997650+05:30,2026-09-14T11:17:58.997650+05:30,,escalated,voice,0,+919123525733,sai.bose627@gmail.com,,,,,,2115.0,0.0
8089710a-938f-4c2f-9555-4b4ffb7d7cf1,mandate,pay_YDlgieX5zRd1Kd,order_WmU6WgG9JJs6qy,,token_VdwrZQDymyvNBO,cust_kCyib0CvbjaB6p,399100,INR,upi,,BAD_REQUEST_ERROR,issuer_bank,payment_authorization,card_expired,Your card has expired. Please use another card.,hard,,0,0,2026-08-18T14:39:58.997650+05:30,2026-08-18T14:39:58.997650+05:30,,closed,manual,0,+918877463523,aadhya.das747@rediffmail.com,,,,,,3991.0,0.0
2507d90a-25fb-4cdb-8460-02a453b889d7,b2b_receivable,,order_4HL6YHgc7PO8ku,,,cust_esP352a6iv0jqA,9400000,INR,netbanking,,INVOICE_PAYMENT_OVERDUE,corporate_buyer,accounts_payable_settlement,invoice_overdue_16_30_days,Corporate invoice overdue by 23 days (16_30_days).,soft,,0,3,2026-08-18T17:15:56.997650+05:30,2026-08-18T17:15:56.997650+05:30,,recovered,email,9400000,+919876981035,ap@zenith.com,inv_mDozch5Wo0lx9l,Zenith Healthware LLP,06ECDCB9429G1ZO,16_30_days,,94000.0,94000.0
f3f79517-9e60-419b-9684-810f8953ab66,payment,pay_yQsOnNYhH1fTpQ,order_IhRUVwy97mTJAs,,,cust_vfxnhYJpq9cZ8e,1133700,INR,upi,,BAD_REQUEST_ERROR,customer,payment_authentication,payment_timed_out,Your payment could not be completed due to a temporary issue. Try again later.,soft,,1,3,2026-08-18T17:18:37.997650+05:30,2026-09-15T10:18:37.997650+05:30,,recovered,auto_retry,1133700,+919876175307,sai.dey419@hotmail.com,,,,,,11337.0,11337.0
6fa1de03-e8fc-4dfe-a4cf-854f76284482,payment,pay_WFoU2lB3gtemdk,order_R9aqMQGWngBd3Z,,,cust_OQMmTdZZAtUcNj,863600,INR,netbanking,,BAD_REQUEST_ERROR,gateway,payment_authorization,insufficient_funds,Your payment could not be completed due to insufficient account balance.,soft,,1,3,2026-08-18T18:18:09.997650+05:30,2026-08-30T10:18:09.997650+05:30,,recovered,auto_retry,863600,+917788461231,aditi.gupta713@hotmail.com,,,,,,8636.0,8636.0
427d232e-fefd-43d5-85eb-dca636fe6ca6,payment,pay_HBvxGj2epC30dj,order_YdN8Mgik70vLrb,,,cust_8oyJewzRGPm4pT,140800,INR,netbanking,,BAD_REQUEST_ERROR,customer,payment_authentication,payment_cancelled,Your payment has been cancelled.,soft,,2,3,2026-08-18T18:36:25.997650+05:30,2026-09-03T10:36:25.997650+05:30,,recovered,auto_retry,140800,+917788889255,isha.roy397@outlook.com,,,,,,1408.0,1408.0
82c31da4-2757-4126-a0bd-a8b0484bc49e,checkout_drop_off,,order_bxpQ8O6OjcA8Hi,,,cust_fcZR2GwGxt94w6,105100,INR,card,rupay,CHECKOUT_DROP_OFF,customer,checkout_funnel,unexpected_shipping_fees,Abandoned at address_submitted: unexpected_shipping_fees,soft,,0,3,2026-08-18T19:10:11.997650+05:30,2026-08-18T19:10:11.997650+05:30,,recovered,payment_link,105100,+918899718072,vivaan.yadav415@gmail.com,,,,,address_submitted,1051.0,1051.0
e7bca924-3ef1-4d8b-bc6b-7ac7a18316a1,payment,pay_nJuZeI0ZddgVZ4,order_o0jSNoaB3Eu2Cl,,,cust_S24Mh8uknFKRap,115100,INR,card,visa,BAD_REQUEST_ERROR,gateway,payment_authorization,payment_failed,Payment was declined by the bank.,technical,,1,3,2026-08-18T19:15:10.997650+05:30,2026-09-02T10:15:10.997650+05:30,,recovered,auto_retry,115100,+917788292687,diya.shah74@rediffmail.com,,,,,,1151.0,1151.0
7f42f488-773e-4c1b-9e95-0f45b2d6ce69,payment,pay_8flkb91Cj6aglF,order_JpbEE69LUV1ang,,,cust_QFQ1Ag65UcAOpl,65900,INR,card,visa,GATEWAY_ERROR,issuer_bank,payment_authorization,bank_technical_error,Bank downtime. Please try again later.,technical,,2,3,2026-08-18T19:19:54.997650+05:30,2026-09-05T10:19:54.997650+05:30,,recovered,auto_retry,65900,+918899667859,deepak.reddy773@rediffmail.com,,,,,,659.0,659.0
db5167e6-69da-45c2-9355-500d40b4290c,payment,pay_O5HyieOMCuID36,order_vJiQZ1fDTsYbZL,,,cust_bfhbGF5XPkjdy2,1361900,INR,card,mastercard,BAD_REQUEST_ERROR,gateway,payment_authorization,payment_failed,Payment was declined by the bank.,technical,,4,3,2026-08-18T19:22:44.997650+05:30,2026-09-17T00:22:44.997650+05:30,,recovered,sms,1361900,+919123694713,ayaan.mehta825@gmail.com,,,,,,13619.0,13619.0
883ec6d7-289e-4e2f-bd0f-ea6baa78c251,checkout_drop_off,pay_1i3rTon11RkmEN,order_pwDHJV42PsZxhN,,,cust_QahMXT5iZrMSVT,460600,INR,upi,visa,CHECKOUT_DROP_OFF,customer,checkout_funnel,otp_not_received,Abandoned at otp_abandoned: otp_not_received,soft,,0,3,2026-08-18T20:17:43.997650+05:30,2026-08-18T20:17:43.997650+05:30,,closed,payment_link,0,+919123612030,rohan.kumar418@hotmail.com,,,,,otp_abandoned,4606.0,0.0
6c4e7c48-24dc-4719-bdd2-30c8e9f2d546,checkout_drop_off,pay_ULp0CYf1GzYiAm,order_dpBBRM6r5MAwkd,,,cust_OBrK1iylIhfdk2,352300,INR,upi,visa,CHECKOUT_DROP_OFF,customer,checkout_funnel,saved_card_unavailable,Abandoned at payment_method_selected: saved_card_unavailable,soft,,0,3,2026-08-18T21:03:06.997650+05:30,2026-08-18T21:03:06.997650+05:30,,recovered,payment_link,352300,+917788373955,priya.roy431@yahoo.co.in,,,,,payment_method_selected,3523.0,3523.0
aaae6d9b-d1b7-47b9-9bbe-9a56dca1a814,payment,pay_0OUM3HFihnG2sJ,order_8CpaYDVKNL1H51,,,cust_XsDeJbIY9pm9sx,259500,INR,card,visa,GATEWAY_ERROR,gateway,payment_authentication,authentication_failed,Payment could not be completed due to incorrect OTP or verification details.,soft,,3,3,2026-08-18T21:31:07.997650+05:30,2026-09-20T15:31:07.997650+05:30,,escalated,voice,0,+917788235784,rahul.iyer804@outlook.com,,,,,,2595.0,0.0
b6e3dbdb-67db-4344-9504-9bc3d6d5ed57,payment,pay_DGol1vSkbvdmPg,order_lhUCIUhz0xYc5f,,,cust_KqvzMfIuFJvsO1,404900,INR,card,visa,GATEWAY_ERROR,issuer_bank,payment_authorization,bank_technical_error,Bank downtime. Please try again later.,technical,,2,3,2026-08-18T21:47:35.997650+05:30,2026-09-17T10:47:35.997650+05:30,,recovered,auto_retry,404900,+917788175655,meera.shah879@gmail.com,,,,,,4049.0,4049.0
e93752b2-9ecd-4f3f-99cd-07672de4a8ff,checkout_drop_off,pay_ebUTJy6SN6vDy8,order_sajw8WqiLTIXMJ,,,cust_my3XL7gDVxEqZR,264100,INR,card,rupay,CHECKOUT_DROP_OFF,customer,checkout_funnel,upi_intent_app_switch_failed,Abandoned at payment_method_selected: upi_intent_app_switch_failed,soft,,0,3,2026-08-18T21:57:37.997650+05:30,2026-08-18T21:57:37.997650+05:30,,recovered,payment_link,264100,+918899078016,saanvi.gupta966@gmail.com,,,,,payment_method_selected,2641.0,2641.0
1428b47d-22ff-451f-a3ad-d476e5879bd8,payment,pay_kvkBl6gTBNMM2A,order_Ips6EIOGP0Gw00,,,cust_JgEYmwIuVbhaGb,477800,INR,upi,,GATEWAY_ERROR,gateway,payment_authorization,gateway_technical_error,Payment did not go through due to a temporary issue.,technical,,1,3,2026-08-18T22:22:45.997650+05:30,2026-09-03T10:22:45.997650+05:30,,recovered,auto_retry,477800,+918877684746,rahul.singh693@outlook.com,,,,,,4778.0,4778.0
ea99b996-88b7-4fe5-b7b1-afddc326c941,payment,pay_6IDB2TEDtByOBr,order_lLAI5e66zUv1SG,,,cust_XxtxL4lsWgIBXH,954700,INR,card,rupay,BAD_REQUEST_ERROR,gateway,payment_authorization,insufficient_funds,Your payment could not be completed due to insufficient account balance.,soft,,1,3,2026-08-18T22:31:51.997650+05:30,2026-09-06T10:31:51.997650+05:30,,recovered,auto_retry,954700,+919988476040,pooja.dey406@hotmail.com,,,,,,9547.0,9547.0
84cb1647-7dd9-4001-8b25-7351b673060c,payment,pay_brju88c4gUqHiO,order_9290WspmvArZpM,,,cust_tmx5IdjeNiIhtY,188200,INR,wallet,,BAD_REQUEST_ERROR,issuer_bank,payment_authorization,card_expired,Your card has expired. Please use another card.,hard,,0,0,2026-08-18T22:43:15.997650+05:30,2026-08-18T22:43:15.997650+05:30,,closed,manual,0,+918877326624,rahul.patel596@yahoo.co.in,,,,,,1882.0,0.0
ee61d9ca-9ea2-4d7d-ba96-b8645674f9fc,payment,pay_2djr5loFbr9ijo,order_HQu2gZZqbapHxR,,,cust_6tP5mHK6FTpPP0,512200,INR,card,visa,BAD_REQUEST_ERROR,customer,payment_initiation,incorrect_cvv,Incorrect CVV entered.,soft,,3,3,2026-08-18T22:49:03.997650+05:30,2026-09-09T17:49:03.997650+05:30,,recovered,sms,512200,+919123389760,vikram.nair289@rediffmail.com,,,,,,5122.0,5122.0
228681ae-38ab-4f2f-a756-f2a438f98914,checkout_drop_off,,order_QBg2OMN9AfPOX5,,,cust_EA2Z3tja8Mg3jK,98100,INR,upi,visa,CHECKOUT_DROP_OFF,customer,checkout_funnel,price_comparison_pause,Abandoned at cart_abandoned: price_comparison_pause,soft,,0,3,2026-08-18T23:18:04.997650+05:30,2026-08-18T23:18:04.997650+05:30,,closed,payment_link,0,+917788910766,vivaan.mahanty173@hotmail.com,,,,,cart_abandoned,981.0,0.0
ee6dcbc7-9dd8-4745-ad3f-fb75bf021912,checkout_drop_off,,order_V6tErhxIOwz0NB,,,cust_CTfqKxEjeRm7lW,59100,INR,card,visa,CHECKOUT_DROP_OFF,customer,checkout_funnel,address_form_friction,Abandoned at address_submitted: address_form_friction,soft,,0,3,2026-08-18T23:19:41.997650+05:30,2026-08-18T23:19:41.997650+05:30,,closed,payment_link,0,+919123161134,ananya.shah875@hotmail.com,,,,,address_submitted,591.0,0.0
143f9bfe-e223-4ecb-8432-0b5b32df82e0,payment,pay_uUPmhDi5lwtjhC,order_7lG0b9aKCl4LyL,,,cust_nGzCsYow54oIkm,92900,INR,card,rupay,BAD_REQUEST_ERROR,customer,payment_initiation,incorrect_cvv,Incorrect CVV entered.,soft,,3,3,2026-08-18T23:38:36.997650+05:30,2026-09-20T11:38:36.997650+05:30,,escalated,voice,0,+919123850701,aditya.pillai967@yahoo.co.in,,,,,,929.0,0.0
67d8993e-82ce-4339-831d-907b95d47c68,subscription,pay_ITjUeo2k47JYgj,order_mZTQIR1MOYQOPB,sub_30uQCkNTaywqM4,token_i6kZ9qXGZYWGHh,cust_hRN9vXiz3BjHj2,1373400,INR,netbanking,,BAD_REQUEST_ERROR,customer,payment_authentication,payment_timed_out,Your payment could not be completed due to a temporary issue. Try again later.,soft,active,2,3,2026-08-19T04:53:04.997650+05:30,2026-08-22T10:53:04.997650+05:30,,recovered,auto_retry,1373400,+917766219903,vivaan.gupta27@outlook.com,,,,,,13734.0,13734.0
effd1a10-60be-4a65-a4c3-bb2379cb1130,subscription,pay_ljMCT9QLF6iVmY,order_IX7kwDyc0o7Bmw,sub_KGGMX6yuze3DoJ,token_QLmMIO0OSGnUqi,cust_xwl3jW9ZGthWNo,1186000,INR,card,amex,GATEWAY_ERROR,gateway,payment_authentication,authentication_failed,Payment could not be completed due to incorrect OTP or verification details.,soft,active,1,3,2026-08-19T05:11:30.997650+05:30,2026-09-13T10:11:30.997650+05:30,,recovered,auto_retry,1186000,+917788066728,vikram.verma109@yahoo.co.in,,,,,,11860.0,11860.0
74370aa9-a42c-4049-8f75-e636d5111146,subscription,pay_1YFkXCZMecCc0B,order_cqtq1sySMfrzMb,sub_NI2EwuzVKqKzsx,token_KOrwSDmeEmklSv,cust_DPj1XcpHJPRzFZ,96000,INR,upi,,GATEWAY_ERROR,gateway,payment_authorization,gateway_technical_error,Payment did not go through due to a temporary issue.,technical,active,1,3,2026-08-19T05:14:43.997650+05:30,2026-09-03T10:14:43.997650+05:30,,recovered,auto_retry,96000,+919123112363,aditi.iyer528@outlook.com,,,,,,960.0,960.0
1cd235d1-c145-45d1-846e-cc7afaa0ce88,mandate,pay_WM1ixhuX37WDw6,order_m5fhfEeY6JRKhN,,token_tAd40YsMAcPWeR,cust_i68EKz2qqD5A51,802800,INR,card,visa,BAD_REQUEST_ERROR,gateway,payment_authorization,insufficient_funds,Your payment could not be completed due to insufficient account balance.,soft,,3,3,2026-08-19T05:42:57.997650+05:30,2026-09-12T15:42:57.997650+05:30,,escalated,voice,0,+917766893847,rajesh.kumar466@rediffmail.com,,,,,,8028.0,0.0
feec642a-8626-4a22-86c7-ae5b6f76741a,mandate,pay_Ay79FxOPQN8n4s,order_TL3wcdSqhBTeuo,,token_mdwcec8Yg5O3ok,cust_AIiQNZwvPWwVuL,239700,INR,card,mastercard,BAD_REQUEST_ERROR,issuer_bank,card_enrollment_check,card_not_enrolled,Your card is not enabled for online payments.,hard,,0,0,2026-08-19T05:48:10.997650+05:30,2026-08-19T05:48:10.997650+05:30,,closed,manual,0,+918899285777,aarav.reddy753@outlook.com,,,,,,2397.0,0.0
265df01b-a5f6-44cc-93c3-3611e124d884,mandate,pay_65w154kA9T67z4,order_KeuIM3YlZTP3Pk,,token_s3uTdNUmU3oxKw,cust_gxglM1l2TYJ2mR,1316800,INR,netbanking,,BAD_REQUEST_ERROR,gateway,payment_authorization,insufficient_funds,Your payment could not be completed due to insufficient account balance.,soft,,1,3,2026-08-19T05:53:44.997650+05:30,2026-09-08T10:53:44.997650+05:30,,recovered,auto_retry,1316800,+919123691814,nisha.yadav216@gmail.com,,,,,,13168.0,13168.0
a524dd81-3873-4b4c-9e9e-95b93bf864f0,subscription,pay_PotTBtwtBRmAUc,order_hBSGb2DtQw9gDJ,sub_N7alz4Zr0kTmER,token_ThnthpkTlSKWyy,cust_3jIciAdkN2baVy,223600,INR,card,mastercard,BAD_REQUEST_ERROR,gateway,payment_authorization,insufficient_funds,Your payment could not be completed due to insufficient account balance.,soft,active,1,3,2026-08-19T05:56:28.997650+05:30,2026-09-03T10:56:28.997650+05:30,,recovered,auto_retry,223600,+919123165863,vivaan.mukherjee279@outlook.com,,,,,,2236.0,2236.0
a5111e98-7aab-43c3-9f2e-b757a32016cb,subscription,pay_KFAhDP3Jp111MX,order_0SCuqwJqnfGKYb,sub_TyszDaHx9ckRkC,token_CrFZxtgxOn2WO2,cust_nAsm0eCyKbWU8i,345600,INR,upi,,BAD_REQUEST_ERROR,gateway,payment_authorization,insufficient_funds,Your payment could not be completed due to insufficient account balance.,soft,halted,3,3,2026-08-19T06:11:51.997650+05:30,2026-09-06T11:11:51.997650+05:30,,escalated,voice,0,+919876090960,sai.nair360@gmail.com,,,,,,3456.0,0.0
55dcde73-5828-4d3c-82bd-9b9337bbfc21,subscription,pay_OGUstJVN8Rmml7,order_9WpJcsSJZrmWzZ,sub_OPhKMLM7x10bx8,token_Mh9fkL1bUFRMc8,cust_KQbXRKsg3YGrAK,1436000,INR,card,visa,BAD_REQUEST_ERROR,issuer_bank,payment_authorization,transaction_limit_exceeded,Maximum transaction limit exceeded for the day.,soft,active,3,3,2026-08-19T06:38:16.997650+05:30,2026-09-10T04:38:16.997650+05:30,,recovered,sms,1436000,+919900929853,priya.roy79@gmail.com,,,,,,14360.0,14360.0
8a294e28-4a3a-4b2a-9149-2db03858921e,subscription,pay_tlkZjCnxmAq7Jb,order_HJZD5a6yvnMfGj,sub_9W0GtjkJSwUGU1,token_bq73Ln2aWq9tcz,cust_7cap5dzKYgkOIn,128800,INR,netbanking,,BAD_REQUEST_ERROR,gateway,payment_authorization,insufficient_funds,Your payment could not be completed due to insufficient account balance.,soft,halted,3,3,2026-08-19T07:59:39.997650+05:30,2026-09-15T14:59:39.997650+05:30,,escalated,voice,0,+919876238537,arjun.kumar582@yahoo.co.in,,,,,,1288.0,0.0
a0c2fbc9-c019-47bb-8bf0-234600f2aef2,mandate,pay_0pM0AxUJWQz6BQ,order_y3jTwRzlpFTnJO,,token_sgwF7NIG0MsJvO,cust_wOuYlmfjJYsSVw,497000,INR,card,rupay,BAD_REQUEST_ERROR,gateway,payment_authorization,insufficient_funds,Your payment could not be completed due to insufficient account balance.,soft,,3,3,2026-08-19T10:07:53.997650+05:30,2026-09-04T15:07:53.997650+05:30,,escalated,voice,0,+919988908782,pradeep.reddy800@yahoo.co.in,,,,,,4970.0,0.0
ab7e002d-56e3-4796-a9e5-ccba4ec19a70,subscription,pay_YaEqYNsdXcIQZN,order_frkA9fJAy7UxaJ,sub_LEFSNK2ldzWK8T,token_EC3fbsDBgKUHrY,cust_7Hz0Ltj63U1Ia3,3774500,INR,upi,,BAD_REQUEST_ERROR,gateway,payment_authorization,insufficient_funds,Your payment could not be completed due to insufficient account balance.,soft,active,3,3,2026-08-19T10:09:01.997650+05:30,2026-08-29T03:09:01.997650+05:30,,recovered,sms,3774500,+919123225788,kiara.mahanty787@gmail.com,,,,,,37745.0,37745.0
9f306f9c-4c70-4828-b044-9d59a28ec2fc,subscription,pay_AXN5RnBwvaipbU,order_Rj9h0pvycmxgu5,sub_v6noboQfbaJUHb,token_TDHzdEdArHWxe4,cust_xa9Jvboe4g4JNV,91900,INR,card,rupay,BAD_REQUEST_ERROR,issuer_bank,payment_authorization,card_disabled_for_online_payments,Your card is disabled for online payments.,hard,pending,0,0,2026-08-19T10:16:18.997650+05:30,2026-08-19T10:16:18.997650+05:30,,closed,manual,0,+917766923801,ayaan.singh129@rediffmail.com,,,,,,919.0,0.0
0246c33f-46e2-4f38-8330-b5ba047f6899,payment,pay_r6SzsBBrfgGUTR,order_h1qJ2LSQUxzbju,,,cust_GBOP8F9aDUvyPd,3928500,INR,netbanking,,GATEWAY_ERROR,gateway,payment_authorization,gateway_technical_error,Payment did not go through due to a temporary issue.,technical,,4,3,2026-08-19T10:36:11.997650+05:30,2026-09-12T14:36:11.997650+05:30,,escalated,voice,0,+918877471411,suresh.patel507@rediffmail.com,,,,,,39285.0,0.0
68c83411-a9f4-4650-8a28-880649fae21b,subscription,pay_9s5UdNoNNwB6mv,order_4HDTAoaO4HSGPd,sub_UWT5pTJb6fvqWV,token_cYKxzT507R7fmw,cust_Yvt3wl9rpIWjBn,448900,INR,upi,,GATEWAY_ERROR,gateway,payment_authentication,authentication_failed,Payment could not be completed due to incorrect OTP or verification details.,soft,halted,3,3,2026-08-19T11:04:07.997650+05:30,2026-09-16T15:04:07.997650+05:30,,escalated,voice,0,+917788769695,ananya.mishra471@rediffmail.com,,,,,,4489.0,0.0
766d7848-d08e-40cc-b0fc-9fecd9f0d8e7,mandate,pay_MsIQ1CPqo6usuH,order_VEhZ3MPcpIqHsz,,token_ZQCAHQYuMoombn,cust_Pu79TN6zXMYczP,1287300,INR,netbanking,,BAD_REQUEST_ERROR,customer,payment_authentication,payment_cancelled,Your payment has been cancelled.,soft,,2,3,2026-08-19T11:15:43.997650+05:30,2026-08-31T10:15:43.997650+05:30,,recovered,auto_retry,1287300,+917788736460,rahul.singh191@gmail.com,,,,,,12873.0,12873.0
be888071-fc01-42bc-9f2b-92a6de755841,b2b_receivable,,order_eKEAf8FWeJlaB8,,,cust_FO7CFpYa5yQwPH,20300000,INR,netbanking,,INVOICE_PAYMENT_OVERDUE,corporate_buyer,accounts_payable_settlement,invoice_overdue_current,Corporate invoice overdue by 0 days (current).,soft,,0,3,2026-08-19T11:19:46.997650+05:30,2026-08-19T11:19:46.997650+05:30,,recovered,email,20300000,+919988181950,ap@cloudscale.com,inv_psRaBtgIKFR3vQ,CloudScale Technologies Pvt Ltd,24ACEBE0546Z2Z2,current,,203000.0,203000.0
ee51b752-9d69-414d-8e6c-251039f66472,b2b_receivable,,order_IPmx1TSWfGbnqH,,,cust_tNAwt3DrePhCab,6100000,INR,netbanking,,INVOICE_PAYMENT_OVERDUE,corporate_buyer,accounts_payable_settlement,invoice_overdue_current,Corporate invoice overdue by 0 days (current).,soft,,0,3,2026-08-19T11:25:17.997650+05:30,2026-08-19T11:25:17.997650+05:30,,recovered,email,6100000,+917766892615,ap@finmatrix.com,inv_CXIkTqDmpHhjKv,FinMatrix Consulting Pvt Ltd,29ACADD0460Z4Z8,current,,61000.0,61000.0
b13d7d41-ebb2-4081-9788-8abca4434823,checkout_drop_off,,order_jO2iT1uKuGGVOE,,,cust_MYdtcXKOjI6IzX,225400,INR,card,visa,CHECKOUT_DROP_OFF,customer,checkout_funnel,address_form_friction,Abandoned at address_submitted: address_form_friction,soft,,0,3,2026-08-19T11:26:06.997650+05:30,2026-08-19T11:26:06.997650+05:30,,closed,payment_link,0,+917766044940,kavita.agarwal789@outlook.com,,,,,address_submitted,2254.0,0.0
095e55e5-1f85-410a-bcbc-b6a191579a5d,subscription,pay_lasRadNTu9iNRb,order_UVAj83hV0wGNWl,sub_ItMZMhMZlEEHJJ,token_kSbAKPlZMuG7X7,cust_dDNsFp4fmzMswb,821300,INR,upi,,GATEWAY_ERROR,gateway,payment_authentication,authentication_failed,Payment could not be completed due to incorrect OTP or verification details.,soft,active,1,3,2026-08-19T11:27:44.997650+05:30,2026-09-13T10:27:44.997650+05:30,,recovered,auto_retry,821300,+917766994096,rajesh.mukherjee764@rediffmail.com,,,,,,8213.0,8213.0
297bfd6c-1d5f-406d-aecc-62b77aeef6d0,mandate,pay_0iILKkcSF9UVX9,order_PfhzPU1EVtg9dH,,token_kvZBOvFi7aPH8I,cust_Ehfq0gTNXpbhTt,144300,INR,upi,,BAD_REQUEST_ERROR,gateway,payment_authorization,insufficient_funds,Your payment could not be completed due to insufficient account balance.,soft,,1,3,2026-08-19T11:28:32.997650+05:30,2026-09-11T10:28:32.997650+05:30,,recovered,auto_retry,144300,+919876385998,ishaan.agarwal536@outlook.com,,,,,,1443.0,1443.0
b3bff0da-c31b-49fb-beac-ec101db04276,subscription,pay_lvswbqwAOv86Pa,order_AmyQWFX197eDlA,sub_1UHjMWNXMhVp1l,token_hj8BrTanx3GyVS,cust_WTRSC33jQxPPsH,2740000,INR,upi,,BAD_REQUEST_ERROR,gateway,payment_authorization,insufficient_funds,Your payment could not be completed due to insufficient account balance.,soft,halted,3,3,2026-08-19T11:46:23.997650+05:30,2026-09-15T13:46:23.997650+05:30,,escalated,voice,0,+917788917106,ishaan.pillai352@outlook.com,,,,,,27400.0,0.0
7acafe71-4dc5-49ca-a154-dfe43c9e7348,payment,pay_vWtGHk1YaECtQm,order_GNPDDyMRC0NX34,,,cust_74y6AlS1naylXz,1060900,INR,emandate,,GATEWAY_ERROR,gateway,payment_authentication,authentication_failed,Payment could not be completed due to incorrect OTP or verification details.,soft,,3,3,2026-08-19T12:36:04.997650+05:30,2026-09-07T11:36:04.997650+05:30,,escalated,voice,0,+919988976963,aadhya.pillai4@yahoo.co.in,,,,,,10609.0,0.0
b32a1b39-87db-4132-9ba2-45e23a6fb2d2,payment,pay_x2DB9WxfUPIGAS,order_ypdTA6E2qb1hYr,,,cust_RtzqWcW2Ney4So,1071900,INR,upi,,BAD_REQUEST_ERROR,issuer_bank,payment_authorization,card_disabled_for_online_payments,Your card is disabled for online payments.,hard,,0,0,2026-08-19T12:41:24.997650+05:30,2026-08-19T12:41:24.997650+05:30,,closed,manual,0,+918899650584,krishna.yadav308@hotmail.com,,,,,,10719.0,0.0
2bfdc7b9-9f9e-4822-8612-afbc788fd756,checkout_drop_off,,order_srFxLIllMLBnHA,,,cust_QiVmM8mW0zcIBo,191300,INR,upi,visa,CHECKOUT_DROP_OFF,customer,checkout_funnel,delivery_time_too_long,Abandoned at address_submitted: delivery_time_too_long,soft,,0,3,2026-08-19T13:04:39.997650+05:30,2026-08-19T13:04:39.997650+05:30,,closed,payment_link,0,+919988366244,aanya.kumar129@gmail.com,,,,,address_submitted,1913.0,0.0
8b66b549-8d5d-4581-b6ef-ac97a31ac7e2,checkout_drop_off,,order_pv183LVUPtdWBN,,,cust_fp1MQ3Pa6HIc6y,235500,INR,card,visa,CHECKOUT_DROP_OFF,customer,checkout_funnel,price_comparison_pause,Abandoned at cart_abandoned: price_comparison_pause,soft,,0,3,2026-08-19T13:40:52.997650+05:30,2026-08-19T13:40:52.997650+05:30,,recovered,payment_link,235500,+919900265325,reyansh.ghosh143@yahoo.co.in,,,,,cart_abandoned,2355.0,2355.0
67a63f3e-2c02-4c0b-8d43-0126f6dd2f03,checkout_drop_off,,order_lswwm1GwfBf5lJ,,,cust_8LBgDEy7Fl4kZZ,386200,INR,card,visa,CHECKOUT_DROP_OFF,customer,checkout_funnel,window_shopping_exit,Abandoned at cart_abandoned: window_shopping_exit,soft,,0,3,2026-08-19T13:55:13.997650+05:30,2026-08-19T13:55:13.997650+05:30,,closed,payment_link,0,+919876919409,vihaan.patel312@yahoo.co.in,,,,,cart_abandoned,3862.0,0.0
7bfcbd58-c347-4b3e-a0f4-3f2e7f7d4fd5,payment,pay_JRi5xX1aESzHxb,order_l84YaWGxJyorB2,,,cust_WXkRYDhoBXJCxM,1226400,INR,upi,,BAD_REQUEST_ERROR,customer,payment_initiation,incorrect_cvv,Incorrect CVV entered.,soft,,1,3,2026-08-19T13:56:02.997650+05:30,2026-09-03T10:56:02.997650+05:30,,recovered,auto_retry,1226400,+919900864277,shreya.iyer399@hotmail.com,,,,,,12264.0,12264.0
ea2a4ee5-8340-4f32-96a9-f4aabd5a6b0e,payment,pay_gZHJXIpiyiiSAg,order_6M7pQUUcY5zSvc,,,cust_8x2uu67e2Rob5M,294400,INR,upi,,BAD_REQUEST_ERROR,gateway,payment_authorization,insufficient_funds,Your payment could not be completed due to insufficient account balance.,soft,,3,3,2026-08-19T14:38:49.997650+05:30,2026-08-28T13:38:49.997650+05:30,,escalated,voice,0,+917788379274,priya.bose886@hotmail.com,,,,,,2944.0,0.0
14a594da-07f0-4d82-ae26-e588ad4e7ce1,checkout_drop_off,,order_6xmuDdgDC4oNLW,,,cust_YP9Tl1L8VNrdtZ,101900,INR,card,visa,CHECKOUT_DROP_OFF,customer,checkout_funnel,window_shopping_exit,Abandoned at cart_abandoned: window_shopping_exit,soft,,0,3,2026-08-19T14:39:52.997650+05:30,2026-08-19T14:39:52.997650+05:30,,closed,payment_link,0,+919988731114,reyansh.iyer865@rediffmail.com,,,,,cart_abandoned,1019.0,0.0
6dfcd890-a399-4639-940d-946461955aa1,payment,pay_JoXlhewig7ZF8r,order_eaFNFqbeuENLqd,,,cust_hkAoQaRXrdVnSE,31300,INR,netbanking,,BAD_REQUEST_ERROR,issuer_bank,card_enrollment_check,card_not_enrolled,Your card is not enabled for online payments.,hard,,0,0,2026-08-19T14:44:29.997650+05:30,2026-08-19T14:44:29.997650+05:30,,closed,manual,0,+918899786015,neha.singh9@hotmail.com,,,,,,313.0,0.0
3b2a7a6d-f8cc-48ab-ad3a-e26deea83ad3,checkout_drop_off,,order_T7zYcKulgdMVZk,,,cust_Wepa1uhIvygSbx,183400,INR,upi,rupay,CHECKOUT_DROP_OFF,customer,checkout_funnel,price_comparison_pause,Abandoned at cart_abandoned: price_comparison_pause,soft,,0,3,2026-08-19T14:45:13.997650+05:30,2026-08-19T14:45:13.997650+05:30,,closed,payment_link,0,+919123606443,aditi.banerjee596@rediffmail.com,,,,,cart_abandoned,1834.0,0.0
4192a7d1-0b5e-42d3-869d-420fed9b1587,b2b_receivable,,order_gKqKVHdu8DSiVG,,,cust_atIq6iUBBm04l6,13400000,INR,netbanking,,INVOICE_PAYMENT_OVERDUE,corporate_buyer,accounts_payable_settlement,invoice_overdue_60_plus_days,Corporate invoice overdue by 86 days (60_plus_days).,soft,,0,3,2026-08-19T14:54:41.997650+05:30,2026-08-19T14:54:41.997650+05:30,,escalated,manual,0,+917788794354,ap@quantalytics.com,inv_NMumBXstPF3Saw,Quantalytics Data Systems LLP,24EBAEE5389I4ZZ,60_plus_days,,134000.0,0.0
872af2f7-dc38-4b1f-9ebf-cb12bb609efa,b2b_receivable,,order_PVJU0YiCQz454h,,,cust_1mPxyj5D6SQ0Iz,7400000,INR,netbanking,,INVOICE_PAYMENT_OVERDUE,corporate_buyer,accounts_payable_settlement,invoice_overdue_1_15_days,Corporate invoice overdue by 4 days (1_15_days).,soft,,0,3,2026-08-19T15:06:41.997650+05:30,2026-08-19T15:06:41.997650+05:30,,recovered,email,7400000,+919900160791,ap@zenith.com,inv_GmjfFWRAJzdzrG,Zenith Healthware LLP,27CCCDA0114B2Z6,1_15_days,,74000.0,74000.0
eaa9076a-10bf-444c-87c3-e4d1c2035cf9,checkout_drop_off,pay_CPIHygcyL4xJRg,order_Hh3UxlrJSSHKrH,,,cust_NPAGCcsvb1zAUc,593400,INR,upi,rupay,CHECKOUT_DROP_OFF,customer,checkout_funnel,bank_page_latency_timeout,Abandoned at otp_abandoned: bank_page_latency_timeout,soft,,0,3,2026-08-19T15:48:40.997650+05:30,2026-08-19T15:48:40.997650+05:30,,closed,payment_link,0,+918877875378,saanvi.bose413@gmail.com,,,,,otp_abandoned,5934.0,0.0
ef901aa7-1d7a-4411-bbf5-275061b24906,mandate,pay_CKax1P8goDThys,order_Aw1UXc9cXlbbxG,,token_2F0O1VZe5vZKzi,cust_KWWGjC176IsTuu,44000,INR,card,mastercard,BAD_REQUEST_ERROR,issuer_bank,payment_authorization,debit_instrument_inactive,Your card is currently inactive.,technical,,1,3,2026-08-19T16:13:43.997650+05:30,2026-08-24T10:13:43.997650+05:30,,recovered,auto_retry,44000,+918877468629,nisha.shah702@hotmail.com,,,,,,440.0,440.0
754e0c59-fe9d-48f9-8279-b83fac513705,payment,pay_HulQkT5lRhIl8V,order_o3WXskrAICD4cz,,,cust_Ze710JRpOifdH9,657900,INR,card,rupay,BAD_REQUEST_ERROR,customer,payment_initiation,card_number_invalid,You have entered an incorrect card number. Try again.,hard,,0,0,2026-08-19T16:29:29.997650+05:30,2026-08-19T16:29:29.997650+05:30,,closed,manual,0,+918877767483,aarav.ghosh870@gmail.com,,,,,,6579.0,0.0
e5e13d26-c892-4753-bb3a-5c159c02ae1c,payment,pay_WHDoF3t7ekQuCG,order_SoqCLDifkpCOmV,,,cust_UIVG6OeBjtXkCj,394400,INR,card,mastercard,BAD_REQUEST_ERROR,customer,payment_initiation,card_number_invalid,You have entered an incorrect card number. Try again.,hard,,0,0,2026-08-19T19:04:42.997650+05:30,2026-08-19T19:04:42.997650+05:30,,closed,manual,0,+918899970932,deepak.gupta277@gmail.com,,,,,,3944.0,0.0
894f872d-5a7f-4ff4-aa6e-e04487b136c3,mandate,pay_B9jfWk2bWCCUi1,order_3ruCeVE5GmYFmf,,token_3qCcddnEODDdj1,cust_ypWUORDVr8byQP,42900,INR,upi,,BAD_REQUEST_ERROR,issuer_bank,payment_authorization,card_expired,Your card has expired. Please use another card.,hard,,0,0,2026-08-19T19:37:43.997650+05:30,2026-08-19T19:37:43.997650+05:30,,closed,manual,0,+917766675743,krishna.mishra996@rediffmail.com,,,,,,429.0,0.0
09466668-cc21-4a00-92fd-896558be64cb,payment,pay_3bHXXghKn93ZBx,order_7ix7zUUniy3FnH,,,cust_03VJDxl5Yrwn0k,2023400,INR,card,rupay,GATEWAY_ERROR,gateway,payment_authentication,authentication_failed,Payment could not be completed due to incorrect OTP or verification details.,soft,,3,3,2026-08-19T19:50:09.997650+05:30,2026-08-28T10:50:09.997650+05:30,,recovered,auto_retry,2023400,+919123202225,meera.ghosh539@hotmail.com,,,,,,20234.0,20234.0
786acd89-5115-4b5f-bda4-ffe8bf18090f,payment,pay_k1EDEDUZZUOj8h,order_KH4jmbZQYBUTSW,,,cust_ABHQEZB5gcZ0N3,386200,INR,card,visa,BAD_REQUEST_ERROR,gateway,payment_authorization,insufficient_funds,Your payment could not be completed due to insufficient account balance.,soft,,3,3,2026-08-19T20:20:36.997650+05:30,2026-09-21T11:20:36.997650+05:30,,escalated,voice,0,+919900611358,priya.mukherjee565@hotmail.com,,,,,,3862.0,0.0
cdd1918f-e33d-42a1-995e-e19a8b92d1e7,subscription,pay_xmbL6d8V96IfJn,order_4aibqT8aXRtVv4,sub_ZpmIKxNhR1C9Oq,token_pvdZ7bCFTvDTav,cust_ibK3Eeu9m9DJxX,2534900,INR,upi,,BAD_REQUEST_ERROR,gateway,payment_authorization,insufficient_funds,Your payment could not be completed due to insufficient account balance.,soft,active,3,3,2026-08-19T20:37:24.997650+05:30,2026-09-07T16:37:24.997650+05:30,,recovered,sms,2534900,+919876820583,rajesh.banerjee763@outlook.com,,,,,,25349.0,25349.0
fba14ad8-7eef-4824-8a38-c3714cb36140,payment,pay_M6v8y90uqacwK7,order_7mTOGa8e9z9bbz,,,cust_9i0yhukT9xcmCB,20000,INR,upi,,BAD_REQUEST_ERROR,gateway,payment_authorization,insufficient_funds,Your payment could not be completed due to insufficient account balance.,soft,,3,3,2026-08-19T20:38:51.997650+05:30,2026-08-27T13:38:51.997650+05:30,,escalated,voice,0,+917766593797,aadhya.ghosh619@gmail.com,,,,,,200.0,0.0
e2c9434e-9f83-4727-aa1d-aa01e8e91f21,checkout_drop_off,pay_x7U73BQ4p9oyF3,order_2CBRjLx3iJSYE2,,,cust_1DTaMcOF2gWucL,430300,INR,card,visa,CHECKOUT_DROP_OFF,customer,checkout_funnel,preferred_bank_missing,Abandoned at payment_method_selected: preferred_bank_missing,soft,,0,3,2026-08-19T21:11:32.997650+05:30,2026-08-19T21:11:32.997650+05:30,,closed,payment_link,0,+919900902038,pooja.roy237@gmail.com,,,,,payment_method_selected,4303.0,0.0
a6f85ed5-1e33-454a-8046-62521be25153,checkout_drop_off,,order_qN7XKCcKYwxvDK,,,cust_lpaJYZpdqUhLIx,212900,INR,card,rupay,CHECKOUT_DROP_OFF,customer,checkout_funnel,window_shopping_exit,Abandoned at cart_abandoned: window_shopping_exit,soft,,0,3,2026-08-19T21:55:20.997650+05:30,2026-08-19T21:55:20.997650+05:30,,closed,payment_link,0,+917766990206,ayaan.singh369@rediffmail.com,,,,,cart_abandoned,2129.0,0.0
0cdc1009-a81f-4b0e-8b79-fc70dba01200,payment,pay_wHsv0sFimSCLDR,order_K5nTc3ghk30Pb0,,,cust_8NFoLPxfzvzD2U,678400,INR,card,amex,GATEWAY_ERROR,gateway,payment_authorization,gateway_technical_error,Payment did not go through due to a temporary issue.,technical,,1,3,2026-08-19T22:48:25.997650+05:30,2026-09-11T10:48:25.997650+05:30,,recovered,auto_retry,678400,+919123107071,krishna.shah248@rediffmail.com,,,,,,6784.0,6784.0
9ef057bf-3283-4898-9675-a942e7c42ed0,payment,pay_iZZ46ah7I9v9Td,order_xYE1iqHyX8umqs,,,cust_LF1ic41TPeRYxF,1325100,INR,upi,,BAD_REQUEST_ERROR,issuer_bank,payment_authorization,transaction_limit_exceeded,Maximum transaction limit exceeded for the day.,soft,,3,3,2026-08-19T23:19:36.997650+05:30,2026-08-28T12:19:36.997650+05:30,,escalated,voice,0,+919900463175,pooja.reddy14@yahoo.co.in,,,,,,13251.0,0.0
c1ef0b0f-a5fc-40f5-b85f-6bb75e4e62d7,payment,pay_tiuooOKCOevuKu,order_WObjNLbVgauwjO,,,cust_I4bSyGvEqNWZO6,2168900,INR,card,rupay,BAD_REQUEST_ERROR,gateway,payment_authorization,insufficient_funds,Your payment could not be completed due to insufficient account balance.,soft,,3,3,2026-08-19T23:38:36.997650+05:30,2026-09-05T10:00:00.997650+05:30,,recovered,voice,2168900,+918877586848,sanjay.nair31@gmail.com,,,,,,21689.0,21689.0
dc73ebb0-ce44-42e3-a395-7523d4b84a58,payment,pay_0HGoHDFIm4Se5B,order_7UNhaAqscN0sgp,,,cust_PPzKoLdyoioR43,497100,INR,wallet,,BAD_REQUEST_ERROR,gateway,payment_authorization,payment_failed,Payment was declined by the bank.,technical,,1,3,2026-08-19T23:54:38.997650+05:30,2026-09-10T10:54:38.997650+05:30,,recovered,auto_retry,497100,+919876839226,deepak.thakur817@yahoo.co.in,,,,,,4971.0,4971.0
68569621-b271-4ae4-b287-11dc7af0c7dd,checkout_drop_off,pay_YjCCEdltCDuGpf,order_4unlj4gnSC0flt,,,cust_FxlkPxmZhjQNtt,310100,INR,upi,rupay,CHECKOUT_DROP_OFF,customer,checkout_funnel,upi_intent_app_switch_failed,Abandoned at payment_method_selected: upi_intent_app_switch_failed,soft,,0,3,2026-08-19T23:54:40.997650+05:30,2026-08-19T23:54:40.997650+05:30,,closed,payment_link,0,+918899534470,pradeep.das126@rediffmail.com,,,,,payment_method_selected,3101.0,0.0
75ebf8ea-41de-431d-b370-aac2e18aaf9a,checkout_drop_off,pay_UylMUbc7WwCXJN,order_zupdj3j3S52xZn,,,cust_WjiO5URIRfn1TH,180400,INR,upi,rupay,CHECKOUT_DROP_OFF,customer,checkout_funnel,otp_not_received,Abandoned at otp_abandoned: otp_not_received,soft,,0,3,2026-08-19T23:56:03.997650+05:30,2026-08-19T23:56:03.997650+05:30,,recovered,payment_link,180400,+917788373223,aditya.banerjee293@yahoo.co.in,,,,,otp_abandoned,1804.0,1804.0
a30a2612-0a8e-4577-84a6-825890e6b8d6,mandate,pay_tb1d4QyD14u5LW,order_ak11PTKN5sPraE,,token_2hIMvLVkoUbaOZ,cust_enAMdxq9GoX9tc,430200,INR,upi,,GATEWAY_ERROR,issuer_bank,payment_authorization,bank_technical_error,Bank downtime. Please try again later.,technical,,4,3,2026-08-20T04:17:25.997650+05:30,2026-09-21T20:17:25.997650+05:30,,recovered,sms,430200,+919988848778,aditya.agarwal151@gmail.com,,,,,,4302.0,4302.0
e9ffb5c6-6943-4cc3-82fd-d3828784f817,mandate,pay_3ngiGHBgevXr74,order_sZhEJMzXiep9wa,,token_yxsGw7UXNXiEf5,cust_xffr5z5eot6X2q,95600,INR,emandate,,GATEWAY_ERROR,issuer_bank,payment_authorization,bank_technical_error,Bank downtime. Please try again later.,technical,,2,3,2026-08-20T04:31:34.997650+05:30,2026-09-01T10:31:34.997650+05:30,,recovered,auto_retry,95600,+917788142886,vihaan.nair284@outlook.com,,,,,,956.0,956.0
1643e754-15f4-47ad-9417-d3a3e77ae256,subscription,pay_rCjMCCBK6Q0wu6,order_CJOQHUKUxQyL1n,sub_4mAPgdrQ0BHFc8,token_VLbenIypjTXeVW,cust_Xg6L9F897hdeFx,1734000,INR,upi,,BAD_REQUEST_ERROR,gateway,payment_authorization,payment_failed,Payment was declined by the bank.,technical,active,1,3,2026-08-20T04:35:02.997650+05:30,2026-09-03T10:35:02.997650+05:30,,recovered,auto_retry,1734000,+918899518220,pradeep.das496@rediffmail.com,,,,,,17340.0,17340.0
9829adf3-59fd-4b2a-9b6d-ac94b7d45c15,mandate,pay_RZgpQyrP5xTYEO,order_BlxbRIKiPz3KWe,,token_UWvTYoBtE6wXgn,cust_ELqVfRRNPZmXCI,70300,INR,upi,,BAD_REQUEST_ERROR,gateway,payment_authorization,insufficient_funds,Your payment could not be completed due to insufficient account balance.,soft,,2,3,2026-08-20T04:37:11.997650+05:30,2026-09-18T10:37:11.997650+05:30,,recovered,auto_retry,70300,+917788604166,shreya.mahanty454@hotmail.com,,,,,,703.0,703.0
cc3aab3c-75cf-4bfa-b145-fc57d39b268b,mandate,pay_eeJ5NH506nzP1K,order_mQdveBzjsadxqr,,token_Fq0BDphjb1mF3z,cust_awg8wIyZuO7ZpD,620700,INR,upi,,GATEWAY_ERROR,gateway,payment_authentication,authentication_failed,Payment could not be completed due to incorrect OTP or verification details.,soft,,3,3,2026-08-20T04:58:52.997650+05:30,2026-09-08T15:58:52.997650+05:30,,escalated,voice,0,+917766006264,aadhya.mukherjee840@gmail.com,,,,,,6207.0,0.0
72bc56d6-a8e5-46ad-8bcc-d107d80db1ac,mandate,pay_HoHW2ukK0WtbVD,order_DNJ1H11lwtBlA7,,token_QqzidtnCXQSiaa,cust_cZO5CcrEdDTSrQ,4197500,INR,netbanking,,GATEWAY_ERROR,gateway,payment_authentication,authentication_failed,Payment could not be completed due to incorrect OTP or verification details.,soft,,3,3,2026-08-20T05:09:03.997650+05:30,2026-09-08T13:09:03.997650+05:30,,escalated,voice,0,+919988442571,deepak.agarwal713@outlook.com,,,,,,41975.0,0.0
2261d542-8177-4169-a2e5-fe0b28ea2701,subscription,pay_GbNDybFL0H3gNA,order_v12Pj02dPDdqnP,sub_SJlB54DfOn1RHU,token_Azib3Wq5CSuK5K,cust_rnjT6ox7hh0HPq,391700,INR,card,visa,BAD_REQUEST_ERROR,customer,payment_authentication,payment_cancelled,Your payment has been cancelled.,soft,active,1,3,2026-08-20T06:05:40.997650+05:30,2026-08-29T10:05:40.997650+05:30,,recovered,auto_retry,391700,+919900465314,pradeep.thakur18@gmail.com,,,,,,3917.0,3917.0
c1b0ee57-f996-47a8-a16f-f694f88f1e81,subscription,pay_1GMlz1BCQxZKYa,order_oLarqMkqRz2TiV,sub_xN0JNQhBWUHQrd,token_uu2Gav31Eb7NQ0,cust_9ym0cyyKnTOeru,266900,INR,wallet,,BAD_REQUEST_ERROR,issuer_bank,payment_authorization,card_disabled_for_online_payments,Your card is disabled for online payments.,hard,pending,0,0,2026-08-20T06:14:33.997650+05:30,2026-08-20T06:14:33.997650+05:30,,closed,manual,0,+919876112747,amit.kumar677@gmail.com,,,,,,2669.0,0.0
16617fe4-2941-4285-a9a5-c64990eea0aa,mandate,pay_6HdO4LEgPYUD6L,order_FUrb3fTfaSUXlo,,token_JeLNGKl4lUt1J5,cust_4AQbXMfVJPrEDK,519800,INR,card,visa,BAD_REQUEST_ERROR,issuer_bank,payment_authorization,card_expired,Your card has expired. Please use another card.,hard,,0,0,2026-08-20T06:18:02.997650+05:30,2026-08-20T06:18:02.997650+05:30,,closed,manual,0,+919900924280,aditya.kumar873@rediffmail.com,,,,,,5198.0,0.0
ea192e7c-fb68-4e58-9ed2-f8fa4b67b2eb,mandate,pay_aPqnUfSC6qSuLu,order_wLujNyJ12l3ofq,,token_wn9PNpy1Z0zupO,cust_aaznnvEyhcdl3w,38900,INR,emandate,,BAD_REQUEST_ERROR,gateway,payment_authorization,insufficient_funds,Your payment could not be completed due to insufficient account balance.,soft,,3,3,2026-08-20T06:20:07.997650+05:30,2026-09-14T16:20:07.997650+05:30,,escalated,voice,0,+917766651084,pooja.banerjee744@rediffmail.com,,,,,,389.0,0.0
80ff3dd9-e0e3-4d07-a068-b105826533fb,subscription,pay_5vumFMQJQnr9aL,order_7Is4irvgFT7yy1,sub_t9QzaoW7wquBpv,token_Dav8mAASwiCzo0,cust_k1lxcXyC7hpa6F,603200,INR,upi,,GATEWAY_ERROR,gateway,payment_authorization,gateway_technical_error,Payment did not go through due to a temporary issue.,technical,active,3,3,2026-08-20T06:23:33.997650+05:30,2026-09-15T22:23:33.997650+05:30,,recovered,sms,603200,+919123975993,aadhya.pillai203@outlook.com,,,,,,6032.0,6032.0
a3189722-defc-4c36-8af3-ef26927d508c,subscription,pay_GMMUtyz3r9VkTb,order_A5wsIsdgaQ9P3d,sub_cxNQVIMkG2BB8T,token_AS040IOlBVSZrH,cust_uvN2f9Am5uS0Ju,3425900,INR,upi,,BAD_REQUEST_ERROR,customer,payment_authentication,payment_cancelled,Your payment has been cancelled.,soft,halted,3,3,2026-08-20T06:29:00.997650+05:30,2026-08-27T15:29:00.997650+05:30,,escalated,voice,0,+917788408020,vihaan.reddy877@hotmail.com,,,,,,34259.0,0.0
89887e28-d1a5-4cd0-a9cc-c4cd5a62b182,subscription,pay_3VKdTe9zVtiq8S,order_7JuHVUasQ4Gi0V,sub_FaGIEGRu18LBs6,token_5qUyRJIu8CUGpP,cust_5ox36GOcz1PYLH,1416500,INR,upi,,BAD_REQUEST_ERROR,issuer_bank,payment_authorization,payment_risk_check_failed,Payment declined by bank due to risk check.,hard,pending,0,0,2026-08-20T07:07:01.997650+05:30,2026-08-20T07:07:01.997650+05:30,,closed,manual,0,+919900154005,pooja.shah815@rediffmail.com,,,,,,14165.0,0.0
a52813d2-4913-4543-b68e-9274836db441,subscription,pay_6Nvnap5ShTaZb2,order_sCwSbUXvQe2tT9,sub_1p86m8HvZUfMJU,token_y5ySnlpAlMjnsK,cust_9J2t1mcgOb0OI9,95600,INR,emandate,,BAD_REQUEST_ERROR,issuer_bank,payment_authorization,debit_instrument_inactive,Your card is currently inactive.,technical,halted,3,3,2026-08-20T08:01:53.997650+05:30,2026-09-09T12:01:53.997650+05:30,,escalated,voice,0,+918877768815,rohan.mishra795@gmail.com,,,,,,956.0,0.0
0671750c-a3cc-436d-9d06-b2b3ecbb0944,subscription,pay_ocMatWBMcWn41y,order_I1rIeSbuU94yma,sub_zqbE0lJ6jGJr6O,token_1OlcGEJ9uIrljC,cust_dWz11dQpQZFdo6,497500,INR,netbanking,,BAD_REQUEST_ERROR,customer,payment_initiation,incorrect_cvv,Incorrect CVV entered.,soft,active,1,3,2026-08-20T08:43:13.997650+05:30,2026-08-31T10:43:13.997650+05:30,,recovered,auto_retry,497500,+917788346131,rohan.joshi210@rediffmail.com,,,,,,4975.0,4975.0
7d1f7fa9-9245-4c8a-9d84-3532b52e05d4,subscription,pay_oRmQ2VAULiSG0D,order_OjFxCljvCbFVGp,sub_Ep20l23EbIrDgd,token_f5cbbRRlUlt1WK,cust_jiFxHezVWe3cep,25200,INR,card,mastercard,BAD_REQUEST_ERROR,issuer_bank,payment_authorization,card_expired,Your card has expired. Please use another card.,hard,pending,0,0,2026-08-20T09:20:55.997650+05:30,2026-08-20T09:20:55.997650+05:30,,closed,manual,0,+918877566734,aarav.sharma713@hotmail.com,,,,,,252.0,0.0
6dac18bc-977f-4d63-97d5-05b7aee3887e,subscription,pay_qBRS7sgCsVOU0o,order_nbSTOUTsCQr69g,sub_CXO5p7KZCvacVF,token_vU5weOdkbx1Ayu,cust_PEMGa9J0cJCY8X,493300,INR,card,visa,BAD_REQUEST_ERROR,customer,payment_authentication,payment_timed_out,Your payment could not be completed due to a temporary issue. Try again later.,soft,halted,3,3,2026-08-20T09:25:57.997650+05:30,2026-09-08T13:25:57.997650+05:30,,escalated,voice,0,+917788908347,rahul.thakur976@gmail.com,,,,,,4933.0,0.0
66b0bbbf-0bb6-48df-add3-0afdfa490f5e,subscription,pay_MlAVgVe3BM6DgZ,order_ZAqQSyGLemWvC4,sub_xZX8kewYa38dxk,token_x4MTTq0RU9cNX6,cust_WZbODafmyOmaAc,75400,INR,card,visa,BAD_REQUEST_ERROR,customer,payment_authentication,payment_cancelled,Your payment has been cancelled.,soft,active,3,3,2026-08-20T10:00:16.997650+05:30,2026-09-04T17:00:16.997650+05:30,,recovered,sms,75400,+919123817123,aditi.patel397@gmail.com,,,,,,754.0,754.0
2af781f1-a6b5-4a30-af72-96c2f15a6db8,mandate,pay_C7DTBlNIU2p0go,order_cWqdDhjZ31qyB2,,token_GDurtIsWmKYXGH,cust_8vTywW4R2nleOE,608500,INR,upi,,BAD_REQUEST_ERROR,customer,payment_authentication,payment_timed_out,Your payment could not be completed due to a temporary issue. Try again later.,soft,,2,3,2026-08-20T10:10:13.997650+05:30,2026-09-04T10:10:13.997650+05:30,,recovered,auto_retry,608500,+919876563107,saanvi.joshi611@rediffmail.com,,,,,,6085.0,6085.0
30758f50-77b6-4377-b7b2-0f3a34d754ae,mandate,pay_r5EBDTSDuIKDPD,order_W2mLkNYPUSfru5,,token_y2YIIiPeOtZDrY,cust_qo2dIg3CqSaiYl,91000,INR,upi,,BAD_REQUEST_ERROR,issuer_bank,payment_authorization,transaction_limit_exceeded,Maximum transaction limit exceeded for the day.,soft,,3,3,2026-08-20T10:11:35.997650+05:30,2026-09-15T12:11:35.997650+05:30,,escalated,voice,0,+917766717774,vikram.yadav100@hotmail.com,,,,,,910.0,0.0
6a305d98-f8e9-4291-921d-125fe48f263b,mandate,pay_2U7r7D3ABlDQ5J,order_O4AHo8f7OQSk41,,token_ftHmbNwEBKttHm,cust_n3vzQ0j7ZnTwRO,89400,INR,card,mastercard,GATEWAY_ERROR,gateway,payment_authentication,authentication_failed,Payment could not be completed due to incorrect OTP or verification details.,soft,,3,3,2026-08-20T10:21:34.997650+05:30,2026-09-05T16:21:34.997650+05:30,,escalated,voice,0,+918877814766,vikram.gupta90@rediffmail.com,,,,,,894.0,0.0
677d57fb-b05a-4ef9-a579-cedff9238478,subscription,pay_2klhhHtUb3Dx5E,order_1VEafUBuWFkVbo,sub_Fj5LhAbxtp50hp,token_i6ofKYLRDFm8Ci,cust_FNnae0plhdh4ZK,392100,INR,netbanking,,BAD_REQUEST_ERROR,gateway,payment_authorization,insufficient_funds,Your payment could not be completed due to insufficient account balance.,soft,active,1,3,2026-08-20T10:27:44.997650+05:30,2026-09-03T10:27:44.997650+05:30,,recovered,auto_retry,392100,+918899379050,rahul.sharma57@rediffmail.com,,,,,,3921.0,3921.0
f27007af-f9f7-4ba5-8117-e32427f329bf,subscription,pay_NBft2GHhEdDKSZ,order_PJdVR1kbmJ7lpd,sub_Ze1pqvoXc70NRz,token_fvxNpxgZ7MGHID,cust_ik140zkHa0W6ha,389400,INR,upi,,BAD_REQUEST_ERROR,gateway,payment_authorization,payment_failed,Payment was declined by the bank.,technical,active,2,3,2026-08-20T10:33:34.997650+05:30,2026-09-03T10:33:34.997650+05:30,,recovered,auto_retry,389400,+919876306343,pradeep.singh514@hotmail.com,,,,,,3894.0,3894.0
665d2bf7-e50f-4393-9643-5fd361060fa5,b2b_receivable,,order_kW63OZoD2l3PEN,,,cust_FvV1vmSVP67ewy,8600000,INR,netbanking,,INVOICE_PAYMENT_OVERDUE,corporate_buyer,accounts_payable_settlement,invoice_overdue_16_30_days,Corporate invoice overdue by 28 days (16_30_days).,soft,,0,3,2026-08-20T10:41:29.997650+05:30,2026-08-20T10:41:29.997650+05:30,,closed,email,0,+917766446750,ap@quantalytics.com,inv_OALdlQIaN3n7qd,Quantalytics Data Systems LLP,27ABBCA5026Z3ZI,16_30_days,,86000.0,0.0
b39db024-b1ad-488d-9e52-91c4b387f5fa,subscription,pay_ykpvtTkRRH5QJj,order_G1p8ebnJJrtTDM,sub_hYC9LCOMUrbGXU,token_rzRD7EYLJ45AH4,cust_zCoPT6yhZF5Dna,29700,INR,upi,,BAD_REQUEST_ERROR,customer,payment_initiation,incorrect_cvv,Incorrect CVV entered.,soft,active,3,3,2026-08-20T10:45:08.997650+05:30,2026-09-04T09:59:00.997650+05:30,,recovered,voice,29700,+918877779757,arjun.patel578@yahoo.co.in,,,,,,297.0,297.0
97c3ef23-fd0b-49db-9b19-3b7abd7390ba,mandate,pay_hUtWwMLjNoVR2l,order_B4IqB9PXbUyQcC,,token_6Jnu5oRXtN2EAx,cust_dwaEQvvvvmXnjF,82100,INR,netbanking,,BAD_REQUEST_ERROR,issuer_bank,payment_authorization,card_expired,Your card has expired. Please use another card.,hard,,0,0,2026-08-20T10:48:04.997650+05:30,2026-08-20T10:48:04.997650+05:30,,closed,manual,0,+917766143016,vikram.nair563@hotmail.com,,,,,,821.0,0.0
d75e8665-0454-4858-8950-aee6a0d81140,b2b_receivable,,order_aaOmNzu0PrvaMq,,,cust_7DSOwCRhyHFquE,5400000,INR,netbanking,,INVOICE_PAYMENT_OVERDUE,corporate_buyer,accounts_payable_settlement,invoice_overdue_current,Corporate invoice overdue by 0 days (current).,soft,,0,3,2026-08-20T10:48:25.997650+05:30,2026-08-20T10:48:25.997650+05:30,,recovered,email,5400000,+918899687440,ap@zenith.com,inv_PxY3bjWCGFNgEY,Zenith Healthware LLP,24ACBAE2945I6Z1,current,,54000.0,54000.0
62c7abf4-e40c-493c-bfb6-be3e130368dc,subscription,pay_c723YButqn3sWu,order_kGn3bNyEaN4ND6,sub_MIDYd1wGKKv8sj,token_p7jb9huvXjrKJ5,cust_3m6cbGtCiFwilR,337000,INR,card,mastercard,GATEWAY_ERROR,gateway,payment_authentication,authentication_failed,Payment could not be completed due to incorrect OTP or verification details.,soft,active,1,3,2026-08-20T11:26:26.997650+05:30,2026-09-16T10:26:26.997650+05:30,,recovered,auto_retry,337000,+919988033099,ananya.iyer980@outlook.com,,,,,,3370.0,3370.0
168d15c6-8070-400d-b4b1-3730bc882b4c,payment,pay_aQygOTzdoSCkNO,order_nBRnyavtL3IqBD,,,cust_S8U8qCRG7QnoAH,17600,INR,upi,,GATEWAY_ERROR,gateway,payment_authentication,authentication_failed,Payment could not be completed due to incorrect OTP or verification details.,soft,,3,3,2026-08-20T11:27:07.997650+05:30,2026-09-11T13:27:07.997650+05:30,,escalated,voice,0,+917788870188,suresh.kumar645@gmail.com,,,,,,176.0,0.0
e42ad7f5-b984-47c8-8563-820bdec0f7cc,subscription,pay_mDdIDChULg2Cu9,order_uBgqXOzIWiDlfG,sub_k8Qx3tsfNjVkLX,token_6f18kq8pZQ2xeX,cust_c3WN3k1rzR9pT7,39000,INR,upi,,BAD_REQUEST_ERROR,customer,payment_authentication,payment_timed_out,Your payment could not be completed due to a temporary issue. Try again later.,soft,halted,3,3,2026-08-20T11:29:20.997650+05:30,2026-09-03T16:29:20.997650+05:30,,escalated,voice,0,+917766953874,sai.das259@rediffmail.com,,,,,,390.0,0.0
e71090cb-dfde-483a-8662-a2e0bfcb79ea,subscription,pay_z93CIsm4xohU7D,order_0951dMamIerXjW,sub_Z8Ea4zkN0LJdYS,token_mETT0imbxFndmU,cust_oP8Gl6a5aOitNx,992900,INR,upi,,BAD_REQUEST_ERROR,customer,payment_authentication,payment_timed_out,Your payment could not be completed due to a temporary issue. Try again later.,soft,active,1,3,2026-08-20T11:52:32.997650+05:30,2026-09-13T10:52:32.997650+05:30,,recovered,auto_retry,992900,+919988458868,ayaan.kumar152@outlook.com,,,,,,9929.0,9929.0
98f6fec6-3331-4ece-97f7-164721c95f2d,payment,pay_fVMthcKR9mUoPH,order_ui1QOZOIldo8k5,,,cust_UFG9d74Qlg6E47,32900,INR,upi,,BAD_REQUEST_ERROR,issuer_bank,payment_authorization,card_disabled_for_online_payments,Your card is disabled for online payments.,hard,,0,0,2026-08-20T12:06:15.997650+05:30,2026-08-20T12:06:15.997650+05:30,,closed,manual,0,+917788553779,saanvi.joshi805@yahoo.co.in,,,,,,329.0,0.0
d96127bd-d6d2-4397-8ac5-678bdcf93773,subscription,pay_CanvSOnW0F6RiO,order_HMY2GS96n16pul,sub_cKvCI4MmDmIEAh,token_KTYFHO9dKVRQq5,cust_ssgs1SQP7QBPQx,64700,INR,card,rupay,BAD_REQUEST_ERROR,issuer_bank,payment_authorization,payment_risk_check_failed,Payment declined by bank due to risk check.,hard,pending,0,0,2026-08-20T12:12:41.997650+05:30,2026-08-20T12:12:41.997650+05:30,,closed,manual,0,+917766390757,rajesh.bose300@gmail.com,,,,,,647.0,0.0
f83cf1f9-7a4f-4c88-9b2a-b343a3a3e70e,payment,pay_FjIzqG15plp49j,order_rq8lqBm49Sn4rO,,,cust_PT8wKE1boW6OPQ,83800,INR,wallet,,BAD_REQUEST_ERROR,gateway,payment_authorization,insufficient_funds,Your payment could not be completed due to insufficient account balance.,soft,,1,3,2026-08-20T13:18:24.997650+05:30,2026-09-03T10:18:24.997650+05:30,,recovered,auto_retry,83800,+918877486131,kavita.sharma1@gmail.com,,,,,,838.0,838.0
546eeea7-87ad-4119-ad4a-13f240fbbd6e,payment,pay_bw05bcg9UyAcI7,order_IM4cbSkMeapERB,,,cust_iCqwEidrgQmLfx,36000,INR,card,rupay,GATEWAY_ERROR,issuer_bank,payment_authorization,bank_technical_error,Bank downtime. Please try again later.,technical,,1,3,2026-08-20T13:22:57.997650+05:30,2026-09-10T10:22:57.997650+05:30,,recovered,auto_retry,36000,+917766308003,vihaan.chauhan44@rediffmail.com,,,,,,360.0,360.0
60dbd0fb-8fbd-41d7-8521-dde2b3edd923,payment,pay_hAbP8yeRkJp2J8,order_8RBemV45GvNjUY,,,cust_wEpcqDfXyL2myg,49300,INR,upi,,BAD_REQUEST_ERROR,gateway,payment_authorization,insufficient_funds,Your payment could not be completed due to insufficient account balance.,soft,,3,3,2026-08-20T13:23:38.997650+05:30,2026-09-22T15:23:38.997650+05:30,,escalated,voice,0,+919900449916,arjun.mahanty977@yahoo.co.in,,,,,,493.0,0.0
14e5535e-1c49-4905-b447-db581333ccbe,payment,pay_1IE9Bq5hKBCGM3,order_OUHSQXDj4rtAkE,,,cust_GaF2btCNWwDHKI,137200,INR,card,visa,GATEWAY_ERROR,gateway,payment_authentication,authentication_failed,Payment could not be completed due to incorrect OTP or verification details.,soft,,3,3,2026-08-20T13:40:10.997650+05:30,2026-09-05T09:56:00.997650+05:30,,recovered,voice,137200,+918877981332,suresh.nair79@outlook.com,,,,,,1372.0,1372.0
44006644-3a87-4cfb-9bfa-9ec14f467445,payment,pay_KbvL4eYraQTbWk,order_nvxi4A0f98847e,,,cust_QIwwrDFWL4zprT,462300,INR,card,mastercard,GATEWAY_ERROR,gateway,payment_authorization,gateway_technical_error,Payment did not go through due to a temporary issue.,technical,,4,3,2026-08-20T14:10:49.997650+05:30,2026-09-03T16:10:49.997650+05:30,,recovered,sms,462300,+919988809817,deepak.patel327@outlook.com,,,,,,4623.0,4623.0
071eee2a-087a-4fef-aa37-bae698608bcd,checkout_drop_off,,order_kgz1Ks3RLiN3TS,,,cust_dXxLTEZMLQsLpv,506700,INR,upi,visa,CHECKOUT_DROP_OFF,customer,checkout_funnel,accidental_tab_close,Abandoned at cart_abandoned: accidental_tab_close,soft,,0,3,2026-08-20T14:16:34.997650+05:30,2026-08-20T14:16:34.997650+05:30,,closed,payment_link,0,+917788194133,amit.roy341@yahoo.co.in,,,,,cart_abandoned,5067.0,0.0
f7fd3ffa-6cf0-4163-8c27-30c5f8b989c2,payment,pay_wNyhh7j8neFeq1,order_WaWzSrC1Jzwvuk,,,cust_QXQvyvcYnBShOP,63400,INR,card,rupay,BAD_REQUEST_ERROR,issuer_bank,payment_authorization,debit_instrument_blocked,Your card is blocked. Please contact your bank.,hard,,0,0,2026-08-20T14:19:50.997650+05:30,2026-08-20T14:19:50.997650+05:30,,closed,manual,0,+919900966671,krishna.mukherjee420@outlook.com,,,,,,634.0,0.0
c0e22fd7-c36f-4cf2-9ff9-479bb4f2dc11,checkout_drop_off,pay_Xo1CVubXI8h2kj,order_5TutYJpAkMsW85,,,cust_UYAdOZEP1JWqfW,225900,INR,card,rupay,CHECKOUT_DROP_OFF,customer,checkout_funnel,preferred_bank_missing,Abandoned at payment_method_selected: preferred_bank_missing,soft,,0,3,2026-08-20T14:26:17.997650+05:30,2026-08-20T14:26:17.997650+05:30,,closed,payment_link,0,+918899891415,aanya.sharma368@rediffmail.com,,,,,payment_method_selected,2259.0,0.0
366ed1e0-b2ce-4273-b3c9-9333f85fe8ba,payment,pay_xMT4uRmYQmZ8Ql,order_RJeCZ4EbMZYmk8,,,cust_Wk1V1MTc3yAIOt,314700,INR,wallet,,BAD_REQUEST_ERROR,issuer_bank,payment_authorization,debit_instrument_blocked,Your card is blocked. Please contact your bank.,hard,,0,0,2026-08-20T14:33:30.997650+05:30,2026-08-20T14:33:30.997650+05:30,,closed,manual,0,+918899060947,isha.bose548@gmail.com,,,,,,3147.0,0.0
58d3d30d-d789-4bd1-89e3-6816b14bb1b4,checkout_drop_off,,order_onTRxVU3x7uY5B,,,cust_Z19De9oSIVThVQ,89200,INR,card,visa,CHECKOUT_DROP_OFF,customer,checkout_funnel,accidental_tab_close,Abandoned at cart_abandoned: accidental_tab_close,soft,,0,3,2026-08-20T14:45:29.997650+05:30,2026-08-20T14:45:29.997650+05:30,,closed,payment_link,0,+919988592118,shreya.sharma170@gmail.com,,,,,cart_abandoned,892.0,0.0
c8372098-2008-48d9-ae8c-984e68c08120,payment,pay_BeZczg7BIra7WC,order_wmLHLOE7lnEWKI,,,cust_ZczZwiMrAFsmQG,278600,INR,card,visa,BAD_REQUEST_ERROR,customer,payment_initiation,card_number_invalid,You have entered an incorrect card number. Try again.,hard,,0,0,2026-08-20T14:47:27.997650+05:30,2026-08-20T14:47:27.997650+05:30,,closed,manual,0,+919900020187,amit.pillai157@yahoo.co.in,,,,,,2786.0,0.0
c0bff1a8-3780-4491-b372-dc9ce9b98908,checkout_drop_off,pay_bCjhgRBy4ONu7p,order_YRRGmTYRqsdBUZ,,,cust_iGgLJvDoKAdZQg,209900,INR,upi,visa,CHECKOUT_DROP_OFF,customer,checkout_funnel,preferred_bank_missing,Abandoned at payment_method_selected: preferred_bank_missing,soft,,0,3,2026-08-20T15:06:32.997650+05:30,2026-08-20T15:06:32.997650+05:30,,closed,payment_link,0,+918899972080,vivaan.agarwal489@outlook.com,,,,,payment_method_selected,2099.0,0.0
7e5c0948-d9ad-44a3-a26f-b5b411555262,checkout_drop_off,pay_Mp3668ESwkqqkp,order_zwVbEuKZVf68jN,,,cust_FgWmaX6IIJ7R1Z,205600,INR,upi,visa,CHECKOUT_DROP_OFF,customer,checkout_funnel,preferred_bank_missing,Abandoned at payment_method_selected: preferred_bank_missing,soft,,0,3,2026-08-20T15:35:19.997650+05:30,2026-08-20T15:35:19.997650+05:30,,closed,payment_link,0,+919900006220,reyansh.mukherjee538@yahoo.co.in,,,,,payment_method_selected,2056.0,0.0
0b4a7fce-8ba9-47da-bf97-8cf600d8c3e3,checkout_drop_off,,order_SWQZ6O9TYNcvfF,,,cust_St4RjFUXcIV3NF,231000,INR,upi,visa,CHECKOUT_DROP_OFF,customer,checkout_funnel,accidental_tab_close,Abandoned at cart_abandoned: accidental_tab_close,soft,,0,3,2026-08-20T15:44:25.997650+05:30,2026-08-20T15:44:25.997650+05:30,,closed,payment_link,0,+918899202868,vihaan.singh627@yahoo.co.in,,,,,cart_abandoned,2310.0,0.0
b391370a-58df-462f-af9f-c225780b73d6,mandate,pay_rE763lsybDJZCc,order_SBXyiFxltUChs2,,token_yfnfzw5Fi9NUKZ,cust_8A33KGpJQUgYPx,47500,INR,upi,,BAD_REQUEST_ERROR,gateway,payment_authorization,insufficient_funds,Your payment could not be completed due to insufficient account balance.,soft,,2,3,2026-08-20T16:13:25.997650+05:30,2026-09-10T10:13:25.997650+05:30,,recovered,auto_retry,47500,+919876709586,kiara.shah922@outlook.com,,,,,,475.0,475.0
317919f0-4e7b-48c6-88ff-448b7ff51155,mandate,pay_Rr7lNrbeyyt177,order_PI7VtjZZ65NKx7,,token_4LC2L88OkAxAzb,cust_8KO4hlks7OqM1F,879700,INR,upi,,BAD_REQUEST_ERROR,gateway,payment_authorization,insufficient_funds,Your payment could not be completed due to insufficient account balance.,soft,,1,3,2026-08-20T16:17:15.997650+05:30,2026-09-10T10:17:15.997650+05:30,,recovered,auto_retry,879700,+917788429184,sanjay.mishra351@hotmail.com,,,,,,8797.0,8797.0
0dcd0a27-6b8a-4ae5-9e7a-fdf714f03859,checkout_drop_off,,order_pux6nxYINcPo4q,,,cust_EggqGf1OkE0IoH,169700,INR,upi,rupay,CHECKOUT_DROP_OFF,customer,checkout_funnel,window_shopping_exit,Abandoned at cart_abandoned: window_shopping_exit,soft,,0,3,2026-08-20T16:18:58.997650+05:30,2026-08-20T16:18:58.997650+05:30,,closed,payment_link,0,+919900958427,meera.mehta952@gmail.com,,,,,cart_abandoned,1697.0,0.0
042e897b-d0de-4049-ae02-37b9ae8d1724,mandate,pay_Rjp6GPDsVSwduE,order_ISkmY4oNZMTCDG,,token_fVUUSPfJOn9vhu,cust_OC4DQzLRXcH7H8,87800,INR,upi,,GATEWAY_ERROR,gateway,payment_authorization,gateway_technical_error,Payment did not go through due to a temporary issue.,technical,,1,3,2026-08-20T18:00:36.997650+05:30,2026-08-21T10:00:36.997650+05:30,,recovered,auto_retry,87800,+918899304833,kiara.nair827@hotmail.com,,,,,,878.0,878.0
9372567e-4835-479a-9688-4a48bb747eae,checkout_drop_off,,order_Peto6o0wCCntwH,,,cust_3ovZfSsgKUBRA6,192500,INR,card,rupay,CHECKOUT_DROP_OFF,customer,checkout_funnel,price_comparison_pause,Abandoned at cart_abandoned: price_comparison_pause,soft,,0,3,2026-08-20T18:05:27.997650+05:30,2026-08-20T18:05:27.997650+05:30,,closed,payment_link,0,+919900007927,nisha.yadav974@outlook.com,,,,,cart_abandoned,1925.0,0.0
b1f62a54-0c0a-4712-b91c-b29ab3a62e9e,payment,pay_1Wz1ZNq5M8DWjO,order_fBwn8DyVAUi3MS,,,cust_p8pG0tPMTxtR35,151000,INR,card,rupay,GATEWAY_ERROR,gateway,payment_authorization,gateway_technical_error,Payment did not go through due to a temporary issue.,technical,,2,3,2026-08-20T18:44:21.997650+05:30,2026-09-02T10:44:21.997650+05:30,,recovered,auto_retry,151000,+917766110291,neha.chauhan100@hotmail.com,,,,,,1510.0,1510.0
d34f32eb-9ccd-430b-8071-e3d30644f161,payment,pay_IXCLjKOAg3EuBa,order_A3GiPLD1iv58w4,,,cust_SOhg8DhhSg0L7C,191900,INR,card,mastercard,BAD_REQUEST_ERROR,gateway,payment_authorization,insufficient_funds,Your payment could not be completed due to insufficient account balance.,soft,,3,3,2026-08-20T19:11:51.997650+05:30,2026-09-03T15:11:51.997650+05:30,,escalated,voice,0,+919876276747,priya.patel240@hotmail.com,,,,,,1919.0,0.0
a76a7051-425c-4274-8953-1faa21948eae,payment,pay_5V68M7BKomZrkO,order_8fhF5fzCCKCiNY,,,cust_I1SSGUjdxCwcLp,3575800,INR,card,visa,BAD_REQUEST_ERROR,issuer_bank,card_enrollment_check,card_not_enrolled,Your card is not enabled for online payments.,hard,,0,0,2026-08-20T19:40:38.997650+05:30,2026-08-20T19:40:38.997650+05:30,,closed,manual,0,+919876785932,kavita.nair254@gmail.com,,,,,,35758.0,0.0
44ce088e-36a8-49c1-948d-68dbc033fc6c,payment,pay_u3AuYB5kGjaYbW,order_JLT3nzGcY8Jxeu,,,cust_4InXxWuljgODpd,3143600,INR,card,rupay,BAD_REQUEST_ERROR,customer,payment_initiation,card_number_invalid,You have entered an incorrect card number. Try again.,hard,,0,0,2026-08-20T20:11:38.997650+05:30,2026-08-20T20:11:38.997650+05:30,,closed,manual,0,+918899741518,kiara.thakur769@gmail.com,,,,,,31436.0,0.0
9f9d842a-520c-41ff-b347-f7ba767257fc,payment,pay_ZqrO5W9hm154rG,order_2P6aPEhJS7Rz66,,,cust_Iq3tpbL61BYQpD,194900,INR,upi,,GATEWAY_ERROR,issuer_bank,payment_authorization,bank_technical_error,Bank downtime. Please try again later.,technical,,4,3,2026-08-20T20:11:46.997650+05:30,2026-09-15T16:11:46.997650+05:30,,escalated,voice,0,+917788060446,nisha.patel18@yahoo.co.in,,,,,,1949.0,0.0
338d4489-ae70-4c50-92bb-0966f48429ad,mandate,pay_tQ0ZObxmmzYPeH,order_8wzGpzAZN4iv4t,,token_SptmT8XN7XM17Z,cust_8EzWxCLwlqI7oY,1470100,INR,emandate,,GATEWAY_ERROR,gateway,payment_authorization,gateway_technical_error,Payment did not go through due to a temporary issue.,technical,,1,3,2026-08-20T20:15:33.997650+05:30,2026-09-10T10:15:33.997650+05:30,,recovered,auto_retry,1470100,+919900432804,diya.mahanty179@gmail.com,,,,,,14701.0,14701.0
b4869aa3-5b4c-44b1-a8ad-58c20417a233,checkout_drop_off,,order_PqaqkJgGnAN1SK,,,cust_tHeXHexV0Hg3jP,134900,INR,card,visa,CHECKOUT_DROP_OFF,customer,checkout_funnel,price_comparison_pause,Abandoned at cart_abandoned: price_comparison_pause,soft,,0,3,2026-08-20T20:18:19.997650+05:30,2026-08-20T20:18:19.997650+05:30,,closed,payment_link,0,+918899343565,aditi.bose337@rediffmail.com,,,,,cart_abandoned,1349.0,0.0
def2fcd4-cd17-4c5f-a4aa-73ddc80f28bf,payment,pay_ILf1ruCM5Pdezg,order_YeJiKpeG4xLiso,,,cust_7Xaj2oHVW9CGds,809000,INR,upi,,BAD_REQUEST_ERROR,issuer_bank,payment_authorization,transaction_limit_exceeded,Maximum transaction limit exceeded for the day.,soft,,3,3,2026-08-20T20:42:55.997650+05:30,2026-09-03T14:42:55.997650+05:30,,escalated,voice,0,+919123762362,reyansh.ghosh534@yahoo.co.in,,,,,,8090.0,0.0
7d56b4a6-f060-4df0-8bfe-58255bd166e8,checkout_drop_off,pay_TITNWDLH7IIuTB,order_ORK8xpTfg1UsCY,,,cust_HnwnOVcvX9U5FI,194500,INR,upi,rupay,CHECKOUT_DROP_OFF,customer,checkout_funnel,otp_not_received,Abandoned at otp_abandoned: otp_not_received,soft,,0,3,2026-08-20T22:07:54.997650+05:30,2026-08-20T22:07:54.997650+05:30,,recovered,payment_link,194500,+919988346767,sanjay.patel737@outlook.com,,,,,otp_abandoned,1945.0,1945.0
d14d7ce4-ba7f-4b1c-a588-77900aa582e2,payment,pay_2tH9Vxf6M0XZ7z,order_YmKH3xy3XyukpL,,,cust_jQXYmM1LHly7F0,99000,INR,upi,,BAD_REQUEST_ERROR,gateway,payment_authorization,insufficient_funds,Your payment could not be completed due to insufficient account balance.,soft,,3,3,2026-08-20T22:38:31.997650+05:30,2026-09-09T15:38:31.997650+05:30,,escalated,voice,0,+919988459773,suresh.iyer387@rediffmail.com,,,,,,990.0,0.0
992356f4-256c-42ee-afec-113f2e9df435,payment,pay_MgbYawm8b2jOce,order_J0E0oUbe3Yk1Wh,,,cust_Vsy8YuvcjLmtIZ,56300,INR,wallet,,GATEWAY_ERROR,issuer_bank,payment_authorization,bank_technical_error,Bank downtime. Please try again later.,technical,,4,3,2026-08-20T22:47:41.997650+05:30,2026-09-12T12:47:41.997650+05:30,,escalated,voice,0,+919876600308,sai.agarwal599@outlook.com,,,,,,563.0,0.0
21f2b2e1-2ca3-4c8b-97a6-ccf013da9810,payment,pay_1RJomDRBBVkFGh,order_Zh0z0KBBkzC9FG,,,cust_x8Q7FlPjSPBNFI,45700,INR,netbanking,,BAD_REQUEST_ERROR,gateway,payment_authorization,insufficient_funds,Your payment could not be completed due to insufficient account balance.,soft,,3,3,2026-08-20T23:08:42.997650+05:30,2026-09-07T16:08:42.997650+05:30,,escalated,voice,0,+919876917089,nisha.gupta925@outlook.com,,,,,,457.0,0.0
d985b3f2-eb3c-4f34-8050-ef29fdc5cc35,payment,pay_Ru54RzJS1O2Zjl,order_35VkLfX4J7AYkD,,,cust_ZWVZWQEq3RZ9up,1404300,INR,upi,,BAD_REQUEST_ERROR,gateway,payment_authorization,insufficient_funds,Your payment could not be completed due to insufficient account balance.,soft,,3,3,2026-08-20T23:38:27.997650+05:30,2026-09-03T12:38:27.997650+05:30,,escalated,voice,0,+918899051391,aditya.joshi651@hotmail.com,,,,,,14043.0,0.0
5d3325fa-cd88-4d3b-9b60-8e9bc271265d,payment,pay_mlqvhpj8SUbtc3,order_2qfpit2hPxu3iR,,,cust_8xWE2ZhXGyVD6C,212400,INR,card,visa,GATEWAY_ERROR,gateway,payment_authorization,gateway_technical_error,Payment did not go through due to a temporary issue.,technical,,4,3,2026-08-20T23:49:38.997650+05:30,2026-09-08T13:49:38.997650+05:30,,escalated,voice,0,+917788057973,amit.singh21@gmail.com,,,,,,2124.0,0.0
e6c20b72-f081-4d27-8496-6e6454fcbcd5,payment,pay_PpJm51czRCmduH,order_Eb8tNJNxeQAVbL,,,cust_C0alOdbjhxyyTX,1245400,INR,card,rupay,BAD_REQUEST_ERROR,customer,payment_authentication,payment_timed_out,Your payment could not be completed due to a temporary issue. Try again later.,soft,,3,3,2026-08-20T23:50:25.997650+05:30,2026-09-14T10:17:00.997650+05:30,,recovered,voice,1245400,+919988421572,neha.mehta761@hotmail.com,,,,,,12454.0,12454.0
5ef821b6-c449-4e0d-a865-4ab953479d55,mandate,pay_EyshFnN6w3rB3U,order_fTlOv1vb4tHYXH,,token_nQlKUci1uw5sxc,cust_LLvX5gG60OKSt1,318700,INR,upi,,BAD_REQUEST_ERROR,gateway,payment_authorization,insufficient_funds,Your payment could not be completed due to insufficient account balance.,soft,,3,3,2026-08-21T04:12:45.997650+05:30,2026-09-07T15:12:45.997650+05:30,,escalated,voice,0,+919988884446,priya.das7@yahoo.co.in,,,,,,3187.0,0.0
0332f991-b913-487d-afed-1a9453dca07e,subscription,pay_d0htYQGsXzoYrt,order_pGNDMdQbAOmSg2,sub_0e3bJKEJGfdhLy,token_0Kssvnwui4EZ48,cust_SqXy8UQwd3Og5m,778100,INR,wallet,,BAD_REQUEST_ERROR,customer,payment_authentication,payment_cancelled,Your payment has been cancelled.,soft,halted,3,3,2026-08-21T05:01:10.997650+05:30,2026-09-07T14:01:10.997650+05:30,,escalated,voice,0,+919123164751,sai.reddy109@rediffmail.com,,,,,,7781.0,0.0
d14e9387-fac1-411b-a240-5d72eb4a675f,subscription,pay_X61VKYDY8DtS78,order_xIMFZ0DKhmm5RR,sub_8Btvh7zcKmbnEP,token_hdPCTkwt0BLTCz,cust_vbZfneHvIS1DgR,40900,INR,emandate,,GATEWAY_ERROR,gateway,payment_authentication,authentication_failed,Payment could not be completed due to incorrect OTP or verification details.,soft,active,2,3,2026-08-21T05:18:43.997650+05:30,2026-09-09T10:18:43.997650+05:30,,recovered,auto_retry,40900,+917766258847,krishna.mahanty34@rediffmail.com,,,,,,409.0,409.0
e1d92a3a-c80a-4115-bc09-6f4079ddd17c,subscription,pay_b723z1iMYk9tdr,order_a9zmR8NmMB8gOA,sub_aOTOyK2MWIKgUu,token_Jeh23EGdPlfZDf,cust_0TxyDguSKJVzJu,3616400,INR,card,rupay,GATEWAY_ERROR,gateway,payment_authorization,gateway_technical_error,Payment did not go through due to a temporary issue.,technical,active,2,3,2026-08-21T05:21:11.997650+05:30,2026-08-23T10:21:11.997650+05:30,,recovered,auto_retry,3616400,+919876811930,vivaan.mehta980@hotmail.com,,,,,,36164.0,36164.0
b2572793-b6c8-46f0-8fce-95d80c077486,subscription,pay_eDYUqkMGWi0bIt,order_VyqQSlHZMq2vh4,sub_N5qixxFMvzHCyR,token_eeFveNYb1Pbmdl,cust_qyTx5E4ePiqAxh,853600,INR,card,diners,BAD_REQUEST_ERROR,issuer_bank,payment_authorization,card_expired,Your card has expired. Please use another card.,hard,pending,0,0,2026-08-21T05:36:14.997650+05:30,2026-08-21T05:36:14.997650+05:30,,closed,manual,0,+919988260253,ayaan.bose816@yahoo.co.in,,,,,,8536.0,0.0
b9cb54c1-7556-4605-acde-d8a5b96781f8,mandate,pay_IergFa6s5Y7tS7,order_tjjKFvzarwKahe,,token_rZVRnFUrEffO8Z,cust_e8oxiMHPJoKzNM,125500,INR,upi,,BAD_REQUEST_ERROR,gateway,payment_authorization,insufficient_funds,Your payment could not be completed due to insufficient account balance.,soft,,3,3,2026-08-21T05:38:28.997650+05:30,2026-09-06T16:38:28.997650+05:30,,recovered,voice,125500,+919876972232,aditi.joshi64@gmail.com,,,,,,1255.0,1255.0
e3497170-45c0-43dd-b490-f905dc1e5a8b,mandate,pay_KeHcPVnCLdzbqC,order_6dI5ThYl2iOq9H,,token_sgnN95f5asl0pw,cust_wBYIPn6KKiZCe5,1014700,INR,upi,,GATEWAY_ERROR,gateway,payment_authorization,gateway_technical_error,Payment did not go through due to a temporary issue.,technical,,1,3,2026-08-21T05:41:26.997650+05:30,2026-09-02T10:41:26.997650+05:30,,recovered,auto_retry,1014700,+919900743260,vihaan.joshi101@rediffmail.com,,,,,,10147.0,10147.0
a714e48a-1bb5-402f-868a-25eba3852031,subscription,pay_5DoZjzWXUQz36r,order_mATwgeuSt0QrbN,sub_5zYlRgphMeCgfz,token_mJa9L0UuKFOdU7,cust_8ZXe2GdY6cJfd3,582000,INR,upi,,BAD_REQUEST_ERROR,gateway,payment_authorization,insufficient_funds,Your payment could not be completed due to insufficient account balance.,soft,halted,3,3,2026-08-21T05:52:35.997650+05:30,2026-09-04T14:52:35.997650+05:30,,escalated,voice,0,+919988505733,ayaan.chauhan28@hotmail.com,,,,,,5820.0,0.0
815a6fd7-b92c-47db-bf28-246f9ae99557,subscription,pay_B1uEO521W2InFt,order_IBb1eBE8jNz4kn,sub_4t7KnaTtrwzD8p,token_SuD2SIEy6ubJWS,cust_nvxaCbb7SsdK65,58500,INR,card,visa,GATEWAY_ERROR,gateway,payment_authentication,authentication_failed,Payment could not be completed due to incorrect OTP or verification details.,soft,active,3,3,2026-08-21T06:04:55.997650+05:30,2026-09-19T10:04:55.997650+05:30,,recovered,auto_retry,58500,+918899935722,aarav.sharma256@hotmail.com,,,,,,585.0,585.0
0708e2b0-62bd-43b6-b49f-07def361be52,subscription,pay_2FGM4hDp2BP6Hj,order_gtxmdx0MkGtDTh,sub_u8ToI8qmWDo7rc,token_k3be9d4ga9cmjy,cust_4K4PZee8Xzehzi,1314100,INR,card,mastercard,BAD_REQUEST_ERROR,issuer_bank,card_enrollment_check,card_not_enrolled,Your card is not enabled for online payments.,hard,pending,0,0,2026-08-21T06:11:57.997650+05:30,2026-08-21T06:11:57.997650+05:30,,closed,manual,0,+919900367072,rajesh.mukherjee121@outlook.com,,,,,,13141.0,0.0
e272b744-d8b0-46af-b480-71e3f27e6883,subscription,pay_KHBtg1vXtFFzvX,order_dfnsgP02bjvKLM,sub_qGuyqf2kPXwu40,token_l47DdceP9f6ws4,cust_59CFtRUzuS0glv,72700,INR,upi,,GATEWAY_ERROR,gateway,payment_authorization,gateway_technical_error,Payment did not go through due to a temporary issue.,technical,active,2,3,2026-08-21T06:14:21.997650+05:30,2026-09-06T10:14:21.997650+05:30,,recovered,auto_retry,72700,+919876225652,kiara.ghosh859@outlook.com,,,,,,727.0,727.0
9fdd7f13-0bd5-4ea8-bb11-7950783f8766,subscription,pay_OyJph5bQSYc4xr,order_lW9SheFtUHPTjH,sub_r3EknUintkt422,token_MeWMx3fKqHiqu0,cust_r410HDgg2C0Fjg,495200,INR,card,visa,BAD_REQUEST_ERROR,issuer_bank,payment_authorization,card_disabled_for_online_payments,Your card is disabled for online payments.,hard,pending,0,0,2026-08-21T06:21:34.997650+05:30,2026-08-21T06:21:34.997650+05:30,,closed,manual,0,+918877974745,aditya.singh967@yahoo.co.in,,,,,,4952.0,0.0
c9ccd1c7-9c39-4a14-88e1-e0fc93b6b5ee,subscription,pay_fUn2aA7cEDeFH3,order_bPNdBaJQA4jArt,sub_qBvQYRJcCu7SYp,token_ivDOKD0Dvi9IJ9,cust_fWdZ52p10QBOQp,496600,INR,card,visa,BAD_REQUEST_ERROR,customer,payment_initiation,card_number_invalid,You have entered an incorrect card number. Try again.,hard,pending,0,0,2026-08-21T06:27:50.997650+05:30,2026-08-21T06:27:50.997650+05:30,,closed,manual,0,+917766922090,aanya.yadav166@yahoo.co.in,,,,,,4966.0,0.0
1a4404ef-5a11-4aed-a847-be9469c3a724,mandate,pay_cObGvXIoauqb4n,order_6cIGigYsODDI42,,token_HZgvJqkIWbnuF3,cust_sndPLilDRi8FmP,161200,INR,wallet,,BAD_REQUEST_ERROR,issuer_bank,payment_authorization,debit_instrument_inactive,Your card is currently inactive.,technical,,1,3,2026-08-21T06:29:28.997650+05:30,2026-09-04T10:29:28.997650+05:30,,recovered,auto_retry,161200,+919123692934,kiara.reddy613@hotmail.com,,,,,,1612.0,1612.0
fdb3051a-f016-4e2b-af09-8537033ebf42,mandate,pay_ym0UR0DB3m0VWJ,order_5E80lLSdRuOkEL,,token_FTy8EjyJtozzmP,cust_46VCMCpU3GDerC,78000,INR,card,mastercard,BAD_REQUEST_ERROR,customer,payment_authentication,payment_timed_out,Your payment could not be completed due to a temporary issue. Try again later.,soft,,2,3,2026-08-21T06:29:39.997650+05:30,2026-08-25T10:29:39.997650+05:30,,recovered,auto_retry,78000,+919123581990,shreya.mishra86@gmail.com,,,,,,780.0,780.0
7ac724c1-780b-4db9-bf48-80878309988e,subscription,pay_I6TZMjPodhXqWN,order_MPeCfX0ZbZInfV,sub_eL9a90tgME5Pf0,token_quE35eZZbH5Gky,cust_9X4GrIu5QOxpof,32400,INR,card,rupay,GATEWAY_ERROR,gateway,payment_authorization,gateway_technical_error,Payment did not go through due to a temporary issue.,technical,halted,3,3,2026-08-21T07:06:45.997650+05:30,2026-09-08T14:06:45.997650+05:30,,escalated,voice,0,+918899860149,saanvi.shah442@hotmail.com,,,,,,324.0,0.0
c71a1414-be2f-4ddb-b8bc-3c21235cf57c,subscription,pay_hJk0hfvPcWu4G8,order_kpSYAKVy560Jgu,sub_W6ojKKhgYceRRk,token_zQNjbjrsL3POzV,cust_EiPyQlTVfN6wV8,995200,INR,upi,,BAD_REQUEST_ERROR,customer,payment_authentication,payment_cancelled,Your payment has been cancelled.,soft,active,1,3,2026-08-21T07:35:06.997650+05:30,2026-08-23T10:35:06.997650+05:30,,recovered,auto_retry,995200,+918899505920,isha.dey736@rediffmail.com,,,,,,9952.0,9952.0
0f1856f4-a966-47fa-97f5-9f723c033127,mandate,pay_shdmTwwAYx6yuu,order_CfeEWIpdtEbTOY,,token_BiYWLTgtSEc2p7,cust_BYVLXTEsbxZTq6,84000,INR,netbanking,,BAD_REQUEST_ERROR,gateway,payment_authorization,payment_failed,Payment was declined by the bank.,technical,,1,3,2026-08-21T07:53:30.997650+05:30,2026-08-24T10:53:30.997650+05:30,,recovered,auto_retry,84000,+917766344841,aarav.kumar378@hotmail.com,,,,,,840.0,840.0
cd3f1517-1539-41aa-a965-f03f07895e98,mandate,pay_SG0ECE8BQDPZuY,order_HvmSKVnWH3IwDo,,token_CEpHoUZB3ub78G,cust_KnKk9qIBgbriB6,424500,INR,wallet,,BAD_REQUEST_ERROR,gateway,payment_authorization,insufficient_funds,Your payment could not be completed due to insufficient account balance.,soft,,2,3,2026-08-21T07:59:16.997650+05:30,2026-09-04T10:59:16.997650+05:30,,recovered,auto_retry,424500,+918877891918,meera.das707@outlook.com,,,,,,4245.0,4245.0
399eadbd-8aec-4cd1-8c7c-1dc873aa5197,subscription,pay_fgYPQIIdSmfeH1,order_bQ2WkrWypQ7oMj,sub_RV4S1VBPxhcDcO,token_bxsVMVdVH1QoLR,cust_LhTIHn2w47OVqa,167300,INR,upi,,BAD_REQUEST_ERROR,issuer_bank,payment_authorization,card_expired,Your card has expired. Please use another card.,hard,pending,0,0,2026-08-21T08:05:46.997650+05:30,2026-08-21T08:05:46.997650+05:30,,closed,manual,0,+917788452412,shreya.bose957@gmail.com,,,,,,1673.0,0.0
0e0f932b-c6c4-41bc-9ebd-0b88152f0255,subscription,pay_jOB4lBFCRfQTB0,order_XnLT91o360KqEh,sub_WoEGeD8syQ4kak,token_rsAMaKnPuyIPuM,cust_VVFAXdkjoBEScr,434800,INR,card,mastercard,BAD_REQUEST_ERROR,gateway,payment_authorization,insufficient_funds,Your payment could not be completed due to insufficient account balance.,soft,active,3,3,2026-08-21T08:13:53.997650+05:30,2026-09-08T03:13:53.997650+05:30,,recovered,sms,434800,+918899638163,deepak.bose693@rediffmail.com,,,,,,4348.0,4348.0
856c4dc6-41e7-4e3e-921f-b258aa5275a0,checkout_drop_off,pay_VGVQ5RKumjejYC,order_XPCQL77zsQUCJv,,,cust_KCmOEuRdDNBEWb,197900,INR,card,visa,CHECKOUT_DROP_OFF,customer,checkout_funnel,saved_card_unavailable,Abandoned at payment_method_selected: saved_card_unavailable,soft,,0,3,2026-08-21T09:02:31.997650+05:30,2026-08-21T09:02:31.997650+05:30,,closed,payment_link,0,+917766300392,arjun.thakur99@hotmail.com,,,,,payment_method_selected,1979.0,0.0
d2af6165-76fa-462e-a715-4d6e759dca44,mandate,pay_3QPoxviXG6s42y,order_dSSnUtgI09p7se,,token_LBAsy7n4g2vEsg,cust_MhgJP2e5J585Tm,488000,INR,card,mastercard,BAD_REQUEST_ERROR,customer,payment_authentication,payment_timed_out,Your payment could not be completed due to a temporary issue. Try again later.,soft,,3,3,2026-08-21T09:10:51.997650+05:30,2026-09-09T12:10:51.997650+05:30,,escalated,voice,0,+919988919411,amit.mahanty413@rediffmail.com,,,,,,4880.0,0.0
34850632-9f60-4fea-831d-be74217bd363,mandate,pay_8dbm7qzmbirJKQ,order_gi6dOU4D2PjTjV,,token_zVCnUGbzFOcgCC,cust_DvgDlJqH5a4Md0,584000,INR,netbanking,,BAD_REQUEST_ERROR,gateway,payment_authorization,insufficient_funds,Your payment could not be completed due to insufficient account balance.,soft,,3,3,2026-08-21T10:10:22.997650+05:30,2026-09-15T10:10:22.997650+05:30,,recovered,auto_retry,584000,+919876163354,rohan.patel84@hotmail.com,,,,,,5840.0,5840.0
57abbb4c-c362-4c96-aa9c-d8279f17bede,checkout_drop_off,,order_Xuws7pXo9wuJJe,,,cust_t7xvZOrRgfXDu4,362200,INR,card,rupay,CHECKOUT_DROP_OFF,customer,checkout_funnel,unexpected_shipping_fees,Abandoned at address_submitted: unexpected_shipping_fees,soft,,0,3,2026-08-21T10:11:31.997650+05:30,2026-08-21T10:11:31.997650+05:30,,recovered,payment_link,362200,+918899766172,neha.verma185@gmail.com,,,,,address_submitted,3622.0,3622.0
1eabcf42-82c7-4828-aa99-d8462fb9be0c,subscription,pay_reaAmpLvlzhBe7,order_QBvJifo9vOU6Rg,sub_aCzaFAMzxfw0MI,token_h7qCDdtYqLDs0w,cust_WP7ESEvb9W9zf1,1309200,INR,upi,,BAD_REQUEST_ERROR,customer,payment_initiation,card_number_invalid,You have entered an incorrect card number. Try again.,hard,pending,0,0,2026-08-21T10:21:13.997650+05:30,2026-08-21T10:21:13.997650+05:30,,closed,manual,0,+917766587766,ayaan.mahanty910@yahoo.co.in,,,,,,13092.0,0.0
12eaf7f3-08c8-4f28-8638-5271d550544b,subscription,pay_1qurkn3dVQfiqH,order_WDUgXx7zdJXOHQ,sub_Ph9jS6J6f7pJV4,token_EmTbCDzfoaXPlL,cust_k8WpEvKxNRZ2YI,149100,INR,card,visa,BAD_REQUEST_ERROR,gateway,payment_authorization,insufficient_funds,Your payment could not be completed due to insufficient account balance.,soft,halted,3,3,2026-08-21T11:09:37.997650+05:30,2026-09-14T14:09:37.997650+05:30,,escalated,voice,0,+917766272587,suresh.reddy369@hotmail.com,,,,,,1491.0,0.0
404332d4-a6ad-4a96-b8c2-3c9f288d8bdd,b2b_receivable,,order_HMX98oDuwUMVdd,,,cust_kNafQ5tiggeGna,61300000,INR,netbanking,,INVOICE_PAYMENT_OVERDUE,corporate_buyer,accounts_payable_settlement,invoice_overdue_16_30_days,Corporate invoice overdue by 29 days (16_30_days).,soft,,0,3,2026-08-21T11:29:45.997650+05:30,2026-08-21T11:29:45.997650+05:30,,recovered,email,61300000,+919123808033,ap@bharat.com,inv_ddh5GeuSMOrDM6,Bharat Infra Projects Ltd,24CDECA7962Q9ZX,16_30_days,,613000.0,613000.0
eefee503-32b1-400c-853a-3638aa826c8b,subscription,pay_LsaX3Yk0HKDP4E,order_hU88erWY6oVOTd,sub_hEjSx8WP5guZhK,token_OSOKwg58cw1hUb,cust_rhOfk7nfqGKWAb,1391300,INR,card,visa,GATEWAY_ERROR,gateway,payment_authentication,authentication_failed,Payment could not be completed due to incorrect OTP or verification details.,soft,active,3,3,2026-08-21T11:41:11.997650+05:30,2026-09-05T12:41:11.997650+05:30,,recovered,sms,1391300,+919123275814,meera.mahanty114@hotmail.com,,,,,,13913.0,13913.0
5b5e27fc-ac7f-40b1-8200-cf306faa024c,mandate,pay_Zcx85PRmDlzRh0,order_Dwb9zrercNItho,,token_FhjKuQPQliBM2X,cust_2BZ7Cn3kxh5EzU,17900,INR,upi,,BAD_REQUEST_ERROR,issuer_bank,card_enrollment_check,card_not_enrolled,Your card is not enabled for online payments.,hard,,0,0,2026-08-21T11:42:18.997650+05:30,2026-08-21T11:42:18.997650+05:30,,closed,manual,0,+918877991803,pooja.mehta231@gmail.com,,,,,,179.0,0.0
872a1958-a546-40d7-abaf-6f736a1f7e22,mandate,pay_rNyVTL6lBc2p6Y,order_qbnSgv2iOTg0T1,,token_WLUsCS4YFRNDUq,cust_u5YYTYmVXeHfPa,929300,INR,card,mastercard,BAD_REQUEST_ERROR,customer,payment_authentication,payment_cancelled,Your payment has been cancelled.,soft,,3,3,2026-08-21T11:58:43.997650+05:30,2026-09-08T12:58:43.997650+05:30,,escalated,voice,0,+917788432131,diya.agarwal412@outlook.com,,,,,,9293.0,0.0
861f6610-558b-415a-a903-89e431a6f2bb,checkout_drop_off,,order_hLimRzjnPGU1vN,,,cust_2cUqtylIqycmyg,279400,INR,upi,rupay,CHECKOUT_DROP_OFF,customer,checkout_funnel,price_comparison_pause,Abandoned at cart_abandoned: price_comparison_pause,soft,,0,3,2026-08-21T12:58:34.997650+05:30,2026-08-21T12:58:34.997650+05:30,,recovered,payment_link,279400,+919123248914,vihaan.nair20@yahoo.co.in,,,,,cart_abandoned,2794.0,2794.0
644a90b8-8c61-4ac2-8740-14895e05c3a1,b2b_receivable,,order_IVQL9ECEyhYyVg,,,cust_Z2s2OVF7Wz3Oli,11000000,INR,netbanking,,INVOICE_PAYMENT_OVERDUE,corporate_buyer,accounts_payable_settlement,invoice_overdue_current,Corporate invoice overdue by 0 days (current).,soft,,0,3,2026-08-21T13:32:45.997650+05:30,2026-08-21T13:32:45.997650+05:30,,recovered,email,11000000,+919876867619,ap@hyperion.com,inv_YeS8I1qjtcJxFz,Hyperion Telecom Services LLP,29DCDDB6140B7ZL,current,,110000.0,110000.0
b72d53b3-2ef7-4696-940b-c10245220b19,mandate,pay_XWUPZ67Mv002BV,order_lSNwYth6AYDZGH,,token_46QJmenJyg2RkC,cust_bAn6leLPUkse7H,520800,INR,upi,,GATEWAY_ERROR,gateway,payment_authentication,authentication_failed,Payment could not be completed due to incorrect OTP or verification details.,soft,,3,3,2026-08-21T13:34:42.997650+05:30,2026-09-07T13:34:42.997650+05:30,,escalated,voice,0,+919988342500,vivaan.dey301@outlook.com,,,,,,5208.0,0.0
6438de93-3409-4b63-b544-920408eff19a,mandate,pay_xz5wq46VCjWwke,order_Ybnyyg00948Pcx,,token_AD6LGlTD3Hzlxl,cust_D79aq5wuTMGO9U,97300,INR,upi,,BAD_REQUEST_ERROR,gateway,payment_authorization,insufficient_funds,Your payment could not be completed due to insufficient account balance.,soft,,3,3,2026-08-21T13:47:55.997650+05:30,2026-09-07T14:47:55.997650+05:30,,escalated,voice,0,+918877668057,deepak.roy922@outlook.com,,,,,,973.0,0.0
b150b7c8-c746-4fc1-8d5f-49c6b71bf880,payment,pay_D3AFOOTZTYLbiz,order_uYrVaf1PZcCJ44,,,cust_N6hQOby7NtzMnK,841300,INR,card,mastercard,BAD_REQUEST_ERROR,gateway,payment_authorization,insufficient_funds,Your payment could not be completed due to insufficient account balance.,soft,,1,3,2026-08-21T13:52:01.997650+05:30,2026-08-29T10:52:01.997650+05:30,,recovered,auto_retry,841300,+919900899936,kiara.singh466@gmail.com,,,,,,8413.0,8413.0
07c88b0f-80a2-4537-a293-34a58d44092e,subscription,pay_8jLoGkzca3c8fg,order_n2cLymGljmrrbQ,sub_sMpNVZauB38QSJ,token_tICsvUaosb8uTz,cust_o95jSXW6IwvXqb,73600,INR,netbanking,,GATEWAY_ERROR,gateway,payment_authentication,authentication_failed,Payment could not be completed due to incorrect OTP or verification details.,soft,active,1,3,2026-08-21T13:52:51.997650+05:30,2026-09-09T10:52:51.997650+05:30,,recovered,auto_retry,73600,+918877445878,vikram.banerjee150@hotmail.com,,,,,,736.0,736.0
c0e4ae2a-e720-42a4-b41e-03bb2bc51ca6,payment,pay_isx4rZxBLpHmm9,order_2ypb2sorAOh8X4,,,cust_s10G36OyOxSAWh,394100,INR,upi,,BAD_REQUEST_ERROR,gateway,payment_authorization,payment_failed,Payment was declined by the bank.,technical,,4,3,2026-08-21T13:55:53.997650+05:30,2026-09-12T16:55:53.997650+05:30,,escalated,voice,0,+918899052843,aanya.iyer307@gmail.com,,,,,,3941.0,0.0
606ae224-849d-4931-b9f3-9e5e7a6be0dd,checkout_drop_off,,order_4fUOZCcKHUpbK3,,,cust_lZx1MFxv5ezNJz,441200,INR,upi,rupay,CHECKOUT_DROP_OFF,customer,checkout_funnel,unexpected_shipping_fees,Abandoned at address_submitted: unexpected_shipping_fees,soft,,0,3,2026-08-21T13:56:24.997650+05:30,2026-08-21T13:56:24.997650+05:30,,recovered,payment_link,441200,+919123268408,pooja.banerjee92@gmail.com,,,,,address_submitted,4412.0,4412.0
cf44461d-940b-4033-afcb-7c818c32005f,checkout_drop_off,pay_r8EsqdXH9aJh3v,order_2GGdZiRa7EaE8y,,,cust_T1TzPYu31m2xDH,92500,INR,card,visa,CHECKOUT_DROP_OFF,customer,checkout_funnel,upi_intent_app_switch_failed,Abandoned at payment_method_selected: upi_intent_app_switch_failed,soft,,0,3,2026-08-21T15:11:47.997650+05:30,2026-08-21T15:11:47.997650+05:30,,closed,payment_link,0,+919123157508,pooja.roy59@hotmail.com,,,,,payment_method_selected,925.0,0.0
3a23a5ba-2dc1-4fcd-a517-237e7dd10c98,b2b_receivable,,order_fcxsi4A8e2E7kY,,,cust_1KOnr6GTe2IRyU,6600000,INR,netbanking,,INVOICE_PAYMENT_OVERDUE,corporate_buyer,accounts_payable_settlement,invoice_overdue_16_30_days,Corporate invoice overdue by 27 days (16_30_days).,soft,,0,3,2026-08-21T15:57:57.997650+05:30,2026-08-21T15:57:57.997650+05:30,,closed,email,0,+917766074848,ap@starlight.com,inv_JDHa0gvl4GsA1P,Starlight Manufacturing Corp,24BDCAB7487R7Z6,16_30_days,,66000.0,0.0
5803419a-7674-49e9-aae0-f20555af0421,payment,pay_ZV7GybR8AOO9fG,order_NFEUF8hozv8bV3,,,cust_etdevJzNh3oHJ4,1046200,INR,card,mastercard,BAD_REQUEST_ERROR,issuer_bank,payment_authorization,card_disabled_for_online_payments,Your card is disabled for online payments.,hard,,0,0,2026-08-21T16:15:03.997650+05:30,2026-08-21T16:15:03.997650+05:30,,closed,manual,0,+919900118680,sanjay.singh28@gmail.com,,,,,,10462.0,0.0
a505a46a-000d-414a-b7f5-23c325c791c8,payment,pay_6psxGH579ppIB6,order_LXVa4nclcCSp7e,,,cust_RrKvhMJNBBhMOP,416200,INR,upi,,BAD_REQUEST_ERROR,customer,payment_authentication,payment_timed_out,Your payment could not be completed due to a temporary issue. Try again later.,soft,,3,3,2026-08-21T16:17:09.997650+05:30,2026-09-08T12:17:09.997650+05:30,,escalated,voice,0,+918877467197,vikram.roy702@hotmail.com,,,,,,4162.0,0.0
9a895753-6b46-43c5-97ec-a2c049010dc0,payment,pay_DceSOGkvkLsWgV,order_inRyamFFtUhaev,,,cust_Osb1gXfAdhld1e,304700,INR,upi,,BAD_REQUEST_ERROR,customer,payment_authentication,payment_timed_out,Your payment could not be completed due to a temporary issue. Try again later.,soft,,3,3,2026-08-21T16:57:29.997650+05:30,2026-09-10T14:57:29.997650+05:30,,recovered,sms,304700,+918877588706,diya.mukherjee914@outlook.com,,,,,,3047.0,3047.0
19b47467-cd25-4553-98cb-700fe7a32357,b2b_receivable,,order_wmeZL0ESLRC8zz,,,cust_MwxksoRFYLkuvl,5900000,INR,netbanking,,INVOICE_PAYMENT_OVERDUE,corporate_buyer,accounts_payable_settlement,invoice_overdue_1_15_days,Corporate invoice overdue by 4 days (1_15_days).,soft,,0,3,2026-08-21T17:11:23.997650+05:30,2026-08-21T17:11:23.997650+05:30,,recovered,email,5900000,+918877868938,ap@starlight.com,inv_CcsgnHgnVU4YDE,Starlight Manufacturing Corp,19ABECE7260M9ZH,1_15_days,,59000.0,59000.0
131c1204-a735-45ce-8d1b-ebe9bce369fa,mandate,pay_JHSCQt7IywDc7X,order_FBGej2TSu9BJjX,,token_2q5hcGP97wZ421,cust_n6DCs2hee3L0LO,1807200,INR,upi,,BAD_REQUEST_ERROR,customer,payment_authentication,payment_cancelled,Your payment has been cancelled.,soft,,3,3,2026-08-21T17:28:39.997650+05:30,2026-08-29T07:28:39.997650+05:30,,recovered,sms,1807200,+919988289953,pooja.shah737@hotmail.com,,,,,,18072.0,18072.0
539e18c3-3b72-4424-96fb-fd853939108c,checkout_drop_off,,order_KWIUiR5XJGNkFr,,,cust_DLbUqgbkXCSo0F,599500,INR,upi,rupay,CHECKOUT_DROP_OFF,customer,checkout_funnel,address_form_friction,Abandoned at address_submitted: address_form_friction,soft,,0,3,2026-08-21T17:30:33.997650+05:30,2026-08-21T17:30:33.997650+05:30,,closed,payment_link,0,+918899149757,rohan.mahanty157@hotmail.com,,,,,address_submitted,5995.0,0.0
502bc4df-8827-4be7-8cf2-97042f048bf2,payment,pay_TC09Coh2Ww86wh,order_AnFOyNOF2phRNY,,,cust_YPlCQPQRBre5Zy,84400,INR,emandate,,BAD_REQUEST_ERROR,customer,payment_initiation,incorrect_cvv,Incorrect CVV entered.,soft,,3,3,2026-08-21T18:32:41.997650+05:30,2026-08-28T21:32:41.997650+05:30,,recovered,sms,84400,+919900970422,rajesh.nair165@gmail.com,,,,,,844.0,844.0
c2f57401-62e3-406b-a08a-1af9706ce27c,payment,pay_Joug9xTr0iXPso,order_HkZxHZ26WyEmZS,,,cust_rDWFShlhhP6gFB,1270000,INR,upi,,BAD_REQUEST_ERROR,gateway,payment_authorization,payment_failed,Payment was declined by the bank.,technical,,2,3,2026-08-21T19:21:43.997650+05:30,2026-09-01T10:21:43.997650+05:30,,recovered,auto_retry,1270000,+917766911192,rajesh.roy673@rediffmail.com,,,,,,12700.0,12700.0
c51add0f-7460-4373-bc4b-6e615290c8b5,payment,pay_0TKfQ3438sbi2k,order_mCFUfi8CpuG7G4,,,cust_4gYydvJLQmVWSe,389000,INR,upi,,GATEWAY_ERROR,gateway,payment_authentication,authentication_failed,Payment could not be completed due to incorrect OTP or verification details.,soft,,3,3,2026-08-21T19:57:17.997650+05:30,2026-09-18T16:57:17.997650+05:30,,escalated,voice,0,+919876149542,aditya.ghosh474@rediffmail.com,,,,,,3890.0,0.0
04623a87-f99d-4978-ae70-bd3a4363d26f,subscription,pay_6UxMxMxow3M9d8,order_wCJiJr5kEfNmQQ,sub_bBqWSn5NGui7Hj,token_Zg0RtZzaP0RMC0,cust_WdDXs9ScUAP1RP,192600,INR,netbanking,,GATEWAY_ERROR,gateway,payment_authentication,authentication_failed,Payment could not be completed due to incorrect OTP or verification details.,soft,halted,3,3,2026-08-21T20:34:13.997650+05:30,2026-09-03T11:34:13.997650+05:30,,escalated,voice,0,+919123063441,rahul.gupta544@yahoo.co.in,,,,,,1926.0,0.0
4a2fb231-c2ea-4754-925b-2a5e14b81367,checkout_drop_off,,order_gCytg6VMPhsVd4,,,cust_brJBN7aLewFYvb,333500,INR,card,rupay,CHECKOUT_DROP_OFF,customer,checkout_funnel,accidental_tab_close,Abandoned at cart_abandoned: accidental_tab_close,soft,,0,3,2026-08-21T21:22:59.997650+05:30,2026-08-21T21:22:59.997650+05:30,,closed,payment_link,0,+919900979815,saanvi.roy868@yahoo.co.in,,,,,cart_abandoned,3335.0,0.0
41ac8156-7b98-47c6-bced-56d2cece5037,payment,pay_yp5meUdGllnidY,order_MDxuzQMF07Gmsf,,,cust_VFDWDfZ2HUkoWO,248200,INR,emandate,,BAD_REQUEST_ERROR,customer,payment_authentication,payment_timed_out,Your payment could not be completed due to a temporary issue. Try again later.,soft,,3,3,2026-08-21T21:51:32.997650+05:30,2026-09-03T15:51:32.997650+05:30,,escalated,voice,0,+919900676650,neha.mehta690@rediffmail.com,,,,,,2482.0,0.0
b2207b2f-9bc8-473a-bd58-f1964f87af67,payment,pay_ciHivdUHZ3mLGu,order_SQIGsu6MDRXOJV,,,cust_rX7HBBEu6onJDr,926500,INR,upi,,BAD_REQUEST_ERROR,customer,payment_authentication,payment_timed_out,Your payment could not be completed due to a temporary issue. Try again later.,soft,,3,3,2026-08-21T22:54:15.997650+05:30,2026-08-28T15:54:15.997650+05:30,,escalated,voice,0,+919876141716,aadhya.gupta495@outlook.com,,,,,,9265.0,0.0
70a38677-8a49-4cf0-b91a-3d3903372d57,checkout_drop_off,pay_nEsdkOJlGKBXCq,order_D5buOeqQwo6HrJ,,,cust_eFH2hPcwIWF2y8,136800,INR,upi,rupay,CHECKOUT_DROP_OFF,customer,checkout_funnel,preferred_bank_missing,Abandoned at payment_method_selected: preferred_bank_missing,soft,,0,3,2026-08-21T23:11:59.997650+05:30,2026-08-21T23:11:59.997650+05:30,,recovered,payment_link,136800,+919876117183,diya.kumar526@outlook.com,,,,,payment_method_selected,1368.0,1368.0
cbf0dcdb-f131-4c0c-9202-38c2eaa0dad2,mandate,pay_HTp73uwvI9tFIj,order_wojtYQZV4zg84F,,token_Y6kY4GIKuJUjkK,cust_LHUzUNKwmhY4h4,784200,INR,upi,,BAD_REQUEST_ERROR,customer,payment_authentication,payment_cancelled,Your payment has been cancelled.,soft,,2,3,2026-08-22T04:03:36.997650+05:30,2026-08-24T10:03:36.997650+05:30,,recovered,auto_retry,784200,+917766391034,ishaan.iyer929@gmail.com,,,,,,7842.0,7842.0
abc55a2b-1c75-4022-8bd8-e819cbacb591,mandate,pay_470Kb9hnl42sfc,order_vMmLB3lhE3Br9z,,token_1c9egz39ighqN0,cust_dE6gU6eHTLgS8S,1466000,INR,card,mastercard,BAD_REQUEST_ERROR,customer,payment_authentication,payment_cancelled,Your payment has been cancelled.,soft,,1,3,2026-08-22T04:54:22.997650+05:30,2026-09-01T10:54:22.997650+05:30,,recovered,auto_retry,1466000,+917788210264,vikram.banerjee594@yahoo.co.in,,,,,,14660.0,14660.0
3f14fc6b-f222-414e-81c8-c7609a5d6893,subscription,pay_KmotiIzoRmRlDO,order_UwIng2jPDIpM3s,sub_NcbY5FUi0Etuqh,token_GCWutxAmcSr2aX,cust_EOW7i73JOGREb0,3063700,INR,card,mastercard,GATEWAY_ERROR,issuer_bank,payment_authorization,bank_technical_error,Bank downtime. Please try again later.,technical,halted,3,3,2026-08-22T04:59:21.997650+05:30,2026-09-15T11:59:21.997650+05:30,,escalated,voice,0,+917788560455,sanjay.iyer621@yahoo.co.in,,,,,,30637.0,0.0
afb96d6b-4286-42e7-908e-00a52ae11783,subscription,pay_y5gYk52kBoP8mh,order_GjVB1zEuz24kww,sub_4cxpPGAU3PLo17,token_vPQNjaC2YKRo8B,cust_gz1T6g3w1BBNV4,255800,INR,card,diners,BAD_REQUEST_ERROR,gateway,payment_authorization,insufficient_funds,Your payment could not be completed due to insufficient account balance.,soft,active,1,3,2026-08-22T06:02:42.997650+05:30,2026-09-01T10:02:42.997650+05:30,,recovered,auto_retry,255800,+918899515306,rohan.banerjee199@yahoo.co.in,,,,,,2558.0,2558.0
97407551-b612-428f-a01c-0e3c69753b73,mandate,pay_xaoWsFO0TBYSeg,order_Ipe5gAgICRtvKS,,token_uPmcdQ3pt9EAfE,cust_dON5lE6wOAXlKE,765300,INR,card,mastercard,GATEWAY_ERROR,gateway,payment_authentication,authentication_failed,Payment could not be completed due to incorrect OTP or verification details.,soft,,3,3,2026-08-22T06:02:59.997650+05:30,2026-09-08T11:02:59.997650+05:30,,escalated,voice,0,+919123787571,aditya.shah892@gmail.com,,,,,,7653.0,0.0
7246eec8-1183-4f16-aecf-7d2cd097d961,subscription,pay_Pag4NBxSZItno9,order_N9VlruRfj85h9T,sub_bnikSrRxitCCT6,token_LuatVJxJ1bNHOt,cust_ouviJxGs6TYM4G,1348500,INR,card,mastercard,GATEWAY_ERROR,gateway,payment_authentication,authentication_failed,Payment could not be completed due to incorrect OTP or verification details.,soft,active,1,3,2026-08-22T06:10:17.997650+05:30,2026-09-04T10:10:17.997650+05:30,,recovered,auto_retry,1348500,+918877204763,amit.mahanty282@hotmail.com,,,,,,13485.0,13485.0
ca135472-3142-47fd-be20-c02c4ae05b8c,mandate,pay_rIQw5mhjoNt7qq,order_BdJ6S44qbIxYig,,token_sUYs7OoQN2vDq2,cust_fvreS5RfVu7fEL,69400,INR,emandate,,BAD_REQUEST_ERROR,customer,payment_initiation,incorrect_cvv,Incorrect CVV entered.,soft,,1,3,2026-08-22T06:12:43.997650+05:30,2026-08-29T10:12:43.997650+05:30,,recovered,auto_retry,69400,+917788671071,kiara.patel816@hotmail.com,,,,,,694.0,694.0
74ab4e71-41aa-4a9f-be1b-ca7a451f9e50,subscription,pay_CUxYZywGBTJBVb,order_PAJX0kAFtWwVLj,sub_AgkJYfsx4ys5Rr,token_KFjGr0qsLvRLFy,cust_pI5d8157oU9e4H,21800,INR,upi,,BAD_REQUEST_ERROR,customer,payment_initiation,incorrect_cvv,Incorrect CVV entered.,soft,active,2,3,2026-08-22T07:29:37.997650+05:30,2026-08-31T10:29:37.997650+05:30,,recovered,auto_retry,21800,+919123844892,kavita.thakur872@gmail.com,,,,,,218.0,218.0
36a91f70-041c-4600-9469-fa54c46994a8,subscription,pay_1qqvgEys4cXdvS,order_nHXEnYmxiMSVOB,sub_q9amtcYAoSUY9q,token_cotmKFrnnIRC0u,cust_zgNniAztNG45SU,59600,INR,card,mastercard,GATEWAY_ERROR,gateway,payment_authentication,authentication_failed,Payment could not be completed due to incorrect OTP or verification details.,soft,halted,3,3,2026-08-22T09:07:33.997650+05:30,2026-08-27T16:07:33.997650+05:30,,escalated,voice,0,+919900991343,amit.mishra288@outlook.com,,,,,,596.0,0.0
6bcdf717-2aaa-44b3-a6c0-2313555b7e02,subscription,pay_u9pmW9TWmIfLaH,order_fznZQwTwa30p1t,sub_vB9FuXlGFXeg9Z,token_TinO6dDe9x3zpV,cust_Zv99eUd2PBWOvR,84500,INR,upi,,BAD_REQUEST_ERROR,customer,payment_initiation,incorrect_cvv,Incorrect CVV entered.,soft,halted,3,3,2026-08-22T09:16:14.997650+05:30,2026-09-07T13:16:14.997650+05:30,,escalated,voice,0,+917788239921,aditya.verma315@outlook.com,,,,,,845.0,0.0
6d3df25b-eb31-43bf-832d-f46a15f9f778,checkout_drop_off,pay_3D45wVALItRZKE,order_fQOOj00L6HlhoN,,,cust_RcVZSfEXCunnuh,184400,INR,upi,visa,CHECKOUT_DROP_OFF,customer,checkout_funnel,saved_card_unavailable,Abandoned at payment_method_selected: saved_card_unavailable,soft,,0,3,2026-08-22T10:16:50.997650+05:30,2026-08-22T10:16:50.997650+05:30,,closed,payment_link,0,+918899886445,vivaan.iyer583@rediffmail.com,,,,,payment_method_selected,1844.0,0.0
1a4237fa-7b32-438e-9fad-cb2186adc1fb,subscription,pay_P2xWb5CTbf9dbo,order_WCZj8uIcg9RZ8l,sub_j0hidT0jkRhtg9,token_hOMQUc9yrjEnJ8,cust_hG5gm52AaQtkkp,36400,INR,card,rupay,BAD_REQUEST_ERROR,issuer_bank,payment_authorization,card_disabled_for_online_payments,Your card is disabled for online payments.,hard,pending,0,0,2026-08-22T10:25:37.997650+05:30,2026-08-22T10:25:37.997650+05:30,,closed,manual,0,+918899129837,aarav.dey834@gmail.com,,,,,,364.0,0.0
c024d6ba-7032-41f0-8536-c238aa43a817,subscription,pay_ATQwUZlEaW3bvD,order_0bc8ANo69k52f4,sub_FxbvqRhOK4TXbv,token_uwKE4IkGtJmBb3,cust_qtR1yq7LxCZ3uF,432600,INR,upi,,BAD_REQUEST_ERROR,customer,payment_authentication,payment_cancelled,Your payment has been cancelled.,soft,active,3,3,2026-08-22T10:54:48.997650+05:30,2026-09-16T02:54:48.997650+05:30,,recovered,sms,432600,+919900379758,kiara.sharma209@rediffmail.com,,,,,,4326.0,4326.0
c0fb3683-0024-4cd3-a5a2-6228e2ec30b0,subscription,pay_c3lQ733L240KQW,order_akdbmy6fDqRcXH,sub_c4t3nVHxBmeorM,token_jmZvsoL9eU3nU3,cust_e6uMvMqef53EtL,202700,INR,wallet,,GATEWAY_ERROR,gateway,payment_authorization,gateway_technical_error,Payment did not go through due to a temporary issue.,technical,active,1,3,2026-08-22T11:05:36.997650+05:30,2026-08-23T10:05:36.997650+05:30,,recovered,auto_retry,202700,+919876908660,ishaan.singh355@gmail.com,,,,,,2027.0,2027.0
1b83f944-97de-406e-8398-424388f784b9,mandate,pay_dUcejCEXUMCvH8,order_HORuSPjTWJR7Al,,token_mQmU6Fkv5TJePJ,cust_aYdEvY5y8dcWQ3,34400,INR,card,visa,BAD_REQUEST_ERROR,gateway,payment_authorization,insufficient_funds,Your payment could not be completed due to insufficient account balance.,soft,,3,3,2026-08-22T11:28:06.997650+05:30,2026-09-08T11:28:06.997650+05:30,,escalated,voice,0,+918899228619,aarav.agarwal837@hotmail.com,,,,,,344.0,0.0
d80175fd-d0dc-4f1a-8660-9b9830d1d1bb,subscription,pay_zcauUoN3F7wqq8,order_1K08NCtCHdhyCM,sub_N2LliEwwPKF9KR,token_dp0aZ9EPBQTRKA,cust_XQhoPUpG242HDm,208300,INR,card,mastercard,BAD_REQUEST_ERROR,customer,payment_initiation,incorrect_cvv,Incorrect CVV entered.,soft,halted,3,3,2026-08-22T11:38:02.997650+05:30,2026-09-13T14:38:02.997650+05:30,,escalated,voice,0,+918877125981,shreya.roy442@hotmail.com,,,,,,2083.0,0.0
8946c263-aca1-4ff7-8e41-a5ed15fc08d2,payment,pay_m2SKy3ONjIpqR0,order_IYEoewJOQRbwn2,,,cust_Ji6q9Mtl0SPEEa,39000,INR,card,mastercard,BAD_REQUEST_ERROR,gateway,payment_authorization,insufficient_funds,Your payment could not be completed due to insufficient account balance.,soft,,1,3,2026-08-22T12:00:11.997650+05:30,2026-09-02T10:00:11.997650+05:30,,recovered,auto_retry,39000,+919876616941,vikram.agarwal779@yahoo.co.in,,,,,,390.0,390.0
b5a0b97b-eedd-46e9-8da3-a38383eae669,payment,pay_i5kMIDzgQhBrtI,order_BgyGQOjs6VKSpv,,,cust_nLoAGiMwnErjFz,1028100,INR,card,diners,BAD_REQUEST_ERROR,gateway,payment_authorization,insufficient_funds,Your payment could not be completed due to insufficient account balance.,soft,,3,3,2026-08-22T12:05:20.997650+05:30,2026-09-24T16:05:20.997650+05:30,,escalated,voice,0,+918877981320,ananya.ghosh734@yahoo.co.in,,,,,,10281.0,0.0
36a368b0-3017-4f1b-8c1e-32c8a772137f,payment,pay_WNO0djodPcLUbw,order_sgE9PnqkpZVWzp,,,cust_qMy2LGZlWz223J,1465500,INR,upi,,BAD_REQUEST_ERROR,issuer_bank,payment_authorization,transaction_limit_exceeded,Maximum transaction limit exceeded for the day.,soft,,3,3,2026-08-22T12:07:20.997650+05:30,2026-09-03T11:07:20.997650+05:30,,escalated,voice,0,+917766736950,vikram.mehta852@outlook.com,,,,,,14655.0,0.0
ac08938e-f913-4ff9-a446-2b93f6e8bd13,payment,pay_ccEGJeOY193PqN,order_zbP90kdOPwilOa,,,cust_z7dgAtwkQQsXkT,144900,INR,card,rupay,GATEWAY_ERROR,gateway,payment_authentication,authentication_failed,Payment could not be completed due to incorrect OTP or verification details.,soft,,3,3,2026-08-22T12:09:07.997650+05:30,2026-09-16T16:09:07.997650+05:30,,escalated,voice,0,+919876315567,vihaan.agarwal881@rediffmail.com,,,,,,1449.0,0.0
99fed9f1-428a-4fd6-8bb6-7b040e3e58ad,subscription,pay_Rho7L41oKOl0FS,order_JyUbmJtaHpDrtV,sub_PSEe8dtsqHIzQe,token_UaIpyzMpb7JAKV,cust_uilqkHwORBAqM0,205500,INR,card,rupay,GATEWAY_ERROR,gateway,payment_authorization,gateway_technical_error,Payment did not go through due to a temporary issue.,technical,active,2,3,2026-08-22T12:13:28.997650+05:30,2026-09-12T10:13:28.997650+05:30,,recovered,auto_retry,205500,+917766595084,krishna.chauhan230@hotmail.com,,,,,,2055.0,2055.0
8567f169-48dd-40a8-a888-552e42d67fbd,payment,pay_2kjsphZVOaLiDh,order_j9LzbRy5VwVc9l,,,cust_n5QaopOKZC4uFy,618000,INR,card,mastercard,GATEWAY_ERROR,gateway,payment_authorization,gateway_technical_error,Payment did not go through due to a temporary issue.,technical,,2,3,2026-08-22T12:25:27.997650+05:30,2026-08-26T10:25:27.997650+05:30,,recovered,auto_retry,618000,+919876954717,diya.patel821@rediffmail.com,,,,,,6180.0,6180.0
e0d9e158-ce70-4404-a42d-82955495bcc5,payment,pay_I0lVdUvRVoCdaK,order_ztEAWQHaJTXZvi,,,cust_HROoNbbpWwHDuk,48900,INR,card,visa,BAD_REQUEST_ERROR,issuer_bank,card_enrollment_check,card_not_enrolled,Your card is not enabled for online payments.,hard,,0,0,2026-08-22T12:31:08.997650+05:30,2026-08-22T12:31:08.997650+05:30,,closed,manual,0,+918877511031,reyansh.agarwal445@hotmail.com,,,,,,489.0,0.0
e7132ea9-5b5a-4bbb-9817-9f0b30f52434,payment,pay_0t2ZmuESzdq3BY,order_5hVDzkZ4sbgNOh,,,cust_gTv8eEb9TDF3e7,330800,INR,upi,,BAD_REQUEST_ERROR,gateway,payment_authorization,insufficient_funds,Your payment could not be completed due to insufficient account balance.,soft,,1,3,2026-08-22T12:45:14.997650+05:30,2026-09-15T10:45:14.997650+05:30,,recovered,auto_retry,330800,+919900652683,vivaan.chauhan122@outlook.com,,,,,,3308.0,3308.0
421c1a59-bc9e-431f-8055-3f659bbc9ab1,b2b_receivable,,order_h3PTeN64VY0iMK,,,cust_HnDfw2X52ll3kZ,25100000,INR,netbanking,,INVOICE_PAYMENT_OVERDUE,corporate_buyer,accounts_payable_settlement,invoice_overdue_1_15_days,Corporate invoice overdue by 10 days (1_15_days).,soft,,0,3,2026-08-22T12:45:25.997650+05:30,2026-08-22T12:45:25.997650+05:30,,recovered,email,25100000,+919123207064,ap@bharat.com,inv_aovlw34B13rOf2,Bharat Infra Projects Ltd,06DABCC4765P5ZD,1_15_days,,251000.0,251000.0
c31f7a0c-88f4-484f-b4de-ee635621594b,subscription,pay_eWWPVcmDvHGy9G,order_CYRWwgbunnt6wg,sub_9qGuZYXfrVAz9D,token_i8AwDPTv4fiPQ2,cust_QDoU92WaZCC9lA,1112600,INR,upi,,GATEWAY_ERROR,gateway,payment_authentication,authentication_failed,Payment could not be completed due to incorrect OTP or verification details.,soft,active,2,3,2026-08-22T12:50:55.997650+05:30,2026-09-11T10:50:55.997650+05:30,,recovered,auto_retry,1112600,+918877085010,deepak.pillai648@yahoo.co.in,,,,,,11126.0,11126.0
abde831e-ad8a-4abd-9514-8ad1a7558198,checkout_drop_off,,order_PZX57ZpIraJQD4,,,cust_wneJW0oVnMOJ8A,369300,INR,card,visa,CHECKOUT_DROP_OFF,customer,checkout_funnel,accidental_tab_close,Abandoned at cart_abandoned: accidental_tab_close,soft,,0,3,2026-08-22T13:13:45.997650+05:30,2026-08-22T13:13:45.997650+05:30,,closed,payment_link,0,+918877783239,priya.iyer357@yahoo.co.in,,,,,cart_abandoned,3693.0,0.0
7d871951-5180-4914-a2fa-701ab5ee0ee7,payment,pay_88Qpnu55i5wudQ,order_iLSIvttwj9okBt,,,cust_CxTOjeoNb24uVR,47200,INR,card,rupay,BAD_REQUEST_ERROR,gateway,payment_authorization,insufficient_funds,Your payment could not be completed due to insufficient account balance.,soft,,3,3,2026-08-22T13:14:46.997650+05:30,2026-09-14T08:14:46.997650+05:30,,recovered,sms,47200,+919876608109,kiara.dey514@hotmail.com,,,,,,472.0,472.0
725d2e5b-f0df-4cf6-bad3-86c09c895f78,payment,pay_J6YQdUT8anElrM,order_IOZ13637iHljuz,,,cust_YfrhTetgwMW9Hp,1189500,INR,emandate,,GATEWAY_ERROR,gateway,payment_authentication,authentication_failed,Payment could not be completed due to incorrect OTP or verification details.,soft,,3,3,2026-08-22T13:47:32.997650+05:30,2026-09-06T12:47:32.997650+05:30,,escalated,voice,0,+919988013611,saanvi.shah916@outlook.com,,,,,,11895.0,0.0
2d57c58c-7cf6-4277-a47e-4688f65dfe27,b2b_receivable,,order_X3DxxE9oqkQ5GI,,,cust_zQSaz8pIMTXvSD,5600000,INR,netbanking,,INVOICE_PAYMENT_OVERDUE,corporate_buyer,accounts_payable_settlement,invoice_overdue_16_30_days,Corporate invoice overdue by 21 days (16_30_days).,soft,,0,3,2026-08-22T14:10:17.997650+05:30,2026-08-22T14:10:17.997650+05:30,,recovered,email,5600000,+919876501958,ap@hyperion.com,inv_fAP0jhdxrnqxZE,Hyperion Telecom Services LLP,29AEAEB1078T9Z9,16_30_days,,56000.0,56000.0
c9ed5351-c89f-453b-8595-405f9ff2a4d7,payment,pay_Xrjd3bDSu2y4eO,order_v9bBz971DNcnEM,,,cust_9jVGcC9aCEn25J,3881400,INR,emandate,,GATEWAY_ERROR,gateway,payment_authorization,gateway_technical_error,Payment did not go through due to a temporary issue.,technical,,1,3,2026-08-22T14:16:01.997650+05:30,2026-08-30T10:16:01.997650+05:30,,recovered,auto_retry,3881400,+919123009380,isha.gupta956@hotmail.com,,,,,,38814.0,38814.0
cef4a5db-da22-47e7-bc9d-2ccb33ff144b,payment,pay_ELsULnA8lPsXDt,order_tFWooSz3N2OPMV,,,cust_YP1asdNMU6ft8M,32500,INR,upi,,BAD_REQUEST_ERROR,customer,payment_authentication,payment_timed_out,Your payment could not be completed due to a temporary issue. Try again later.,soft,,3,3,2026-08-22T14:21:30.997650+05:30,2026-09-06T14:21:30.997650+05:30,,escalated,voice,0,+917788710866,diya.sharma778@hotmail.com,,,,,,325.0,0.0
c45e38b8-bd57-453b-b496-d654a6a094b6,subscription,pay_qND7oK51ElpW0J,order_HpLMLjaM0EPVR6,sub_sUMthIsQVFsSCN,token_lZp3kNSOZF5XqS,cust_raWhh4K67CjawG,838500,INR,wallet,,BAD_REQUEST_ERROR,customer,payment_initiation,incorrect_cvv,Incorrect CVV entered.,soft,active,1,3,2026-08-22T15:19:13.997650+05:30,2026-09-08T10:19:13.997650+05:30,,recovered,auto_retry,838500,+919988176272,kavita.singh426@hotmail.com,,,,,,8385.0,8385.0
4f81e1d2-b8f3-44cf-be7c-e8c05e9f14e1,mandate,pay_Wn3Zj2Lip6VSSl,order_WrwMFLgGv7kl3y,,token_2VVlWevFPoEVQx,cust_mDojeAI7500rNE,1312200,INR,wallet,,BAD_REQUEST_ERROR,gateway,payment_authorization,insufficient_funds,Your payment could not be completed due to insufficient account balance.,soft,,1,3,2026-08-22T16:40:29.997650+05:30,2026-09-03T10:40:29.997650+05:30,,recovered,auto_retry,1312200,+919900422308,ayaan.dey219@outlook.com,,,,,,13122.0,13122.0
7f857ce2-004b-4bc1-91c2-5624858fb6d8,b2b_receivable,,order_XsIHtnXAqk1nuo,,,cust_CM6UVPMeYSBoGF,7500000,INR,netbanking,,INVOICE_PAYMENT_OVERDUE,corporate_buyer,accounts_payable_settlement,invoice_overdue_1_15_days,Corporate invoice overdue by 11 days (1_15_days).,soft,,0,3,2026-08-22T17:08:45.997650+05:30,2026-08-22T17:08:45.997650+05:30,,closed,email,0,+918877746494,ap@bharat.com,inv_dFPMZjKCni50ou,Bharat Infra Projects Ltd,07AAACC1465E3ZX,1_15_days,,75000.0,0.0
6f8920e7-b89f-4f50-a888-9afc651ab585,payment,pay_HkhlSAmHqOr10e,order_0S55CZqF89vN9Z,,,cust_eZxoPBuWhH8I6F,208800,INR,wallet,,BAD_REQUEST_ERROR,issuer_bank,payment_authorization,payment_risk_check_failed,Payment declined by bank due to risk check.,hard,,0,0,2026-08-22T19:23:42.997650+05:30,2026-08-22T19:23:42.997650+05:30,,closed,manual,0,+919123496695,aadhya.mahanty142@outlook.com,,,,,,2088.0,0.0
8906ded3-ecfc-444a-894c-2d67d670d5ab,payment,pay_FQj9hqgMnaa2eD,order_iz2ZmWfOKf6FVO,,,cust_ynifOvyRbRErEa,279500,INR,upi,,GATEWAY_ERROR,gateway,payment_authorization,gateway_technical_error,Payment did not go through due to a temporary issue.,technical,,1,3,2026-08-22T19:49:53.997650+05:30,2026-09-03T10:49:53.997650+05:30,,recovered,auto_retry,279500,+919900058789,isha.verma464@gmail.com,,,,,,2795.0,2795.0
a0d105ea-c3ca-4cbc-8740-43ee05a52cf8,mandate,pay_Iuhq4isdS3ZOCN,order_HngBpKUJrv2jCf,,token_s4dc5KZQarNxMd,cust_eVM6ujHFu7wjg6,900800,INR,card,mastercard,GATEWAY_ERROR,gateway,payment_authentication,authentication_failed,Payment could not be completed due to incorrect OTP or verification details.,soft,,1,3,2026-08-22T19:57:32.997650+05:30,2026-09-18T10:57:32.997650+05:30,,recovered,auto_retry,900800,+917788835848,ayaan.banerjee447@outlook.com,,,,,,9008.0,9008.0
371c2b24-ab4f-4b41-9bac-628b2af5ef84,payment,pay_BYvnsJWaCWJG9G,order_se6wpZzNLdJ28A,,,cust_R5lznWJGjFaQee,572400,INR,card,visa,BAD_REQUEST_ERROR,issuer_bank,payment_authorization,card_expired,Your card has expired. Please use another card.,hard,,0,0,2026-08-22T20:15:37.997650+05:30,2026-08-22T20:15:37.997650+05:30,,closed,manual,0,+919900157493,ayaan.pillai367@yahoo.co.in,,,,,,5724.0,0.0
e6cf1518-e6d2-4a05-9a92-1d48fedc5b4a,checkout_drop_off,,order_WRGBLolm79WuGw,,,cust_MbFd5N7ywTBWkQ,79000,INR,upi,rupay,CHECKOUT_DROP_OFF,customer,checkout_funnel,window_shopping_exit,Abandoned at cart_abandoned: window_shopping_exit,soft,,0,3,2026-08-22T20:26:29.997650+05:30,2026-08-22T20:26:29.997650+05:30,,closed,payment_link,0,+918899035838,suresh.mukherjee230@yahoo.co.in,,,,,cart_abandoned,790.0,0.0
71cc0a46-302d-4c25-8940-5f72c97a931c,checkout_drop_off,,order_rYiK5Rk3PniirR,,,cust_iiRjyg7Fm5WOOn,141800,INR,card,visa,CHECKOUT_DROP_OFF,customer,checkout_funnel,unexpected_shipping_fees,Abandoned at address_submitted: unexpected_shipping_fees,soft,,0,3,2026-08-22T21:02:16.997650+05:30,2026-08-22T21:02:16.997650+05:30,,closed,payment_link,0,+919123815930,reyansh.agarwal757@yahoo.co.in,,,,,address_submitted,1418.0,0.0
f53c739f-8e34-42ec-bd61-9766f4740634,checkout_drop_off,,order_5euT047xVjPT9O,,,cust_1odOMiW9eYhGIv,396100,INR,card,visa,CHECKOUT_DROP_OFF,customer,checkout_funnel,price_comparison_pause,Abandoned at cart_abandoned: price_comparison_pause,soft,,0,3,2026-08-22T21:54:30.997650+05:30,2026-08-22T21:54:30.997650+05:30,,closed,payment_link,0,+918899190017,deepak.verma883@rediffmail.com,,,,,cart_abandoned,3961.0,0.0
27084307-1b75-4822-8f91-aa4dfd2df9ec,subscription,pay_AFlJ2oNob3zJ02,order_J12JFcqeLCAXI5,sub_nTxbQ5l5TaWcrE,token_jmEMzCEYDGhUzk,cust_G4RHXolMpxBL4b,1182300,INR,upi,,BAD_REQUEST_ERROR,issuer_bank,payment_authorization,card_expired,Your card has expired. Please use another card.,hard,pending,0,0,2026-08-23T04:06:58.997650+05:30,2026-08-23T04:06:58.997650+05:30,,closed,manual,0,+917766009559,sanjay.thakur688@yahoo.co.in,,,,,,11823.0,0.0
ff076497-d161-49f3-888c-aabcd430d01c,subscription,pay_8Yyl9U41qmqCO1,order_MyqgF2bbTCuA1j,sub_YBOUuSMy03151O,token_ACFYFUkVpTJnMD,cust_87jzSnKfSIUjiY,1014600,INR,netbanking,,BAD_REQUEST_ERROR,gateway,payment_authorization,insufficient_funds,Your payment could not be completed due to insufficient account balance.,soft,halted,3,3,2026-08-23T04:34:41.997650+05:30,2026-09-03T11:34:41.997650+05:30,,escalated,voice,0,+918877628383,aditya.yadav114@rediffmail.com,,,,,,10146.0,0.0
9108b104-c056-4e02-afad-ce07b4e3eb30,mandate,pay_K624Q4KFH9vgKS,order_NkywIJNYWAkmQs,,token_9BDOLEd8QpAYB8,cust_AKPiuf4odd7oZO,204900,INR,card,visa,BAD_REQUEST_ERROR,gateway,payment_authorization,insufficient_funds,Your payment could not be completed due to insufficient account balance.,soft,,1,3,2026-08-23T04:35:43.997650+05:30,2026-08-30T10:35:43.997650+05:30,,recovered,auto_retry,204900,+917766300523,ayaan.bose710@gmail.com,,,,,,2049.0,2049.0
5155dd14-764c-4102-9834-8b0d78225650,mandate,pay_6zSFlQCF8J92YQ,order_KTFVWzRO7xrDTo,,token_Nw7FGQ4oGhTJKe,cust_tuSp0fR6ozbM7P,324200,INR,wallet,,BAD_REQUEST_ERROR,issuer_bank,card_enrollment_check,card_not_enrolled,Your card is not enabled for online payments.,hard,,0,0,2026-08-23T05:12:27.997650+05:30,2026-08-23T05:12:27.997650+05:30,,closed,manual,0,+917766491238,vivaan.reddy758@outlook.com,,,,,,3242.0,0.0
8888dd84-9f5a-4bd1-9f02-b213a7d518d0,subscription,pay_Iqsxsezi441UEs,order_cGj9BhOZoNiM4L,sub_nyJ4OQ8VwhyWGk,token_Jl2VkrfnSRJeQ0,cust_5QvQU7SeAcypdU,171300,INR,card,rupay,BAD_REQUEST_ERROR,issuer_bank,payment_authorization,payment_risk_check_failed,Payment declined by bank due to risk check.,hard,pending,0,0,2026-08-23T06:09:39.997650+05:30,2026-08-23T06:09:39.997650+05:30,,closed,manual,0,+917766722770,shreya.iyer973@gmail.com,,,,,,1713.0,0.0
10b40b6c-1b33-4885-a7c6-2951893a56d0,subscription,pay_l9POO48bK1iwGJ,order_Vq1Ei8hA9agmiv,sub_okgGAMdhZPKMi5,token_Uud4mIq6689fML,cust_LtD5YsiOzg4avW,195400,INR,upi,,BAD_REQUEST_ERROR,gateway,payment_authorization,payment_failed,Payment was declined by the bank.,technical,active,1,3,2026-08-23T06:34:32.997650+05:30,2026-09-03T10:34:32.997650+05:30,,recovered,auto_retry,195400,+919988727203,rahul.ghosh677@gmail.com,,,,,,1954.0,1954.0
500b9748-68fe-49eb-97de-61939f03c6b5,mandate,pay_raEZLnlRi394uA,order_RpO9x8xtO0ZU6h,,token_C6650UeDEP2Ylq,cust_MwSYW0kfmpiJjm,1077100,INR,netbanking,,BAD_REQUEST_ERROR,gateway,payment_authorization,insufficient_funds,Your payment could not be completed due to insufficient account balance.,soft,,3,3,2026-08-23T06:40:57.997650+05:30,2026-09-09T20:40:57.997650+05:30,,recovered,sms,1077100,+919900300011,reyansh.agarwal882@hotmail.com,,,,,,10771.0,10771.0
193a44db-3f26-4b01-b866-8b5c102a1c84,subscription,pay_RhXGMuWxQNQ9qO,order_ak4tuowotl7VXx,sub_QqLcRBlixhPWFL,token_rjRf7oH8SHLPCi,cust_D8eobPBB9Z8BK2,697800,INR,card,visa,GATEWAY_ERROR,issuer_bank,payment_authorization,bank_technical_error,Bank downtime. Please try again later.,technical,active,1,3,2026-08-23T07:21:16.997650+05:30,2026-09-14T10:21:16.997650+05:30,,recovered,auto_retry,697800,+919988939954,vikram.ghosh358@gmail.com,,,,,,6978.0,6978.0
fd3087cd-6025-4036-aa91-a2b8fbc5babb,mandate,pay_OL5YU66dwtYo2s,order_utd2avlkn46jcX,,token_mjqSko5a0GSMGw,cust_hkHslPNDOTsnUS,1147300,INR,netbanking,,BAD_REQUEST_ERROR,gateway,payment_authorization,insufficient_funds,Your payment could not be completed due to insufficient account balance.,soft,,3,3,2026-08-23T07:54:15.997650+05:30,2026-09-06T11:54:15.997650+05:30,,recovered,sms,1147300,+919123949995,ayaan.mehta33@gmail.com,,,,,,11473.0,11473.0
17857426-6bbb-4bc4-9f21-c329d6fbf776,subscription,pay_DpQk7BL8rzQQsp,order_amj0sdJbkF22b7,sub_qr8jNqN6bg7vLH,token_tWNsZQobfHSgmy,cust_uIMdp2DTSdsKSQ,57500,INR,card,visa,GATEWAY_ERROR,issuer_bank,payment_authorization,bank_technical_error,Bank downtime. Please try again later.,technical,halted,3,3,2026-08-23T07:56:09.997650+05:30,2026-09-09T13:56:09.997650+05:30,,escalated,voice,0,+918877266682,ishaan.pillai110@yahoo.co.in,,,,,,575.0,0.0
faa003c5-b848-4b82-bbe2-3400e12567dc,payment,pay_M8OqTsMcA8E1oQ,order_JO1h8TBi9DDT8M,,,cust_45DRbhsgZdFMOE,1067800,INR,upi,,BAD_REQUEST_ERROR,customer,payment_authentication,payment_cancelled,Your payment has been cancelled.,soft,,3,3,2026-08-23T09:37:47.997650+05:30,2026-09-24T15:37:47.997650+05:30,,escalated,voice,0,+917788010932,pooja.nair342@gmail.com,,,,,,10678.0,0.0
e43fb572-05b8-40c8-a779-6e3a84f351a6,subscription,pay_g5T0mkpM0B5I9K,order_3CaeecHS63DlSp,sub_MWZBZCGDSBuHOa,token_MNC3PUsCCOj9Di,cust_aQJlFy4WabmMQR,488500,INR,upi,,BAD_REQUEST_ERROR,customer,payment_initiation,card_number_invalid,You have entered an incorrect card number. Try again.,hard,pending,0,0,2026-08-23T10:15:15.997650+05:30,2026-08-23T10:15:15.997650+05:30,,closed,manual,0,+919876824572,ayaan.mahanty438@rediffmail.com,,,,,,4885.0,0.0
939f6ccc-8c10-4dbd-a7a3-6e72ca7826d7,mandate,pay_lBw8U1FxrZdQeZ,order_hbADubqsZSh4uH,,token_KtZxoyJNQloSCo,cust_wtxJO2jaD2ygXS,82500,INR,card,rupay,GATEWAY_ERROR,gateway,payment_authentication,authentication_failed,Payment could not be completed due to incorrect OTP or verification details.,soft,,3,3,2026-08-23T10:22:03.997650+05:30,2026-09-03T12:22:03.997650+05:30,,escalated,voice,0,+917788195351,sai.chauhan742@hotmail.com,,,,,,825.0,0.0
fef96092-7af1-4d44-998b-991ef886d07a,mandate,pay_lY8Gtx20aIMXHp,order_hceRVXsLbUEj3T,,token_ePLKcCcvbYH1lq,cust_QkEbzKqAJlW7Nt,33500,INR,upi,,BAD_REQUEST_ERROR,gateway,payment_authorization,insufficient_funds,Your payment could not be completed due to insufficient account balance.,soft,,3,3,2026-08-23T10:24:38.997650+05:30,2026-09-09T15:24:38.997650+05:30,,escalated,voice,0,+918899059133,kavita.yadav930@yahoo.co.in,,,,,,335.0,0.0
c2c535f2-6756-4ed8-a614-cd80639d761c,mandate,pay_7tZyAxB1gaa23z,order_M1z2tJ4TgaJmhs,,token_f9DZM7mmzEQiCS,cust_vJvUTecKjLRAFz,3270900,INR,upi,,BAD_REQUEST_ERROR,issuer_bank,payment_authorization,card_disabled_for_online_payments,Your card is disabled for online payments.,hard,,0,0,2026-08-23T10:51:35.997650+05:30,2026-08-23T10:51:35.997650+05:30,,closed,manual,0,+919876808207,sanjay.yadav89@yahoo.co.in,,,,,,32709.0,0.0
a5fd610c-80e3-4f8c-8219-1d135a3ebae2,payment,pay_oALh3WKEnJNfHC,order_qJtbsmPtwihYrx,,,cust_YJUXQejES5YjqN,46300,INR,upi,,BAD_REQUEST_ERROR,gateway,payment_authorization,insufficient_funds,Your payment could not be completed due to insufficient account balance.,soft,,1,3,2026-08-23T11:03:05.997650+05:30,2026-09-09T10:03:05.997650+05:30,,recovered,auto_retry,46300,+917766356708,krishna.gupta660@rediffmail.com,,,,,,463.0,463.0
14f7ba69-2775-485a-8dbf-d7d4c85810ba,checkout_drop_off,pay_UqH8PwAS22gbeB,order_OUdIGtSPpSE3UO,,,cust_HBYTLDiYG8KG86,101100,INR,upi,rupay,CHECKOUT_DROP_OFF,customer,checkout_funnel,3ds_auth_cancelled,Abandoned at otp_abandoned: 3ds_auth_cancelled,soft,,0,3,2026-08-23T11:16:33.997650+05:30,2026-08-23T11:16:33.997650+05:30,,closed,payment_link,0,+919876545100,sanjay.das459@hotmail.com,,,,,otp_abandoned,1011.0,0.0
6244d292-8cc0-4bf2-b036-ccae73e07df2,subscription,pay_GOGjLW3q9qYvWj,order_MB5shIRnkiqw5O,sub_gowJYU3cOC0uEW,token_mqWQ75ewGVIEA2,cust_lCPksUpDqUPPam,485100,INR,upi,,BAD_REQUEST_ERROR,customer,payment_authentication,payment_cancelled,Your payment has been cancelled.,soft,halted,3,3,2026-08-23T11:27:50.997650+05:30,2026-09-06T13:27:50.997650+05:30,,escalated,voice,0,+918899701763,vikram.chauhan945@gmail.com,,,,,,4851.0,0.0
337ba885-16f1-4ab6-9f74-03f338bfe1fd,mandate,pay_Pqk3iGFE24g87H,order_W1oXWe483xet6Y,,token_pMzwbxaPJh7Acb,cust_cINjKrnfLiVJCW,988800,INR,card,amex,GATEWAY_ERROR,issuer_bank,payment_authorization,bank_technical_error,Bank downtime. Please try again later.,technical,,4,3,2026-08-23T11:34:23.997650+05:30,2026-09-26T12:34:23.997650+05:30,,escalated,voice,0,+918877620516,kavita.joshi202@gmail.com,,,,,,9888.0,0.0
b268756f-518c-48bd-b83f-449c945f3ae4,subscription,pay_mGetUeJlcR6lbV,order_CGWjHRYSrY0RPT,sub_xlytVEadyNFH5i,token_IqPgfQ10RuEba5,cust_pBvI4kRjp79g60,189100,INR,emandate,,GATEWAY_ERROR,gateway,payment_authentication,authentication_failed,Payment could not be completed due to incorrect OTP or verification details.,soft,halted,3,3,2026-08-23T11:37:38.997650+05:30,2026-09-11T13:37:38.997650+05:30,,escalated,voice,0,+918877595640,kiara.agarwal187@outlook.com,,,,,,1891.0,0.0
935d9147-6a9e-48af-ae1b-84269fb58643,mandate,pay_RjREODexVd5Ov5,order_9OvFl0ttZputRP,,token_ebCRIV2QIxCBPk,cust_PLgtHAJ7bbfI2j,577500,INR,emandate,,BAD_REQUEST_ERROR,customer,payment_authentication,payment_timed_out,Your payment could not be completed due to a temporary issue. Try again later.,soft,,1,3,2026-08-23T11:41:08.997650+05:30,2026-09-08T10:41:08.997650+05:30,,recovered,auto_retry,577500,+919876026487,shreya.banerjee672@rediffmail.com,,,,,,5775.0,5775.0
a200a4fe-a05c-409e-bae5-e6832a03de18,subscription,pay_6IxeOxxYnU96ES,order_nzUtMbZNhJnNuO,sub_lsmH3DhZyIqpIC,token_K01Qa6dOIQ59v4,cust_f1cl5RujKjgV2E,1098700,INR,card,rupay,GATEWAY_ERROR,issuer_bank,payment_authorization,bank_technical_error,Bank downtime. Please try again later.,technical,halted,3,3,2026-08-23T11:59:47.997650+05:30,2026-09-25T15:59:47.997650+05:30,,escalated,voice,0,+918877368690,pooja.agarwal938@gmail.com,,,,,,10987.0,0.0
0e3f1c40-8b1a-4f9b-bbf3-3fc190ee20cf,b2b_receivable,,order_LU2tAur1prtzHd,,,cust_3e94BGGVY3L885,5800000,INR,netbanking,,INVOICE_PAYMENT_OVERDUE,corporate_buyer,accounts_payable_settlement,invoice_overdue_16_30_days,Corporate invoice overdue by 26 days (16_30_days).,soft,,0,3,2026-08-23T12:11:24.997650+05:30,2026-08-23T12:11:24.997650+05:30,,recovered,email,5800000,+919900662377,ap@hyperion.com,inv_5V0UxmHLDu0ppJ,Hyperion Telecom Services LLP,27BBDDA2395B3Z4,16_30_days,,58000.0,58000.0
b700c170-31da-4c62-bfff-1c80060c8d65,payment,pay_yY1uBnqlf313bP,order_9vn0DcIqGQ1huT,,,cust_0D9z2fVesP5g9H,1023100,INR,card,rupay,GATEWAY_ERROR,gateway,payment_authentication,authentication_failed,Payment could not be completed due to incorrect OTP or verification details.,soft,,1,3,2026-08-23T12:11:40.997650+05:30,2026-09-19T10:11:40.997650+05:30,,recovered,auto_retry,1023100,+919988768922,sanjay.sharma408@gmail.com,,,,,,10231.0,10231.0
9446c37a-8f34-4b4f-b0d8-93efac4fb059,payment,pay_DdMDNVyWzHU5Fw,order_rXBqulQ0jjqhEI,,,cust_dJ3vvbY3YtGw3W,75100,INR,netbanking,,BAD_REQUEST_ERROR,issuer_bank,payment_authorization,transaction_limit_exceeded,Maximum transaction limit exceeded for the day.,soft,,1,3,2026-08-23T12:49:39.997650+05:30,2026-09-18T10:49:39.997650+05:30,,recovered,auto_retry,75100,+917788131439,aanya.verma582@rediffmail.com,,,,,,751.0,751.0
60f4c709-4f24-4b19-b4e4-fee2b7628f55,b2b_receivable,,order_rS9RFn0R4QBM6e,,,cust_IH6hmNE6ZhncKo,71300000,INR,netbanking,,INVOICE_PAYMENT_OVERDUE,corporate_buyer,accounts_payable_settlement,invoice_overdue_16_30_days,Corporate invoice overdue by 30 days (16_30_days).,soft,,0,3,2026-08-23T12:57:32.997650+05:30,2026-08-23T12:57:32.997650+05:30,,recovered,email,71300000,+919876838619,ap@apex.com,inv_ZNPhVoCLc05DFO,Apex Logistics Solutions Pvt Ltd,07DACEC4195R9ZP,16_30_days,,713000.0,713000.0
bf32ae5b-ea90-496e-abc3-5d464892ef77,mandate,pay_P368pp7YDma9X9,order_KTUdkB6kaPzdbM,,token_rbqhhQR6X2FSvl,cust_YkdyknAjlmRwY1,78800,INR,wallet,,BAD_REQUEST_ERROR,gateway,payment_authorization,insufficient_funds,Your payment could not be completed due to insufficient account balance.,soft,,2,3,2026-08-23T13:05:40.997650+05:30,2026-09-12T10:05:40.997650+05:30,,recovered,auto_retry,78800,+917766788615,krishna.chauhan252@yahoo.co.in,,,,,,788.0,788.0
5899f58e-299f-481d-8be3-69fbff645819,subscription,pay_NfMoTyNHawm051,order_P3kISbhui4g7xA,sub_EXDyYJNJGEGdsY,token_VNiNPnAuHiowff,cust_45uyHbWNdzRi3W,215600,INR,upi,,BAD_REQUEST_ERROR,gateway,payment_authorization,insufficient_funds,Your payment could not be completed due to insufficient account balance.,soft,halted,3,3,2026-08-23T13:27:07.997650+05:30,2026-09-10T16:27:07.997650+05:30,,escalated,voice,0,+919876983689,vikram.shah12@yahoo.co.in,,,,,,2156.0,0.0
22d689dd-088e-4899-98b0-7f664aaaf855,b2b_receivable,,order_4FG0PzBpFYm1ac,,,cust_NYnv0yNvUrAPSe,6000000,INR,netbanking,,INVOICE_PAYMENT_OVERDUE,corporate_buyer,accounts_payable_settlement,invoice_overdue_1_15_days,Corporate invoice overdue by 14 days (1_15_days).,soft,,0,3,2026-08-23T13:29:51.997650+05:30,2026-08-23T13:29:51.997650+05:30,,recovered,email,6000000,+918877695765,ap@finmatrix.com,inv_57nkniZxThy5Nv,FinMatrix Consulting Pvt Ltd,33DDCDA7739A8ZY,1_15_days,,60000.0,60000.0
195759d8-8ac4-4119-bff2-8ecc94d2e641,payment,pay_YbfP2PcTjwDAMQ,order_E3kqJgZPdU5s8N,,,cust_Y5L3FFhRpdNQ4O,1413900,INR,card,mastercard,BAD_REQUEST_ERROR,gateway,payment_authorization,payment_failed,Payment was declined by the bank.,technical,,1,3,2026-08-23T13:34:31.997650+05:30,2026-08-29T10:34:31.997650+05:30,,recovered,auto_retry,1413900,+918877285893,krishna.kumar31@rediffmail.com,,,,,,14139.0,14139.0
77913723-3f6a-45d8-9b0a-075f7aa1ea5e,mandate,pay_41IjH0e5WEZ7k6,order_TJ6HJ2j8J3WHZT,,token_vWNHPllM2x0vpW,cust_39GF2twQXA9LPb,880000,INR,card,mastercard,BAD_REQUEST_ERROR,issuer_bank,payment_authorization,payment_risk_check_failed,Payment declined by bank due to risk check.,hard,,0,0,2026-08-23T13:39:17.997650+05:30,2026-08-23T13:39:17.997650+05:30,,closed,manual,0,+918877051014,kiara.agarwal826@outlook.com,,,,,,8800.0,0.0
ca833d39-8e3b-4d67-b707-82b806755bcf,payment,pay_qEiKece3hQ1dVU,order_2GGRWIlzN5w7nG,,,cust_wmfl0STr8C9nYR,1342900,INR,upi,,BAD_REQUEST_ERROR,gateway,payment_authorization,insufficient_funds,Your payment could not be completed due to insufficient account balance.,soft,,3,3,2026-08-23T13:41:54.997650+05:30,2026-09-15T10:41:54.997650+05:30,,recovered,auto_retry,1342900,+917766537121,isha.mahanty404@outlook.com,,,,,,13429.0,13429.0
f0ad3779-a867-4391-8e6d-ee2f416efb81,payment,pay_2Te3W9xskPsh2m,order_wDMWbfHR0dq0os,,,cust_vxu7CTFahMCuGX,199200,INR,card,visa,BAD_REQUEST_ERROR,gateway,payment_authorization,payment_failed,Payment was declined by the bank.,technical,,4,3,2026-08-23T13:53:26.997650+05:30,2026-09-08T01:53:26.997650+05:30,,recovered,sms,199200,+919876983831,krishna.mukherjee229@hotmail.com,,,,,,1992.0,1992.0
36cc85e6-22cb-415a-bf1c-fe259fac165e,payment,pay_bvFJvc9ckFveIv,order_TgbWO6HVjK90Cg,,,cust_b2sCfVug7nFwt4,21500,INR,upi,,GATEWAY_ERROR,gateway,payment_authorization,gateway_technical_error,Payment did not go through due to a temporary issue.,technical,,4,3,2026-08-23T14:08:42.997650+05:30,2026-09-25T13:08:42.997650+05:30,,escalated,voice,0,+919123875256,aadhya.ghosh289@gmail.com,,,,,,215.0,0.0
15094635-5bc3-4428-a81f-8d086036aae5,payment,pay_x36qIlzjSnqcbH,order_gRmiL0Lner0pkr,,,cust_w6MkgE0RCxNnHa,957900,INR,card,rupay,BAD_REQUEST_ERROR,gateway,payment_authorization,insufficient_funds,Your payment could not be completed due to insufficient account balance.,soft,,3,3,2026-08-23T14:11:14.997650+05:30,2026-09-07T14:22:14.997650+05:30,,recovered,voice,957900,+919123371045,rohan.nair192@hotmail.com,,,,,,9579.0,9579.0
714657a1-c8fb-4bb0-9c7c-f674b5927abd,b2b_receivable,,order_b98JNpJe7fZdmq,,,cust_PsWIKlbY4BSN9X,8000000,INR,netbanking,,INVOICE_PAYMENT_OVERDUE,corporate_buyer,accounts_payable_settlement,invoice_overdue_16_30_days,Corporate invoice overdue by 28 days (16_30_days).,soft,,0,3,2026-08-23T14:28:24.997650+05:30,2026-08-23T14:28:24.997650+05:30,,closed,email,0,+918877546361,ap@paramount.com,inv_cHyWSLoMxFbdDV,Paramount Engineering Works,33DBBCA5313G8ZK,16_30_days,,80000.0,0.0
00f08d24-464c-4f30-87ce-c7b117e9a8e8,payment,pay_qv4aQ5IajCzKSs,order_rEVj4kmuRTULQG,,,cust_87HfZX4ID5fBox,1429500,INR,wallet,,BAD_REQUEST_ERROR,issuer_bank,payment_authorization,debit_instrument_inactive,Your card is currently inactive.,technical,,4,3,2026-08-23T14:28:27.997650+05:30,2026-09-07T10:28:27.997650+05:30,,recovered,auto_retry,1429500,+919123927836,nisha.pillai493@rediffmail.com,,,,,,14295.0,14295.0
f6573d80-a263-4d1b-941a-f0a375d4b50b,payment,pay_FWiNwUoXvdt1WH,order_b6JCupO7uQgc8O,,,cust_qjKW5uaPHbnn7i,111600,INR,upi,,BAD_REQUEST_ERROR,issuer_bank,payment_authorization,debit_instrument_inactive,Your card is currently inactive.,technical,,4,3,2026-08-23T14:37:36.997650+05:30,2026-09-20T00:37:36.997650+05:30,,recovered,sms,111600,+919876193868,kiara.dey140@yahoo.co.in,,,,,,1116.0,1116.0
d1807ffe-5429-4d4d-86bc-89f153f65332,b2b_receivable,,order_WNaTla6qXFAI0P,,,cust_pvYPlyiAENVAIM,5100000,INR,netbanking,,INVOICE_PAYMENT_OVERDUE,corporate_buyer,accounts_payable_settlement,invoice_overdue_1_15_days,Corporate invoice overdue by 11 days (1_15_days).,soft,,0,3,2026-08-23T15:09:25.997650+05:30,2026-08-23T15:09:25.997650+05:30,,recovered,email,5100000,+919876105409,ap@sigma.com,inv_RbUQhI1rDfFzgc,Sigma Heavy Equipment Ltd,07BAEDB4832W7ZU,1_15_days,,51000.0,51000.0
0265a0fc-5a80-487c-901d-d65996231d9a,b2b_receivable,,order_WvA1VNFW2FfxkR,,,cust_LjsSWYAgDBImCq,39300000,INR,netbanking,,INVOICE_PAYMENT_OVERDUE,corporate_buyer,accounts_payable_settlement,invoice_overdue_current,Corporate invoice overdue by 0 days (current).,soft,,0,3,2026-08-23T15:36:33.997650+05:30,2026-08-23T15:36:33.997650+05:30,,recovered,email,39300000,+917766558349,ap@starlight.com,inv_4TqWxJhTCWWWup,Starlight Manufacturing Corp,07DADBA7862T8ZT,current,,393000.0,393000.0
bd458933-67f1-4d5c-a112-bd8c8a92266c,payment,pay_Y3fz5krBkBW2u0,order_mLGHMrCnJ40RrQ,,,cust_QdqV7FO4P8xSvi,39900,INR,card,rupay,GATEWAY_ERROR,gateway,payment_authorization,gateway_technical_error,Payment did not go through due to a temporary issue.,technical,,1,3,2026-08-23T15:50:38.997650+05:30,2026-09-13T10:50:38.997650+05:30,,recovered,auto_retry,39900,+918899908557,diya.nair338@rediffmail.com,,,,,,399.0,399.0
5062a4b7-5fb8-4375-9ca1-dc4eb4831da8,mandate,pay_HEvEPWqWYlldUD,order_HTya91Xygf21EB,,token_1Zi19m7XcpvL46,cust_sFKy956yjCA6Bo,94100,INR,upi,,GATEWAY_ERROR,gateway,payment_authorization,gateway_technical_error,Payment did not go through due to a temporary issue.,technical,,2,3,2026-08-23T16:26:39.997650+05:30,2026-09-04T10:26:39.997650+05:30,,recovered,auto_retry,94100,+919876090023,pradeep.dey239@yahoo.co.in,,,,,,941.0,941.0
e4b4619b-754d-4e00-98e1-95c79e9e5028,checkout_drop_off,,order_KJAp8co5mOzzbX,,,cust_DaoE3jA8xTWQYI,244000,INR,upi,rupay,CHECKOUT_DROP_OFF,customer,checkout_funnel,address_form_friction,Abandoned at address_submitted: address_form_friction,soft,,0,3,2026-08-23T17:01:54.997650+05:30,2026-08-23T17:01:54.997650+05:30,,closed,payment_link,0,+918877299993,reyansh.reddy706@yahoo.co.in,,,,,address_submitted,2440.0,0.0
97e72df5-a11c-4665-bf9f-56ff6eb5958f,subscription,pay_dVMrjamG45sERC,order_0XTLxPHPtZkYXv,sub_fT6z0UYAcHcYK9,token_y5UEewHWQj1Rdz,cust_tQRTvEtjjoaF0o,22300,INR,card,mastercard,BAD_REQUEST_ERROR,issuer_bank,payment_authorization,card_disabled_for_online_payments,Your card is disabled for online payments.,hard,pending,0,0,2026-08-23T17:22:34.997650+05:30,2026-08-23T17:22:34.997650+05:30,,closed,manual,0,+919876047245,rohan.yadav73@rediffmail.com,,,,,,223.0,0.0
03ad0b36-ec15-4a62-b95d-8fd8ae85fc3d,subscription,pay_KIQcTL0f5lHWJU,order_Z89ZJrZ7awPES8,sub_VrnTFq0gtYiUHX,token_yaxM4i2Z4WcZ4O,cust_ss8yYppqMXfhdv,4506700,INR,upi,,GATEWAY_ERROR,issuer_bank,payment_authorization,bank_technical_error,Bank downtime. Please try again later.,technical,active,1,3,2026-08-23T17:52:38.997650+05:30,2026-08-29T10:52:38.997650+05:30,,recovered,auto_retry,4506700,+917766886639,diya.sharma101@hotmail.com,,,,,,45067.0,45067.0
f6d388ee-38c8-42b2-8729-1c98b8533b05,payment,pay_UF4AtNhpnpdEx9,order_nqC2aNxsEp5PID,,,cust_sJqOy5ewATTO71,191800,INR,card,visa,BAD_REQUEST_ERROR,customer,payment_initiation,incorrect_cvv,Incorrect CVV entered.,soft,,3,3,2026-08-23T18:14:53.997650+05:30,2026-09-05T05:14:53.997650+05:30,,recovered,sms,191800,+917788868042,diya.gupta552@hotmail.com,,,,,,1918.0,1918.0
4ff4ec59-fcb4-431c-9f9c-76c9a58c78ef,payment,pay_bK4HoQwk5UOrcm,order_vv90xBtTD6FVwy,,,cust_fq5rjnGpCGeUCy,164000,INR,netbanking,,BAD_REQUEST_ERROR,gateway,payment_authorization,insufficient_funds,Your payment could not be completed due to insufficient account balance.,soft,,2,3,2026-08-23T18:21:33.997650+05:30,2026-09-05T10:21:33.997650+05:30,,recovered,auto_retry,164000,+918877301134,aditya.mishra941@hotmail.com,,,,,,1640.0,1640.0
05e23636-d0be-474c-a77b-00023ffa327e,payment,pay_1RRF8VeTxEQZnE,order_ARlITQ6IH8BE9Y,,,cust_2t99c2OdfnLz9e,30600,INR,card,mastercard,GATEWAY_ERROR,issuer_bank,payment_authorization,bank_technical_error,Bank downtime. Please try again later.,technical,,1,3,2026-08-23T18:31:48.997650+05:30,2026-09-09T10:31:48.997650+05:30,,recovered,auto_retry,30600,+918877319017,rohan.nair716@gmail.com,,,,,,306.0,306.0
f78a2a17-e80d-4f4e-8204-ca015061ef6b,payment,pay_1MWRIfJ3sm0lAQ,order_AA1FYrh1x73os7,,,cust_3A6sDon61PPkCa,212700,INR,netbanking,,BAD_REQUEST_ERROR,gateway,payment_authorization,insufficient_funds,Your payment could not be completed due to insufficient account balance.,soft,,1,3,2026-08-23T20:17:22.997650+05:30,2026-09-01T10:17:22.997650+05:30,,recovered,auto_retry,212700,+918877031579,rajesh.mishra506@hotmail.com,,,,,,2127.0,2127.0
56acfc80-95ec-4a98-aaa5-e6e5e8cd8f59,checkout_drop_off,,order_mEqKuIWEk2dZvv,,,cust_QibJfUyDJGSjUj,429800,INR,card,rupay,CHECKOUT_DROP_OFF,customer,checkout_funnel,delivery_time_too_long,Abandoned at address_submitted: delivery_time_too_long,soft,,0,3,2026-08-23T21:09:00.997650+05:30,2026-08-23T21:09:00.997650+05:30,,recovered,payment_link,429800,+918899313340,vihaan.mahanty204@rediffmail.com,,,,,address_submitted,4298.0,4298.0
ca0b07ea-47d0-46cc-82fe-cb5d444d4e25,checkout_drop_off,,order_MiZ52k3viaGU2O,,,cust_t53pfjhNodAITj,128700,INR,upi,visa,CHECKOUT_DROP_OFF,customer,checkout_funnel,window_shopping_exit,Abandoned at cart_abandoned: window_shopping_exit,soft,,0,3,2026-08-23T21:32:58.997650+05:30,2026-08-23T21:32:58.997650+05:30,,closed,payment_link,0,+919900547655,isha.mukherjee906@gmail.com,,,,,cart_abandoned,1287.0,0.0
fc96e8af-ef38-442e-a6ca-4ee2d2158428,payment,pay_oKDrkqiXmnKdOC,order_Saxg1TdYhvrXCp,,,cust_jLnIhXRj0qpxZC,184600,INR,upi,,GATEWAY_ERROR,gateway,payment_authentication,authentication_failed,Payment could not be completed due to incorrect OTP or verification details.,soft,,3,3,2026-08-23T22:14:00.997650+05:30,2026-09-05T14:14:00.997650+05:30,,escalated,voice,0,+919988877497,ayaan.bose932@hotmail.com,,,,,,1846.0,0.0
d3da3aa1-cd34-46d6-b339-f7478e9a5290,payment,pay_YnM9cCwpw2228J,order_lPuxt9CVw8kXDk,,,cust_apDLRjBlwRwyvJ,58300,INR,upi,,BAD_REQUEST_ERROR,customer,payment_authentication,payment_cancelled,Your payment has been cancelled.,soft,,3,3,2026-08-23T22:19:50.997650+05:30,2026-09-07T16:19:50.997650+05:30,,escalated,voice,0,+919900231203,amit.mehta467@hotmail.com,,,,,,583.0,0.0
d32ffd9d-b85f-41ec-9833-252516067c11,payment,pay_trHUjgybFVNCZQ,order_PicIn23ZuCRpP6,,,cust_rmeuvTNtHxg8hv,29500,INR,card,diners,BAD_REQUEST_ERROR,issuer_bank,payment_authorization,transaction_limit_exceeded,Maximum transaction limit exceeded for the day.,soft,,1,3,2026-08-23T22:21:01.997650+05:30,2026-08-31T10:21:01.997650+05:30,,recovered,auto_retry,29500,+919900025143,ananya.mukherjee556@outlook.com,,,,,,295.0,295.0
0a8fd9d9-42dd-4f3c-aef7-a31ca31ca703,checkout_drop_off,,order_Q0lqQHQHS6Wwlv,,,cust_RPynV1fnLtn4xw,155600,INR,upi,rupay,CHECKOUT_DROP_OFF,customer,checkout_funnel,address_form_friction,Abandoned at address_submitted: address_form_friction,soft,,0,3,2026-08-23T23:42:10.997650+05:30,2026-08-23T23:42:10.997650+05:30,,recovered,payment_link,155600,+919123184903,ayaan.sharma879@hotmail.com,,,,,address_submitted,1556.0,1556.0
873626e5-63ca-4cb3-ba6a-a5ca2788fff6,subscription,pay_MKcb6YoLuyvMSM,order_tpDBHM3aP4G0vh,sub_JVfPesAOo8wvtI,token_7aFJuFvNHT9Yc9,cust_WNki6ifVAnSKQ7,43000,INR,upi,,GATEWAY_ERROR,issuer_bank,payment_authorization,bank_technical_error,Bank downtime. Please try again later.,technical,active,1,3,2026-08-24T05:01:58.997650+05:30,2026-09-04T10:01:58.997650+05:30,,recovered,auto_retry,43000,+917766133549,nisha.mukherjee950@yahoo.co.in,,,,,,430.0,430.0
fb59db13-fb07-4c14-b11a-8d3bc05018e4,mandate,pay_SapyEUc9fEekea,order_WnZ9UyNH9HbuPM,,token_QlZqCGMC2wklsE,cust_qwllqcGbpAID9P,402500,INR,upi,,GATEWAY_ERROR,gateway,payment_authorization,gateway_technical_error,Payment did not go through due to a temporary issue.,technical,,1,3,2026-08-24T05:07:35.997650+05:30,2026-08-29T10:07:35.997650+05:30,,recovered,auto_retry,402500,+919988387781,saanvi.patel513@rediffmail.com,,,,,,4025.0,4025.0
5011762c-2112-4d08-8a9f-1e1a1d5d1e53,subscription,pay_wnuoEFXLBZWF9s,order_7zXlgj337AatY5,sub_73ZJFP7SWslxgo,token_8qdAt0bgnYysly,cust_OL5qjQZzg5Qh5s,699500,INR,upi,,GATEWAY_ERROR,issuer_bank,payment_authorization,bank_technical_error,Bank downtime. Please try again later.,technical,active,1,3,2026-08-24T05:11:24.997650+05:30,2026-09-02T10:11:24.997650+05:30,,recovered,auto_retry,699500,+919988983890,reyansh.singh755@gmail.com,,,,,,6995.0,6995.0
a93a87a8-3b84-44f8-9069-28ba1c389fec,subscription,pay_brdpB3RfXozS3O,order_tuRMMof1MIebv7,sub_mgMth07Jj3nFH8,token_Vlge9penST3UMD,cust_xJgdyKf9tmI0Hs,251900,INR,upi,,BAD_REQUEST_ERROR,issuer_bank,payment_authorization,transaction_limit_exceeded,Maximum transaction limit exceeded for the day.,soft,active,3,3,2026-08-24T05:29:25.997650+05:30,2026-09-15T10:29:25.997650+05:30,,recovered,auto_retry,251900,+919123442934,meera.mahanty269@outlook.com,,,,,,2519.0,2519.0
195cb274-7d99-4dc9-a66a-750c17ac58cb,mandate,pay_knn2ZljCa1YpXs,order_KpCx9zzqixDsxF,,token_ewj0vf45pbGnPd,cust_SH0Yn893O3YCru,57900,INR,upi,,BAD_REQUEST_ERROR,customer,payment_initiation,incorrect_cvv,Incorrect CVV entered.,soft,,3,3,2026-08-24T05:36:50.997650+05:30,2026-09-04T15:36:50.997650+05:30,,escalated,voice,0,+918877926652,meera.iyer429@outlook.com,,,,,,579.0,0.0
1155e646-4417-42e3-9c7a-16007c3aacf6,mandate,pay_gsXbKq533g6IRG,order_dpjOUtlQ88vQnP,,token_y17K8kLf6KzOyA,cust_YLfGCNQrh0LXmr,486800,INR,upi,,BAD_REQUEST_ERROR,customer,payment_authentication,payment_timed_out,Your payment could not be completed due to a temporary issue. Try again later.,soft,,3,3,2026-08-24T06:12:06.997650+05:30,2026-09-21T02:12:06.997650+05:30,,recovered,sms,486800,+917766749003,pooja.chauhan837@outlook.com,,,,,,4868.0,4868.0
0a10fb1a-cd75-4151-b3fb-55d86f804ffb,mandate,pay_0mBnWIKdChaIa1,order_2EKJBKaAxN5Me8,,token_RTgznDzs7MEaHE,cust_fM91OX3poiHgM6,56500,INR,wallet,,BAD_REQUEST_ERROR,issuer_bank,payment_authorization,payment_risk_check_failed,Payment declined by bank due to risk check.,hard,,0,0,2026-08-24T07:25:28.997650+05:30,2026-08-24T07:25:28.997650+05:30,,closed,manual,0,+919123169369,rajesh.iyer980@yahoo.co.in,,,,,,565.0,0.0
cf9d8076-6538-4128-ad6c-e864fbfbaf00,mandate,pay_46N92kZkSh4lta,order_VwzV9qa4CKMzRQ,,token_QugZk6s1yRyPoy,cust_hbk8bmoBfn6Zsa,253500,INR,upi,,GATEWAY_ERROR,gateway,payment_authorization,gateway_technical_error,Payment did not go through due to a temporary issue.,technical,,4,3,2026-08-24T07:37:36.997650+05:30,2026-09-10T15:37:36.997650+05:30,,escalated,voice,0,+919876826858,aditya.verma378@gmail.com,,,,,,2535.0,0.0
e0147105-f606-4a30-bf14-c8b24d2af882,subscription,pay_tT6aTRIOyONmmP,order_v3Q0HsaYKUKIcl,sub_PAiHD0NiKhlJZt,token_nRUlUu9baBDLvO,cust_fP5Pxvn7QJWpfo,410800,INR,upi,,BAD_REQUEST_ERROR,issuer_bank,payment_authorization,card_expired,Your card has expired. Please use another card.,hard,pending,0,0,2026-08-24T07:43:46.997650+05:30,2026-08-24T07:43:46.997650+05:30,,closed,manual,0,+919988966077,vivaan.verma378@hotmail.com,,,,,,4108.0,0.0
792e29e1-8003-4410-a2c8-1e824b6f2485,subscription,pay_OIt5MzxrpxCXTV,order_9ErmXwCVl5vLaO,sub_wMcb9ESlhOlewF,token_00oDjqopvG0j0l,cust_RMTk8H2bcor6B6,438500,INR,upi,,BAD_REQUEST_ERROR,gateway,payment_authorization,insufficient_funds,Your payment could not be completed due to insufficient account balance.,soft,active,1,3,2026-08-24T07:53:33.997650+05:30,2026-08-29T10:53:33.997650+05:30,,recovered,auto_retry,438500,+918899941518,rohan.joshi933@gmail.com,,,,,,4385.0,4385.0
c2c896b3-3fa0-4ad1-8b3f-97df3944ca18,mandate,pay_XhnnnP6IIiMPzM,order_0dfHkdl0g2iZIp,,token_XmaKSmBclck8ua,cust_s8n4DKbDqFahsL,588400,INR,netbanking,,BAD_REQUEST_ERROR,gateway,payment_authorization,insufficient_funds,Your payment could not be completed due to insufficient account balance.,soft,,3,3,2026-08-24T07:55:49.997650+05:30,2026-09-16T20:55:49.997650+05:30,,recovered,sms,588400,+919988814671,nisha.thakur557@yahoo.co.in,,,,,,5884.0,5884.0
722468d9-5533-4e51-a652-0623373b6577,mandate,pay_S0KWMTRyOYTRX7,order_G86SanTdbOR98n,,token_QWmaBWmc5s6Rfa,cust_5BGx9AkheplTva,486800,INR,upi,,BAD_REQUEST_ERROR,customer,payment_initiation,incorrect_cvv,Incorrect CVV entered.,soft,,3,3,2026-08-24T08:35:58.997650+05:30,2026-09-04T03:35:58.997650+05:30,,recovered,sms,486800,+917766847764,vihaan.kumar187@rediffmail.com,,,,,,4868.0,4868.0
32dd9b8d-f4d3-4b10-a59d-16988616101a,subscription,pay_POlBItRjiBfYuR,order_7fG4NXsWTMKSsL,sub_wd5KBIFytxhKez,token_U9dOdR0R7fPFRT,cust_STav4xLjm9d52P,379700,INR,netbanking,,GATEWAY_ERROR,gateway,payment_authentication,authentication_failed,Payment could not be completed due to incorrect OTP or verification details.,soft,active,1,3,2026-08-24T09:13:29.997650+05:30,2026-09-20T10:13:29.997650+05:30,,recovered,auto_retry,379700,+919123945516,rahul.reddy343@rediffmail.com,,,,,,3797.0,3797.0
f36dba8a-f78c-471c-a467-20a37d40746e,mandate,pay_o1pPmOtUE16SaK,order_OwzZndCqX5Xr7q,,token_UXsmmN5ChyIgxq,cust_bMzL2DcbPMAshm,17700,INR,emandate,,BAD_REQUEST_ERROR,customer,payment_authentication,payment_cancelled,Your payment has been cancelled.,soft,,2,3,2026-08-24T10:01:59.997650+05:30,2026-08-31T10:01:59.997650+05:30,,recovered,auto_retry,17700,+919900666030,saanvi.sharma235@rediffmail.com,,,,,,177.0,177.0
87ee72bb-e706-43b2-bd4a-d64dae3b66a9,mandate,pay_mSqL0qAOnxthtp,order_hgZ3uoG4bUvfDP,,token_2bz9aBothZxT5g,cust_JuE7SRoq2DAPFi,3925400,INR,emandate,,BAD_REQUEST_ERROR,issuer_bank,payment_authorization,card_expired,Your card has expired. Please use another card.,hard,,0,0,2026-08-24T10:06:25.997650+05:30,2026-08-24T10:06:25.997650+05:30,,closed,manual,0,+919900567859,rahul.mahanty104@rediffmail.com,,,,,,39254.0,0.0
63147274-6a79-41fe-83bc-5a80db44e277,subscription,pay_GhKprdLLHVrJEx,order_pmT6zrUIdw7wuZ,sub_VayuUvJnsqCbP6,token_QgrWrZ2hlT2DLq,cust_eF07dwp2fvCPFM,302900,INR,card,visa,BAD_REQUEST_ERROR,customer,payment_authentication,payment_cancelled,Your payment has been cancelled.,soft,halted,3,3,2026-08-24T10:27:28.997650+05:30,2026-09-06T14:27:28.997650+05:30,,escalated,voice,0,+919123920625,ayaan.verma129@hotmail.com,,,,,,3029.0,0.0
9b84165b-1dd6-4a4a-9767-0dae25e3eca6,subscription,pay_0vMqJfeGfqRQ6X,order_GSL6XyuntEtBXc,sub_tWcNlIwNXuDZ99,token_Mw5ol0xQrNd6e2,cust_aI7Xrw5rjLr8rE,285200,INR,upi,,BAD_REQUEST_ERROR,issuer_bank,card_enrollment_check,card_not_enrolled,Your card is not enabled for online payments.,hard,pending,0,0,2026-08-24T10:52:31.997650+05:30,2026-08-24T10:52:31.997650+05:30,,closed,manual,0,+917766341602,rahul.dey871@outlook.com,,,,,,2852.0,0.0
3a0a8462-f71c-45b1-9fd1-1af7466d076d,subscription,pay_FH4rVaHiUfQ9tM,order_6CnCc8z7A1WQRY,sub_QtfskZpwIhqCVp,token_8m5Jb4xFV39i0k,cust_NZhpqI3VW9LKwJ,45000,INR,upi,,BAD_REQUEST_ERROR,issuer_bank,payment_authorization,transaction_limit_exceeded,Maximum transaction limit exceeded for the day.,soft,halted,3,3,2026-08-24T10:56:23.997650+05:30,2026-09-21T12:56:23.997650+05:30,,escalated,voice,0,+919876389107,sanjay.pillai810@hotmail.com,,,,,,450.0,0.0
6a32d4ac-104e-475f-8f2d-b8ccf0ac353c,checkout_drop_off,pay_EyJGlF2MvSOZOY,order_NX0v6cnw7rGmDQ,,,cust_XCYGZ3oumLwzIt,136200,INR,card,visa,CHECKOUT_DROP_OFF,customer,checkout_funnel,3ds_auth_cancelled,Abandoned at otp_abandoned: 3ds_auth_cancelled,soft,,0,3,2026-08-24T11:41:10.997650+05:30,2026-08-24T11:41:10.997650+05:30,,recovered,payment_link,136200,+919988466506,nisha.kumar472@gmail.com,,,,,otp_abandoned,1362.0,1362.0
0da53cd0-df23-40e2-83e9-a739f857bfb6,subscription,pay_pM6srO7NXKzbS7,order_gIlGCC3VhDVKwd,sub_WhB8xm476vUL42,token_FA6beVpE7qeh0r,cust_DMNnhni5pQfQ8d,297300,INR,netbanking,,BAD_REQUEST_ERROR,gateway,payment_authorization,insufficient_funds,Your payment could not be completed due to insufficient account balance.,soft,active,2,3,2026-08-24T11:46:48.997650+05:30,2026-09-15T10:46:48.997650+05:30,,recovered,auto_retry,297300,+917788080051,priya.ghosh409@outlook.com,,,,,,2973.0,2973.0
4ea5908f-7e9d-49f3-b8c6-3eeefffbbfe6,subscription,pay_3CQ2ATAMfD88WO,order_jpcg0W2RI3Go2B,sub_81wclAE0YxSUvR,token_DMFKxnZGWH3a47,cust_jPdVqTdRIQQTTJ,50600,INR,card,visa,BAD_REQUEST_ERROR,issuer_bank,payment_authorization,card_disabled_for_online_payments,Your card is disabled for online payments.,hard,pending,0,0,2026-08-24T11:55:34.997650+05:30,2026-08-24T11:55:34.997650+05:30,,closed,manual,0,+919876015264,isha.iyer347@rediffmail.com,,,,,,506.0,0.0
41282b94-3665-4c07-9625-27da79798c4e,payment,pay_K8tDRI3HIl2iHE,order_3SifdWddMQmcRx,,,cust_gBkUJ7pKeP9P65,1325700,INR,card,mastercard,BAD_REQUEST_ERROR,customer,payment_initiation,incorrect_cvv,Incorrect CVV entered.,soft,,3,3,2026-08-24T12:12:15.997650+05:30,2026-09-07T10:12:15.997650+05:30,,recovered,auto_retry,1325700,+919988531234,aadhya.iyer365@outlook.com,,,,,,13257.0,13257.0
3c9d2db4-22f6-470e-b2b6-3bf1a862cdbd,b2b_receivable,,order_TvDf3ghV4z7lJv,,,cust_V4U0HcOKyX5Ihn,6700000,INR,netbanking,,INVOICE_PAYMENT_OVERDUE,corporate_buyer,accounts_payable_settlement,invoice_overdue_31_60_days,Corporate invoice overdue by 54 days (31_60_days).,soft,,0,3,2026-08-24T12:13:42.997650+05:30,2026-08-24T12:13:42.997650+05:30,,escalated,voice,0,+919900758208,ap@trident.com,inv_Q0CAaQQTwhwdti,Trident Agro Exports Pvt Ltd,24BEBED5160H3Z1,31_60_days,,67000.0,0.0
ba711734-2339-4098-a78d-01255141c3b2,b2b_receivable,,order_YxIY74x9AlJIRn,,,cust_AYoes5N3WnmyKP,6400000,INR,netbanking,,INVOICE_PAYMENT_OVERDUE,corporate_buyer,accounts_payable_settlement,invoice_overdue_1_15_days,Corporate invoice overdue by 3 days (1_15_days).,soft,,0,3,2026-08-24T12:17:43.997650+05:30,2026-08-24T12:17:43.997650+05:30,,recovered,email,6400000,+919900335256,ap@bharat.com,inv_sgaTVZNFt0gevA,Bharat Infra Projects Ltd,19EEBCB8315L4ZS,1_15_days,,64000.0,64000.0
f1f78cba-c8ff-4137-aaed-20749cc63bb6,payment,pay_bwwEuoK7sathUq,order_30fUi50MnTzYOz,,,cust_bPxs1Rfn5u5BBh,277500,INR,upi,,GATEWAY_ERROR,issuer_bank,payment_authorization,bank_technical_error,Bank downtime. Please try again later.,technical,,4,3,2026-08-24T12:30:03.997650+05:30,2026-09-07T15:30:03.997650+05:30,,escalated,voice,0,+918899712166,rahul.reddy618@yahoo.co.in,,,,,,2775.0,0.0
33a6e439-c664-486c-81bb-6d2a014d1381,payment,pay_IbgitGX4EtXhNr,order_IVGNNkgaN4hN3o,,,cust_ol3gZQgbs4vXcD,85700,INR,upi,,GATEWAY_ERROR,gateway,payment_authorization,gateway_technical_error,Payment did not go through due to a temporary issue.,technical,,4,3,2026-08-24T12:41:06.997650+05:30,2026-09-11T06:41:06.997650+05:30,,recovered,sms,85700,+917766102707,ananya.kumar47@hotmail.com,,,,,,857.0,857.0
b862f42a-7169-4762-9301-5ed8173e91d1,payment,pay_zl6o9aXmBMfQEq,order_hyy80wZAZONehy,,,cust_pyIweD2Ur8gpu9,401800,INR,emandate,,BAD_REQUEST_ERROR,gateway,payment_authorization,payment_failed,Payment was declined by the bank.,technical,,4,3,2026-08-24T12:53:04.997650+05:30,2026-09-12T11:53:04.997650+05:30,,escalated,voice,0,+919123588165,aarav.gupta932@gmail.com,,,,,,4018.0,0.0
654f701b-ff48-4c62-9c21-6a2cdd496c87,b2b_receivable,,order_TaXqRRfjkFHbfc,,,cust_vlJsIPk4GdZzqX,33200000,INR,netbanking,,INVOICE_PAYMENT_OVERDUE,corporate_buyer,accounts_payable_settlement,invoice_overdue_16_30_days,Corporate invoice overdue by 17 days (16_30_days).,soft,,0,3,2026-08-24T13:17:41.997650+05:30,2026-08-24T13:17:41.997650+05:30,,recovered,email,33200000,+919900433943,ap@zenith.com,inv_2cbNq6vtQcjilH,Zenith Healthware LLP,06DDEED0793E2ZA,16_30_days,,332000.0,332000.0
434a46e1-7522-4826-890a-b25aed496fef,checkout_drop_off,pay_ZbRLbINlizScFQ,order_rZAuEhdpMlpmsB,,,cust_CijNXsZUT7HGWf,278000,INR,upi,rupay,CHECKOUT_DROP_OFF,customer,checkout_funnel,saved_card_unavailable,Abandoned at payment_method_selected: saved_card_unavailable,soft,,0,3,2026-08-24T13:31:11.997650+05:30,2026-08-24T13:31:11.997650+05:30,,recovered,payment_link,278000,+919123721293,diya.nair206@rediffmail.com,,,,,payment_method_selected,2780.0,2780.0
0f185aa5-4b01-41c0-aaa2-0336849ae855,payment,pay_EXIENAFnaMpzRM,order_YBYTW2yVRaUpQX,,,cust_w5PPkg9fybB5Bq,51500,INR,upi,,BAD_REQUEST_ERROR,customer,payment_initiation,incorrect_cvv,Incorrect CVV entered.,soft,,1,3,2026-08-24T13:35:41.997650+05:30,2026-09-14T10:35:41.997650+05:30,,recovered,auto_retry,51500,+919876963774,vikram.yadav788@gmail.com,,,,,,515.0,515.0
b191f0f6-cca6-4598-a7c0-eb07c36992cf,payment,pay_OBpazabbTm0M6y,order_bmKOGXEpaMUjsb,,,cust_zqcBMgUbF05SYa,52500,INR,netbanking,,GATEWAY_ERROR,gateway,payment_authentication,authentication_failed,Payment could not be completed due to incorrect OTP or verification details.,soft,,1,3,2026-08-24T14:00:50.997650+05:30,2026-09-17T10:00:50.997650+05:30,,recovered,auto_retry,52500,+919876095385,suresh.singh494@outlook.com,,,,,,525.0,525.0
28dcbc94-afa4-42d5-ab6d-d2566119c3b7,mandate,pay_xrWp1cu7FWs6rd,order_9YUMQ4UYZ10lFp,,token_YMEgTulCcrn3Ga,cust_g1RYXoQeLuYhfM,395500,INR,netbanking,,BAD_REQUEST_ERROR,customer,payment_initiation,incorrect_cvv,Incorrect CVV entered.,soft,,1,3,2026-08-24T14:07:38.997650+05:30,2026-09-14T10:07:38.997650+05:30,,recovered,auto_retry,395500,+919900760229,ayaan.mishra90@hotmail.com,,,,,,3955.0,3955.0
300bce59-6a61-49d0-b782-6f0dd10ba8e3,payment,pay_msggl1ADAzrdbg,order_nMfk9sLB66V75I,,,cust_Z3WIxnPIT4Zygq,450300,INR,upi,,BAD_REQUEST_ERROR,issuer_bank,card_enrollment_check,card_not_enrolled,Your card is not enabled for online payments.,hard,,0,0,2026-08-24T14:14:52.997650+05:30,2026-08-24T14:14:52.997650+05:30,,closed,manual,0,+919123529267,aditya.roy635@rediffmail.com,,,,,,4503.0,0.0
2768be9e-1f8a-4ee4-9d0c-130145e0302e,checkout_drop_off,,order_Kfbf7xdJw3JHEX,,,cust_Tboqy8tjKVOyU4,133600,INR,upi,visa,CHECKOUT_DROP_OFF,customer,checkout_funnel,address_form_friction,Abandoned at address_submitted: address_form_friction,soft,,0,3,2026-08-24T14:17:48.997650+05:30,2026-08-24T14:17:48.997650+05:30,,closed,payment_link,0,+919988549929,aadhya.yadav546@outlook.com,,,,,address_submitted,1336.0,0.0
883ead5e-7dcf-46c0-baf9-67836f0f5cc6,mandate,pay_erxVKdOeggdFMo,order_chNmYsAne4NdDl,,token_iNrQwoScZdaH4E,cust_Dgwtd3dFZp6d5r,27000,INR,wallet,,BAD_REQUEST_ERROR,issuer_bank,payment_authorization,transaction_limit_exceeded,Maximum transaction limit exceeded for the day.,soft,,1,3,2026-08-24T14:19:26.997650+05:30,2026-08-29T10:19:26.997650+05:30,,recovered,auto_retry,27000,+917788003974,ananya.bose674@hotmail.com,,,,,,270.0,270.0
a6afa8f1-22d2-4c70-a9c3-26a4ad583f6b,checkout_drop_off,pay_TQTMQKKtGMVHRD,order_SVhJQsoTU8ki9W,,,cust_p4lvBGmf12wIcN,245400,INR,card,rupay,CHECKOUT_DROP_OFF,customer,checkout_funnel,saved_card_unavailable,Abandoned at payment_method_selected: saved_card_unavailable,soft,,0,3,2026-08-24T14:27:26.997650+05:30,2026-08-24T14:27:26.997650+05:30,,closed,payment_link,0,+918899525589,priya.kumar975@gmail.com,,,,,payment_method_selected,2454.0,0.0
fea1e301-b290-4dbd-bfbe-f424d613c752,subscription,pay_etxjS3ddJhbX6g,order_hdIIPrmCddjLDS,sub_uwSvu6FR8xpA6W,token_9YDLwpJe8XgJ7u,cust_HOJpPCgWT8Bdwc,232700,INR,upi,,BAD_REQUEST_ERROR,customer,payment_authentication,payment_timed_out,Your payment could not be completed due to a temporary issue. Try again later.,soft,active,1,3,2026-08-24T14:50:53.997650+05:30,2026-09-18T10:50:53.997650+05:30,,recovered,auto_retry,232700,+919123248888,rahul.gupta933@yahoo.co.in,,,,,,2327.0,2327.0
dc6fb95f-89ec-418e-ad1b-5470a975b30a,b2b_receivable,,order_QWi9dppar2PmfU,,,cust_CY6tBuD5EcoT6E,29700000,INR,netbanking,,INVOICE_PAYMENT_OVERDUE,corporate_buyer,accounts_payable_settlement,invoice_overdue_1_15_days,Corporate invoice overdue by 1 days (1_15_days).,soft,,0,3,2026-08-24T15:22:28.997650+05:30,2026-08-24T15:22:28.997650+05:30,,recovered,email,29700000,+919123845752,ap@nexura.com,inv_MJ6DP7McqzApyd,Nexura Digital Media LLP,06BABEC3895L9Z3,1_15_days,,297000.0,297000.0
4fe2ac8a-a007-46a2-8166-c51fe42c7999,checkout_drop_off,,order_s0QK4jOYQo6Laa,,,cust_gUrnIAfn75HZR1,103100,INR,card,rupay,CHECKOUT_DROP_OFF,customer,checkout_funnel,price_comparison_pause,Abandoned at cart_abandoned: price_comparison_pause,soft,,0,3,2026-08-24T15:57:13.997650+05:30,2026-08-24T15:57:13.997650+05:30,,closed,payment_link,0,+918899593422,pooja.roy520@yahoo.co.in,,,,,cart_abandoned,1031.0,0.0
c8508b46-cb71-4071-b97b-28b9e487f3ec,b2b_receivable,,order_s91WsuXU8i30Ar,,,cust_h6pdOAqBUy21jX,6700000,INR,netbanking,,INVOICE_PAYMENT_OVERDUE,corporate_buyer,accounts_payable_settlement,invoice_overdue_current,Corporate invoice overdue by 0 days (current).,soft,,0,3,2026-08-24T16:02:50.997650+05:30,2026-08-24T16:02:50.997650+05:30,,recovered,email,6700000,+919123966022,ap@trident.com,inv_29Yy6rwPQNN4I1,Trident Agro Exports Pvt Ltd,27DBCCE7485R7Z9,current,,67000.0,67000.0
8a06080c-2b2a-45aa-8937-784f0bbaf3ac,payment,pay_RCyMNzPpdqkfqJ,order_F86wBgknC3ov03,,,cust_1CFFAjP8jxBgb3,1323700,INR,card,visa,BAD_REQUEST_ERROR,customer,payment_authentication,payment_timed_out,Your payment could not be completed due to a temporary issue. Try again later.,soft,,2,3,2026-08-24T17:27:27.997650+05:30,2026-08-31T10:27:27.997650+05:30,,recovered,auto_retry,1323700,+919900011241,vihaan.verma382@gmail.com,,,,,,13237.0,13237.0
842623a8-0111-4d47-8485-d4e1ee9a715c,payment,pay_yQOWL3MYeASPom,order_XRSbbfBkPLImWB,,,cust_1JImYAA9AYcRPU,19800,INR,emandate,,BAD_REQUEST_ERROR,customer,payment_initiation,incorrect_cvv,Incorrect CVV entered.,soft,,3,3,2026-08-24T19:14:01.997650+05:30,2026-09-03T15:14:01.997650+05:30,,escalated,voice,0,+918899392644,saanvi.joshi182@yahoo.co.in,,,,,,198.0,0.0
8826fef7-030f-42de-b38c-4bed174de55b,payment,pay_P60tTIpKRUX81C,order_7TxhYIMQfnsDHG,,,cust_TuwqGc0EZYQk1E,841400,INR,upi,,BAD_REQUEST_ERROR,gateway,payment_authorization,insufficient_funds,Your payment could not be completed due to insufficient account balance.,soft,,3,3,2026-08-24T19:31:25.997650+05:30,2026-09-17T03:31:25.997650+05:30,,recovered,sms,841400,+919900792408,pradeep.iyer674@yahoo.co.in,,,,,,8414.0,8414.0
5c46d860-db1f-44d7-9ec5-e33685b50492,payment,pay_c2kbGdLr6YgTYM,order_6rROXeFs1tEavW,,,cust_gJ8V12TGUQESm3,72900,INR,card,mastercard,BAD_REQUEST_ERROR,issuer_bank,payment_authorization,debit_instrument_inactive,Your card is currently inactive.,technical,,3,3,2026-08-24T19:58:28.997650+05:30,2026-09-04T10:58:28.997650+05:30,,recovered,auto_retry,72900,+918877465530,nisha.bose151@hotmail.com,,,,,,729.0,729.0
10deb618-b303-46f0-a018-2f9c90470e95,checkout_drop_off,pay_CanImL6tyRJTcB,order_fzFUWbrTROJprw,,,cust_IZkDgFup7PkUfl,199500,INR,upi,visa,CHECKOUT_DROP_OFF,customer,checkout_funnel,saved_card_unavailable,Abandoned at payment_method_selected: saved_card_unavailable,soft,,0,3,2026-08-24T20:09:22.997650+05:30,2026-08-24T20:09:22.997650+05:30,,recovered,payment_link,199500,+918899319928,isha.reddy19@yahoo.co.in,,,,,payment_method_selected,1995.0,1995.0
dd139977-bf40-46ab-9bb7-f4e7b975e4ec,mandate,pay_eQMywwPcDMRp8k,order_zmOJpqhEZDocij,,token_f0t7CD0ni2lkRZ,cust_1WpukTufoeqNrt,1177300,INR,netbanking,,BAD_REQUEST_ERROR,customer,payment_authentication,payment_timed_out,Your payment could not be completed due to a temporary issue. Try again later.,soft,,3,3,2026-08-24T20:22:17.997650+05:30,2026-09-24T13:22:17.997650+05:30,,escalated,voice,0,+919123170869,sai.joshi618@yahoo.co.in,,,,,,11773.0,0.0
d12925bd-59e8-4601-af9e-5fca84da2b49,payment,pay_8aFsATrNaLhjlb,order_swSiYc0I0eCyvw,,,cust_EM2qOZirVYlRAj,1066800,INR,netbanking,,BAD_REQUEST_ERROR,gateway,payment_authorization,insufficient_funds,Your payment could not be completed due to insufficient account balance.,soft,,3,3,2026-08-24T20:41:32.997650+05:30,2026-09-05T06:41:32.997650+05:30,,recovered,sms,1066800,+919988322257,aarav.sharma20@outlook.com,,,,,,10668.0,10668.0
7a9b64ec-a184-42ac-aa5b-122d5ad5a6e5,payment,pay_Lhfe8L6HLVy5Br,order_215dewC1zcJFIy,,,cust_qesBhPT0MPaIrl,64600,INR,card,visa,BAD_REQUEST_ERROR,gateway,payment_authorization,payment_failed,Payment was declined by the bank.,technical,,4,3,2026-08-24T21:16:51.997650+05:30,2026-09-22T16:16:51.997650+05:30,,escalated,voice,0,+918877814893,ayaan.sharma383@yahoo.co.in,,,,,,646.0,0.0
15d445ed-2acf-4d33-95e8-80adcd820a3c,payment,pay_BLohArDbZts57U,order_EAFm8AIoekd3In,,,cust_BtK0bnm7axatqH,1144000,INR,card,visa,BAD_REQUEST_ERROR,customer,payment_initiation,card_number_invalid,You have entered an incorrect card number. Try again.,hard,,0,0,2026-08-24T21:25:22.997650+05:30,2026-08-24T21:25:22.997650+05:30,,closed,manual,0,+919123174304,diya.patel862@yahoo.co.in,,,,,,11440.0,0.0
f886bd82-ba10-49fd-8a88-c05181d11858,checkout_drop_off,,order_iSPCLV294NBN0c,,,cust_bf6I9MlnB489UX,394100,INR,card,visa,CHECKOUT_DROP_OFF,customer,checkout_funnel,price_comparison_pause,Abandoned at cart_abandoned: price_comparison_pause,soft,,0,3,2026-08-24T21:30:49.997650+05:30,2026-08-24T21:30:49.997650+05:30,,closed,payment_link,0,+918877542439,sanjay.verma806@hotmail.com,,,,,cart_abandoned,3941.0,0.0
d0eef134-77af-414a-9e9e-8ed53f1e586c,payment,pay_HCakPAxpUsI9Ii,order_7VCmiX7Enu4ura,,,cust_pAotRbPyA8nvrO,134600,INR,netbanking,,BAD_REQUEST_ERROR,customer,payment_authentication,payment_timed_out,Your payment could not be completed due to a temporary issue. Try again later.,soft,,3,3,2026-08-24T21:37:32.997650+05:30,2026-09-08T14:37:32.997650+05:30,,escalated,voice,0,+918899483388,vikram.thakur436@gmail.com,,,,,,1346.0,0.0
1bc21686-74e4-42c7-9750-d4d9d3bc72b0,checkout_drop_off,,order_ilkUcbnyW6ZHFk,,,cust_T2K6p41AWCcd5W,281300,INR,card,rupay,CHECKOUT_DROP_OFF,customer,checkout_funnel,window_shopping_exit,Abandoned at cart_abandoned: window_shopping_exit,soft,,0,3,2026-08-24T22:01:03.997650+05:30,2026-08-24T22:01:03.997650+05:30,,closed,payment_link,0,+919900799897,shreya.mehta661@yahoo.co.in,,,,,cart_abandoned,2813.0,0.0
f1dbd6e7-d596-4914-a9f2-6f64e0cb69b3,checkout_drop_off,,order_LCqlRIxq8Ew7ht,,,cust_7fcCNdDy8HvkY6,104400,INR,card,rupay,CHECKOUT_DROP_OFF,customer,checkout_funnel,unexpected_shipping_fees,Abandoned at address_submitted: unexpected_shipping_fees,soft,,0,3,2026-08-24T22:05:52.997650+05:30,2026-08-24T22:05:52.997650+05:30,,closed,payment_link,0,+917788454572,pooja.thakur308@rediffmail.com,,,,,address_submitted,1044.0,0.0
0fc62b35-f695-4beb-9317-b47d419ce34b,subscription,pay_WUIoIOnw7CtOEV,order_aNkBqE3Uv9xbQb,sub_fQuAUgsY2VB1PJ,token_QG2gcXyoaHL820,cust_qMVCO1ZMUKMVDU,96900,INR,upi,,GATEWAY_ERROR,gateway,payment_authorization,gateway_technical_error,Payment did not go through due to a temporary issue.,technical,halted,3,3,2026-08-25T04:01:49.997650+05:30,2026-09-26T16:01:49.997650+05:30,,escalated,voice,0,+919900318622,sai.mehta986@outlook.com,,,,,,969.0,0.0
d17f944c-558c-4869-9d5e-607265411314,subscription,pay_eXrqFjUTL5Sqn1,order_PuJXonpuTfyZNm,sub_P5TnPm7pr0ubyW,token_AGyTFokwQe3BwU,cust_tn4Ws5Zimaaj4Q,1452900,INR,card,mastercard,BAD_REQUEST_ERROR,gateway,payment_authorization,insufficient_funds,Your payment could not be completed due to insufficient account balance.,soft,halted,3,3,2026-08-25T04:20:55.997650+05:30,2026-09-25T13:20:55.997650+05:30,,escalated,voice,0,+918877832557,vivaan.sharma302@outlook.com,,,,,,14529.0,0.0
bff30294-106d-4395-b92a-523f3cff0187,mandate,pay_ujh9sVXjCbKUvF,order_19LfNTh8V09GU5,,token_8oe8yPH89de2W4,cust_A67C3XJFePLgbB,40500,INR,netbanking,,BAD_REQUEST_ERROR,customer,payment_initiation,incorrect_cvv,Incorrect CVV entered.,soft,,3,3,2026-08-25T04:57:22.997650+05:30,2026-09-10T05:57:22.997650+05:30,,recovered,sms,40500,+919123985452,arjun.das359@hotmail.com,,,,,,405.0,405.0
76988bf5-f646-4872-828b-393856352d2e,mandate,pay_E1RGWZ9Q4AsMUX,order_FeeDN5k8mWVUK0,,token_0lWiRfkNfpNX2J,cust_xWen3JKod8mxNS,4631400,INR,card,mastercard,BAD_REQUEST_ERROR,issuer_bank,payment_authorization,transaction_limit_exceeded,Maximum transaction limit exceeded for the day.,soft,,3,3,2026-08-25T05:06:23.997650+05:30,2026-09-13T10:06:23.997650+05:30,,recovered,auto_retry,4631400,+918877250607,nisha.shah695@yahoo.co.in,,,,,,46314.0,46314.0
c263f925-4086-4059-afd1-4003f2e0900c,subscription,pay_9db8erhglQhRDE,order_LssxbdR069fSld,sub_E0yuzi4iUvsS3r,token_QJaqT4XlWx7GY7,cust_ZCmahCQVR85gBM,1171800,INR,upi,,GATEWAY_ERROR,gateway,payment_authentication,authentication_failed,Payment could not be completed due to incorrect OTP or verification details.,soft,active,1,3,2026-08-25T05:59:30.997650+05:30,2026-09-13T10:59:30.997650+05:30,,recovered,auto_retry,1171800,+917788668345,kavita.kumar843@outlook.com,,,,,,11718.0,11718.0
2440c24d-cd83-4df1-b557-0238618f75ab,mandate,pay_7whEpnKcObQcoO,order_HP2faHo9DuEYzm,,token_4TYYWpM3a30sun,cust_vwKQdCR8P1cVjd,232600,INR,upi,,BAD_REQUEST_ERROR,issuer_bank,card_enrollment_check,card_not_enrolled,Your card is not enabled for online payments.,hard,,0,0,2026-08-25T06:32:21.997650+05:30,2026-08-25T06:32:21.997650+05:30,,closed,manual,0,+918877114631,kavita.mukherjee577@yahoo.co.in,,,,,,2326.0,0.0
ee47af05-f6cf-45ef-b0b4-874fe94233d2,subscription,pay_42juK8qzleg7dP,order_Mc9vu3GmIIXFpp,sub_ADuct1rrcbCaxX,token_Nu7Q0Snbo3SpZX,cust_G9tuNLRK7gxuHl,1024700,INR,card,visa,BAD_REQUEST_ERROR,issuer_bank,payment_authorization,payment_risk_check_failed,Payment declined by bank due to risk check.,hard,pending,0,0,2026-08-25T06:48:25.997650+05:30,2026-08-25T06:48:25.997650+05:30,,closed,manual,0,+919876882831,arjun.iyer248@gmail.com,,,,,,10247.0,0.0
1e7db5f1-9919-4b87-8171-e7f62bc8b872,mandate,pay_eAU01Q2Pol6emI,order_OvIaLfxjbjIEDa,,token_4GUTzbd4Hptvau,cust_4eCfOnDfuf2bys,3537200,INR,netbanking,,BAD_REQUEST_ERROR,gateway,payment_authorization,insufficient_funds,Your payment could not be completed due to insufficient account balance.,soft,,1,3,2026-08-25T07:09:01.997650+05:30,2026-09-08T10:09:01.997650+05:30,,recovered,auto_retry,3537200,+918899682296,rohan.ghosh417@gmail.com,,,,,,35372.0,35372.0
c63f08b0-9d1f-407e-a984-a13afef37133,subscription,pay_wPQGbHGvekPftb,order_OohuRDZXb2iC12,sub_FjyqIzrmVJFVzi,token_Vf0FnPo9HsYZYD,cust_7gNcQLo2Pg9ckF,28900,INR,card,visa,BAD_REQUEST_ERROR,customer,payment_initiation,incorrect_cvv,Incorrect CVV entered.,soft,halted,3,3,2026-08-25T07:28:19.997650+05:30,2026-09-22T14:28:19.997650+05:30,,escalated,voice,0,+919900696494,krishna.joshi558@rediffmail.com,,,,,,289.0,0.0
397d59ab-9880-4ffe-bbf9-7fbd8412464d,mandate,pay_fbzEk1lxTASYAa,order_UrdNGAqkj0BMQ7,,token_7oNV7jAbIcs1nc,cust_JUYmvt0pQulJAk,116100,INR,netbanking,,GATEWAY_ERROR,gateway,payment_authorization,gateway_technical_error,Payment did not go through due to a temporary issue.,technical,,4,3,2026-08-25T07:46:42.997650+05:30,2026-09-28T15:46:42.997650+05:30,,escalated,voice,0,+919988401084,deepak.gupta415@gmail.com,,,,,,1161.0,0.0
1fb5e7e9-1bba-4403-8aae-7d57acd414fb,mandate,pay_1NWuLD6IWtsd3n,order_N5V5eHyjYWiR5Q,,token_6MOtJ1zjXuB3Sd,cust_QXGkNgqjv1ofWf,757900,INR,card,rupay,GATEWAY_ERROR,gateway,payment_authentication,authentication_failed,Payment could not be completed due to incorrect OTP or verification details.,soft,,3,3,2026-08-25T08:19:37.997650+05:30,2026-09-13T04:19:37.997650+05:30,,recovered,sms,757900,+919876374942,arjun.bose203@yahoo.co.in,,,,,,7579.0,7579.0
9d036d53-2dbb-4683-b623-6a5077849c61,mandate,pay_rNNATM0mDJxzxS,order_hnryWDuJaG2Iro,,token_aM4bg8p69MFyBe,cust_qwcbadN11OHKtP,340400,INR,upi,,BAD_REQUEST_ERROR,gateway,payment_authorization,insufficient_funds,Your payment could not be completed due to insufficient account balance.,soft,,3,3,2026-08-25T08:33:58.997650+05:30,2026-09-06T12:33:58.997650+05:30,,escalated,voice,0,+918877189520,vikram.mukherjee662@rediffmail.com,,,,,,3404.0,0.0
1a560729-27e2-48ee-8215-e36f53b62fbe,mandate,pay_ozprjSXbxI2XnP,order_95qMysmbdJyppK,,token_9PrqYI1GyYDPSn,cust_wP3fOy7OZ84oFO,134900,INR,upi,,BAD_REQUEST_ERROR,gateway,payment_authorization,insufficient_funds,Your payment could not be completed due to insufficient account balance.,soft,,1,3,2026-08-25T09:25:32.997650+05:30,2026-09-06T10:25:32.997650+05:30,,recovered,auto_retry,134900,+919900327364,rohan.bose15@yahoo.co.in,,,,,,1349.0,1349.0
9ac93da2-488e-4b68-9e07-0a7f79d1d833,subscription,pay_DuLGAFMghTlYSl,order_Jyu3F4GThy6qMh,sub_c3CgfGK19ABu7T,token_XpADd2haR3ADcb,cust_4mLrhRv3qMoWeQ,343200,INR,card,visa,BAD_REQUEST_ERROR,customer,payment_authentication,payment_timed_out,Your payment could not be completed due to a temporary issue. Try again later.,soft,active,3,3,2026-08-25T10:09:48.997650+05:30,2026-09-06T10:09:48.997650+05:30,,recovered,auto_retry,343200,+918899216362,rohan.agarwal897@gmail.com,,,,,,3432.0,3432.0
af60e544-050a-48f3-8139-8baa5bec21b1,subscription,pay_nKahqm6N2FRBDE,order_S9NE0PaN91ETbW,sub_cCsddOpcqWLQGd,token_6nMig4e1oCKpop,cust_HYlOkxuwVpIl1e,807600,INR,upi,,BAD_REQUEST_ERROR,gateway,payment_authorization,insufficient_funds,Your payment could not be completed due to insufficient account balance.,soft,halted,3,3,2026-08-25T10:26:52.997650+05:30,2026-09-04T11:26:52.997650+05:30,,escalated,voice,0,+919988356808,ayaan.mehta942@rediffmail.com,,,,,,8076.0,0.0
e3f73ca6-64a0-4dd2-82e5-ab6464804622,checkout_drop_off,pay_itbCizPrAjmQ71,order_eUsxe94G6GcE5f,,,cust_4OXar42BrN5tDt,216900,INR,upi,visa,CHECKOUT_DROP_OFF,customer,checkout_funnel,3ds_auth_cancelled,Abandoned at otp_abandoned: 3ds_auth_cancelled,soft,,0,3,2026-08-25T10:35:06.997650+05:30,2026-08-25T10:35:06.997650+05:30,,closed,payment_link,0,+919988859534,suresh.patel206@yahoo.co.in,,,,,otp_abandoned,2169.0,0.0
cfc5631e-6f5f-48f4-85ca-46c61813fef7,subscription,pay_7XurtgCIGCQsWr,order_NRYsHDurOw6EjI,sub_JMS3Z1hMsvBiIU,token_G4pGBIoQTYuqty,cust_cpYLsfZrfcefXi,254800,INR,card,mastercard,BAD_REQUEST_ERROR,gateway,payment_authorization,insufficient_funds,Your payment could not be completed due to insufficient account balance.,soft,halted,3,3,2026-08-25T10:38:24.997650+05:30,2026-09-03T13:38:24.997650+05:30,,escalated,voice,0,+919123043968,aarav.agarwal667@outlook.com,,,,,,2548.0,0.0
eb007ca4-4c65-4aec-8182-2e86f778e869,mandate,pay_NSv6Hsnu8SBa05,order_TljANnt8O74zVM,,token_fh88AVFLgKow4t,cust_6heRFV0irc5txw,343400,INR,card,visa,BAD_REQUEST_ERROR,customer,payment_authentication,payment_cancelled,Your payment has been cancelled.,soft,,3,3,2026-08-25T10:40:27.997650+05:30,2026-09-08T11:40:27.997650+05:30,,escalated,voice,0,+918899231532,deepak.yadav80@gmail.com,,,,,,3434.0,0.0
23490ba7-0acc-42bf-9db6-d0e19021049c,mandate,pay_eVltQ2x9jk1UOh,order_HREHrJoeNGQzma,,token_YPBFx9DNexaGM1,cust_OcCXRT7hr6o1FA,326100,INR,card,mastercard,BAD_REQUEST_ERROR,issuer_bank,payment_authorization,card_expired,Your card has expired. Please use another card.,hard,,0,0,2026-08-25T11:27:16.997650+05:30,2026-08-25T11:27:16.997650+05:30,,closed,manual,0,+917788239405,aadhya.joshi701@hotmail.com,,,,,,3261.0,0.0
2bf8c9d4-f8f3-4690-a089-d170d6928ab0,subscription,pay_q0TLUiln7gw7ni,order_CUOr73dLOOHRqW,sub_BV5es9vnKpjSLr,token_Z7ZOiZVEG2hRpE,cust_DSsuIpz8pyAKIm,1437800,INR,upi,,BAD_REQUEST_ERROR,issuer_bank,payment_authorization,card_expired,Your card has expired. Please use another card.,hard,pending,0,0,2026-08-25T11:39:56.997650+05:30,2026-08-25T11:39:56.997650+05:30,,closed,manual,0,+919900497859,pooja.ghosh767@rediffmail.com,,,,,,14378.0,0.0
bba2e108-1a53-44fa-80ca-ea4037776911,subscription,pay_JV7q75dfNOjqRw,order_ZWmPGZoYVAgNTN,sub_0pS7U5blxrEYkb,token_pSsi4pKpmBE2KI,cust_lBMy3q6tofIV8W,378200,INR,upi,,BAD_REQUEST_ERROR,issuer_bank,card_enrollment_check,card_not_enrolled,Your card is not enabled for online payments.,hard,pending,0,0,2026-08-25T11:41:01.997650+05:30,2026-08-25T11:41:01.997650+05:30,,closed,manual,0,+919988465622,aditi.joshi368@rediffmail.com,,,,,,3782.0,0.0
9d605f79-c1a5-476e-9c65-4dc1ef9b992a,subscription,pay_HeJRKnhjfsVf9q,order_9naLQyptN1OjxJ,sub_aU5a44jhXKMJTL,token_e1LgWF96ySwW32,cust_x8FqqXZS7eWVBL,3002300,INR,upi,,GATEWAY_ERROR,gateway,payment_authentication,authentication_failed,Payment could not be completed due to incorrect OTP or verification details.,soft,active,3,3,2026-08-25T11:50:21.997650+05:30,2026-09-20T22:50:21.997650+05:30,,recovered,sms,3002300,+919988998098,deepak.roy865@outlook.com,,,,,,30023.0,30023.0
ba7a294f-88b4-4704-80b4-116a75488753,mandate,pay_qHPSbnxthcFZqu,order_yG5EZswcscU8aT,,token_q6t09XCe3QiJrm,cust_W2lsFNOVtFqZqJ,27700,INR,netbanking,,BAD_REQUEST_ERROR,gateway,payment_authorization,insufficient_funds,Your payment could not be completed due to insufficient account balance.,soft,,3,3,2026-08-25T11:52:02.997650+05:30,2026-09-03T13:52:02.997650+05:30,,escalated,voice,0,+919900229731,rohan.agarwal594@rediffmail.com,,,,,,277.0,0.0
03bfe25b-fe29-4212-a089-e7c78bda3500,payment,pay_4ZQ8BZYTmTpmP5,order_yys5F7Rjxr23TF,,,cust_nN20JCbghCJEbx,866600,INR,emandate,,BAD_REQUEST_ERROR,issuer_bank,payment_authorization,transaction_limit_exceeded,Maximum transaction limit exceeded for the day.,soft,,1,3,2026-08-25T12:14:41.997650+05:30,2026-09-06T10:14:41.997650+05:30,,recovered,auto_retry,866600,+917766024266,diya.shah266@yahoo.co.in,,,,,,8666.0,8666.0
b92c27e3-abbb-46cb-a6b0-be5c8c51ce41,payment,pay_ibvek2b86JhOXP,order_D5pS53IM5CQSBl,,,cust_eH9Z50lDuwFjGO,253700,INR,card,rupay,BAD_REQUEST_ERROR,issuer_bank,payment_authorization,card_disabled_for_online_payments,Your card is disabled for online payments.,hard,,0,0,2026-08-25T12:20:53.997650+05:30,2026-08-25T12:20:53.997650+05:30,,closed,manual,0,+919123944228,deepak.kumar145@yahoo.co.in,,,,,,2537.0,0.0
5820875a-2831-4638-9cfd-60cc9f705877,payment,pay_y6Zufr7wxlsLl9,order_hUnaW7oiVaF2IZ,,,cust_57Lx3xaNHRFCkg,143900,INR,upi,,BAD_REQUEST_ERROR,issuer_bank,payment_authorization,card_disabled_for_online_payments,Your card is disabled for online payments.,hard,,0,0,2026-08-25T13:08:07.997650+05:30,2026-08-25T13:08:07.997650+05:30,,closed,manual,0,+917766820751,vikram.agarwal246@gmail.com,,,,,,1439.0,0.0
bb531467-277d-4eb3-9a71-28a94bbaf581,checkout_drop_off,,order_ELjWkpZ79Qlief,,,cust_thsOzCSHKuASVJ,296900,INR,card,visa,CHECKOUT_DROP_OFF,customer,checkout_funnel,price_comparison_pause,Abandoned at cart_abandoned: price_comparison_pause,soft,,0,3,2026-08-25T13:21:12.997650+05:30,2026-08-25T13:21:12.997650+05:30,,closed,payment_link,0,+917788690995,ishaan.pillai269@gmail.com,,,,,cart_abandoned,2969.0,0.0
31313b0d-e1d3-4909-977a-09ce20a833a1,payment,pay_v2sfufVpqQy2f5,order_rRCFsr1sJC0hVo,,,cust_Fr12llBMfL4BBh,95200,INR,upi,,BAD_REQUEST_ERROR,gateway,payment_authorization,insufficient_funds,Your payment could not be completed due to insufficient account balance.,soft,,2,3,2026-08-25T13:41:24.997650+05:30,2026-09-16T10:41:24.997650+05:30,,recovered,auto_retry,95200,+919876219797,aditya.mahanty311@rediffmail.com,,,,,,952.0,952.0
eb3b00eb-1c19-4bde-8f9a-871974c2e846,payment,pay_lHC3OEFl4l6zHo,order_igKSGZWCT9l5BG,,,cust_9WmjZFIGp8CJY5,1352700,INR,upi,,BAD_REQUEST_ERROR,customer,payment_authentication,payment_timed_out,Your payment could not be completed due to a temporary issue. Try again later.,soft,,3,3,2026-08-25T13:42:27.997650+05:30,2026-09-03T13:42:27.997650+05:30,,escalated,voice,0,+919900239240,neha.mukherjee896@rediffmail.com,,,,,,13527.0,0.0
a6f2a618-fd5e-4dea-a247-eb3cce060e9b,payment,pay_3qjH5XDWKP61q6,order_WILoFoID513VMU,,,cust_RSIKxE8aGg8PL7,1470000,INR,upi,,BAD_REQUEST_ERROR,gateway,payment_authorization,insufficient_funds,Your payment could not be completed due to insufficient account balance.,soft,,3,3,2026-08-25T13:51:31.997650+05:30,2026-09-06T15:51:31.997650+05:30,,recovered,sms,1470000,+918877901138,amit.gupta10@rediffmail.com,,,,,,14700.0,14700.0
b0bf732b-d5fc-4266-bb94-ffb929a86a6a,checkout_drop_off,,order_a07z8TR4Cq2TZN,,,cust_W5kku2H6thMKC3,158200,INR,upi,visa,CHECKOUT_DROP_OFF,customer,checkout_funnel,unexpected_shipping_fees,Abandoned at address_submitted: unexpected_shipping_fees,soft,,0,3,2026-08-25T14:04:18.997650+05:30,2026-08-25T14:04:18.997650+05:30,,closed,payment_link,0,+919876496781,suresh.verma620@hotmail.com,,,,,address_submitted,1582.0,0.0
c06e9ae8-5a2a-4738-8aa1-b121bf2323c2,payment,pay_iUsNYhXMprKkGe,order_ldzBIIIXq8MEUN,,,cust_AzUlLf9icUWJMo,59300,INR,upi,,BAD_REQUEST_ERROR,issuer_bank,payment_authorization,transaction_limit_exceeded,Maximum transaction limit exceeded for the day.,soft,,3,3,2026-08-25T14:29:55.997650+05:30,2026-09-08T16:29:55.997650+05:30,,escalated,voice,0,+917788100668,suresh.reddy61@hotmail.com,,,,,,593.0,0.0
b261d7a5-afbd-41e3-9ca2-8357d72fe399,checkout_drop_off,pay_2AxKxERIunL7mR,order_7G1vLk5Tt23I9o,,,cust_mvmRrFuL7NDed1,94400,INR,upi,visa,CHECKOUT_DROP_OFF,customer,checkout_funnel,upi_intent_app_switch_failed,Abandoned at payment_method_selected: upi_intent_app_switch_failed,soft,,0,3,2026-08-25T14:51:16.997650+05:30,2026-08-25T14:51:16.997650+05:30,,closed,payment_link,0,+918899961919,krishna.roy86@outlook.com,,,,,payment_method_selected,944.0,0.0
1d273660-a233-4604-8aa7-11784719d8d5,payment,pay_BxPJFEnMXHH7uY,order_qAGoy1VFEoinSJ,,,cust_mjjKRI96nvGIyO,57200,INR,card,mastercard,BAD_REQUEST_ERROR,gateway,payment_authorization,insufficient_funds,Your payment could not be completed due to insufficient account balance.,soft,,3,3,2026-08-25T14:52:28.997650+05:30,2026-09-26T15:52:28.997650+05:30,,escalated,voice,0,+919988811239,kavita.kumar949@hotmail.com,,,,,,572.0,0.0
b426e7ce-4831-4e42-a445-018d6f071720,mandate,pay_jgNT9v5WrXq3Fh,order_2lTMIyMWfETVuv,,token_5Gwut9iD3xSU1s,cust_how97TZN9E8ZZV,164800,INR,netbanking,,BAD_REQUEST_ERROR,gateway,payment_authorization,insufficient_funds,Your payment could not be completed due to insufficient account balance.,soft,,3,3,2026-08-25T15:14:29.997650+05:30,2026-09-03T13:14:29.997650+05:30,,escalated,voice,0,+918877769083,amit.joshi47@hotmail.com,,,,,,1648.0,0.0
35e3f8bf-1317-4de4-86ce-07ddc4a60dcb,payment,pay_8JsNkEcvT0U1gX,order_7W2bLceSoNazoi,,,cust_Y54pUC8vuF3fYz,44200,INR,upi,,GATEWAY_ERROR,issuer_bank,payment_authorization,bank_technical_error,Bank downtime. Please try again later.,technical,,4,3,2026-08-25T15:16:37.997650+05:30,2026-09-17T11:16:37.997650+05:30,,escalated,voice,0,+917788620726,amit.dey839@rediffmail.com,,,,,,442.0,0.0
716dadd2-370c-48e9-95c9-d82bbfbae6de,checkout_drop_off,pay_ijFYbQXediyOME,order_fu2XJgtDqeaUgI,,,cust_ML7BVg8KJfqGar,95100,INR,card,rupay,CHECKOUT_DROP_OFF,customer,checkout_funnel,otp_not_received,Abandoned at otp_abandoned: otp_not_received,soft,,0,3,2026-08-25T15:51:48.997650+05:30,2026-08-25T15:51:48.997650+05:30,,closed,payment_link,0,+917788834248,meera.pillai818@hotmail.com,,,,,otp_abandoned,951.0,0.0
31ea02be-0958-4ebc-ad7d-b25f05393732,checkout_drop_off,pay_TlVi81eN5e9o9V,order_7lNIB2KiLSL9s8,,,cust_Gf3gYwTmzchXJL,769100,INR,upi,rupay,CHECKOUT_DROP_OFF,customer,checkout_funnel,preferred_bank_missing,Abandoned at payment_method_selected: preferred_bank_missing,soft,,0,3,2026-08-25T15:54:06.997650+05:30,2026-08-25T15:54:06.997650+05:30,,closed,payment_link,0,+918877668079,pradeep.verma762@rediffmail.com,,,,,payment_method_selected,7691.0,0.0
5f730123-3335-4bf5-a52b-d0cddf924761,b2b_receivable,,order_9dgsjBcvXcOOxF,,,cust_hHnxAiDzEOtmsx,46500000,INR,netbanking,,INVOICE_PAYMENT_OVERDUE,corporate_buyer,accounts_payable_settlement,invoice_overdue_31_60_days,Corporate invoice overdue by 40 days (31_60_days).,soft,,0,3,2026-08-25T16:07:14.997650+05:30,2026-08-25T16:07:14.997650+05:30,,recovered,voice,46500000,+919123246163,ap@trident.com,inv_4z6g3oJaSPpT5S,Trident Agro Exports Pvt Ltd,06CBEEA2226Z9ZL,31_60_days,,465000.0,465000.0
a2ee2179-6346-425e-bbb1-b234c289c7a9,payment,pay_QKB9kqHwOcVSHl,order_XCFWrR8sxfEPZz,,,cust_uuuolg08ejYuM7,15700,INR,card,visa,BAD_REQUEST_ERROR,gateway,payment_authorization,insufficient_funds,Your payment could not be completed due to insufficient account balance.,soft,,1,3,2026-08-25T17:50:10.997650+05:30,2026-08-30T10:50:10.997650+05:30,,recovered,auto_retry,15700,+919900444981,vihaan.patel678@gmail.com,,,,,,157.0,157.0
ce0b8663-8814-412a-b54a-8c5a269f1d9b,subscription,pay_MB08ZlQxz6PJqK,order_Daervai2U7ENVg,sub_1287Ac5YWyDng5,token_lYpjpJwKrVUeSg,cust_S9KCOH7Ca0yxGK,50700,INR,card,visa,BAD_REQUEST_ERROR,issuer_bank,payment_authorization,transaction_limit_exceeded,Maximum transaction limit exceeded for the day.,soft,active,3,3,2026-08-25T18:27:21.997650+05:30,2026-09-09T02:27:21.997650+05:30,,recovered,sms,50700,+919900035654,ayaan.mishra81@rediffmail.com,,,,,,507.0,507.0
16fa09d6-4704-4405-9f28-92443ccdfa2b,payment,pay_Ya78wz6pD1dOYk,order_QyQdNVbJV9eav9,,,cust_ejg8h4VNUpS3xd,766700,INR,upi,,BAD_REQUEST_ERROR,issuer_bank,payment_authorization,card_disabled_for_online_payments,Your card is disabled for online payments.,hard,,0,0,2026-08-25T18:38:17.997650+05:30,2026-08-25T18:38:17.997650+05:30,,closed,manual,0,+917788599732,ishaan.reddy658@yahoo.co.in,,,,,,7667.0,0.0
1983cce4-22b1-4a7f-a80d-d336fbe3150c,checkout_drop_off,,order_7NsO17A8bbWcnU,,,cust_Kn7CBCTEHih4nP,81400,INR,upi,visa,CHECKOUT_DROP_OFF,customer,checkout_funnel,accidental_tab_close,Abandoned at cart_abandoned: accidental_tab_close,soft,,0,3,2026-08-25T18:44:14.997650+05:30,2026-08-25T18:44:14.997650+05:30,,closed,payment_link,0,+917766787114,vihaan.mishra339@rediffmail.com,,,,,cart_abandoned,814.0,0.0
59d14833-4889-4b7f-9b6a-2af6f67cb6e4,payment,pay_wzbrA6vESvrMzF,order_V9DdxRgiLZ27fj,,,cust_Vz0OxsNcljfuTG,313600,INR,wallet,,GATEWAY_ERROR,issuer_bank,payment_authorization,bank_technical_error,Bank downtime. Please try again later.,technical,,4,3,2026-08-25T19:23:39.997650+05:30,2026-09-09T16:23:39.997650+05:30,,escalated,voice,0,+919123993231,vihaan.banerjee860@yahoo.co.in,,,,,,3136.0,0.0
f63426ac-a7f9-4297-9e7a-8972dd263ec5,checkout_drop_off,,order_gdo2Wc1AUqKR1K,,,cust_19dnaGvbtkl9lf,189100,INR,card,rupay,CHECKOUT_DROP_OFF,customer,checkout_funnel,window_shopping_exit,Abandoned at cart_abandoned: window_shopping_exit,soft,,0,3,2026-08-25T20:07:30.997650+05:30,2026-08-25T20:07:30.997650+05:30,,closed,payment_link,0,+918877892496,arjun.nair15@yahoo.co.in,,,,,cart_abandoned,1891.0,0.0
859f6ce4-b32d-4174-abfb-242dc06ec34a,payment,pay_x9jaakXJemYYxV,order_iS5gcEZzh8EjDy,,,cust_5wFaBYB9aGDKVC,18600,INR,upi,,BAD_REQUEST_ERROR,issuer_bank,payment_authorization,card_disabled_for_online_payments,Your card is disabled for online payments.,hard,,0,0,2026-08-25T20:13:49.997650+05:30,2026-08-25T20:13:49.997650+05:30,,closed,manual,0,+919123991216,vihaan.kumar814@outlook.com,,,,,,186.0,0.0
2b1bf9dd-905c-496a-899d-213120d1c902,payment,pay_RoISuPqFUPa78I,order_K3YSa6qWBuPAHs,,,cust_bDoNmD1THURKV8,962100,INR,upi,,BAD_REQUEST_ERROR,customer,payment_authentication,payment_cancelled,Your payment has been cancelled.,soft,,2,3,2026-08-25T20:20:00.997650+05:30,2026-09-05T10:20:00.997650+05:30,,recovered,auto_retry,962100,+919988583281,meera.joshi164@hotmail.com,,,,,,9621.0,9621.0
a6d6a196-8846-4b05-b5ec-33eca5e03db8,checkout_drop_off,pay_yQ4sLjdR0BnfIb,order_ZwVFkCm3H3FgkO,,,cust_Xyp3h5FjEOlS19,282800,INR,upi,visa,CHECKOUT_DROP_OFF,customer,checkout_funnel,otp_not_received,Abandoned at otp_abandoned: otp_not_received,soft,,0,3,2026-08-25T20:53:25.997650+05:30,2026-08-25T20:53:25.997650+05:30,,closed,payment_link,0,+917766513316,kavita.mahanty303@rediffmail.com,,,,,otp_abandoned,2828.0,0.0
81a4b80d-92bd-4af3-8e19-a283e1e6a892,payment,pay_mzkJHkzkabBGja,order_HRm8JSk6p7wkvn,,,cust_D5s43lW3xSE3nj,241100,INR,upi,,GATEWAY_ERROR,gateway,payment_authentication,authentication_failed,Payment could not be completed due to incorrect OTP or verification details.,soft,,1,3,2026-08-25T21:13:22.997650+05:30,2026-09-04T10:13:22.997650+05:30,,recovered,auto_retry,241100,+918877174653,saanvi.agarwal747@outlook.com,,,,,,2411.0,2411.0
4637952d-afc0-4ed6-8d9f-4c75bb6e8963,payment,pay_ZJ8aSzS97TZbOH,order_Fy87BRXdSSwqTZ,,,cust_yauzOgMs8rgJOd,54100,INR,upi,,GATEWAY_ERROR,gateway,payment_authentication,authentication_failed,Payment could not be completed due to incorrect OTP or verification details.,soft,,3,3,2026-08-25T21:37:53.997650+05:30,2026-09-04T16:37:53.997650+05:30,,recovered,sms,54100,+919988184651,kavita.das991@yahoo.co.in,,,,,,541.0,541.0
d4ced336-c72a-41aa-b335-33ca92bec960,payment,pay_3F1bJBFlr6o9bR,order_loJJHhIv4wLnmC,,,cust_j0KsBDPV9e0iON,45600,INR,upi,,BAD_REQUEST_ERROR,issuer_bank,payment_authorization,debit_instrument_inactive,Your card is currently inactive.,technical,,4,3,2026-08-25T22:40:29.997650+05:30,2026-09-08T11:40:29.997650+05:30,,escalated,voice,0,+918899461758,vihaan.sharma554@gmail.com,,,,,,456.0,0.0
9d4a956c-bf86-497f-a207-46436d161be2,payment,pay_4wMYH2ccLpT5dp,order_duJk1q1k3efZKX,,,cust_n6VYOO7pfPKGNu,61200,INR,upi,,BAD_REQUEST_ERROR,issuer_bank,card_enrollment_check,card_not_enrolled,Your card is not enabled for online payments.,hard,,0,0,2026-08-25T23:15:26.997650+05:30,2026-08-25T23:15:26.997650+05:30,,closed,manual,0,+918877939409,arjun.roy423@hotmail.com,,,,,,612.0,0.0
eb11dbfd-e96d-4e70-814e-6ce1c1cf4b7b,payment,pay_WVmOz468hnM3Ou,order_szerek2HPDqLw3,,,cust_T6A89t7MNqqadS,319900,INR,wallet,,GATEWAY_ERROR,gateway,payment_authorization,gateway_technical_error,Payment did not go through due to a temporary issue.,technical,,3,3,2026-08-25T23:28:11.997650+05:30,2026-09-15T10:28:11.997650+05:30,,recovered,auto_retry,319900,+919876520495,aarav.das921@rediffmail.com,,,,,,3199.0,3199.0
d1c0db0e-55c3-4948-8fe7-ae52010255bb,payment,pay_b4MrHj6XTslEHy,order_QbcN6MedjwjkNx,,,cust_u6HjXDdAH9kacN,35400,INR,upi,,BAD_REQUEST_ERROR,gateway,payment_authorization,insufficient_funds,Your payment could not be completed due to insufficient account balance.,soft,,1,3,2026-08-25T23:38:50.997650+05:30,2026-08-30T10:38:50.997650+05:30,,recovered,auto_retry,35400,+919988828197,vikram.reddy666@hotmail.com,,,,,,354.0,354.0
0d5e197e-5ced-40f5-9549-847a8abf9ed5,checkout_drop_off,pay_jsm5FKvqLdkyuo,order_05nH6ZzkmbRkh4,,,cust_QmsOrn7Q43Ym4D,263300,INR,card,rupay,CHECKOUT_DROP_OFF,customer,checkout_funnel,upi_intent_app_switch_failed,Abandoned at payment_method_selected: upi_intent_app_switch_failed,soft,,0,3,2026-08-25T23:48:49.997650+05:30,2026-08-25T23:48:49.997650+05:30,,closed,payment_link,0,+918877616329,sai.banerjee507@outlook.com,,,,,payment_method_selected,2633.0,0.0
fb746d19-5d2e-4887-82c7-088cb596f692,subscription,pay_K2ADGYQZZXyW7q,order_XGSd4JLwG2SOmQ,sub_KhsYnrxb8eDqwV,token_1k5rI4yMhwfxpm,cust_AXmNpZht7wlsdj,1443300,INR,wallet,,GATEWAY_ERROR,gateway,payment_authorization,gateway_technical_error,Payment did not go through due to a temporary issue.,technical,active,1,3,2026-08-26T04:02:56.997650+05:30,2026-09-04T10:02:56.997650+05:30,,recovered,auto_retry,1443300,+919876917189,shreya.kumar674@outlook.com,,,,,,14433.0,14433.0
03568b16-c55c-4314-9084-72bfece8247f,mandate,pay_7lrV7wz3T3v3Ad,order_BB1wFxWo35bc9K,,token_BpmikHDg3AHRxR,cust_zV0ueew2CniHny,186200,INR,card,rupay,BAD_REQUEST_ERROR,customer,payment_authentication,payment_timed_out,Your payment could not be completed due to a temporary issue. Try again later.,soft,,3,3,2026-08-26T04:11:32.997650+05:30,2026-09-25T15:11:32.997650+05:30,,escalated,voice,0,+917788027663,rohan.agarwal552@yahoo.co.in,,,,,,1862.0,0.0
da02fe3b-6118-4f27-9105-f63dd081cd86,subscription,pay_Cx4FIk8v3n9isG,order_DHjRRJcs5pkm8i,sub_PkJJ3zVu4xuHR4,token_eHohHe5Bh9ND3A,cust_gNFaKn0D531BmW,204100,INR,upi,,BAD_REQUEST_ERROR,issuer_bank,payment_authorization,card_expired,Your card has expired. Please use another card.,hard,pending,0,0,2026-08-26T04:12:24.997650+05:30,2026-08-26T04:12:24.997650+05:30,,closed,manual,0,+918899421771,saanvi.chauhan357@rediffmail.com,,,,,,2041.0,0.0
41c71678-4e99-4b95-88b5-805efcb2c1b9,subscription,pay_8CRDcT34bScJZW,order_BFRt3hO9DsUFgl,sub_zpF5hgUcP15vOs,token_r8LLoAteV99AJY,cust_ZXXNMfIGDToNHQ,47100,INR,emandate,,BAD_REQUEST_ERROR,gateway,payment_authorization,insufficient_funds,Your payment could not be completed due to insufficient account balance.,soft,halted,3,3,2026-08-26T04:46:02.997650+05:30,2026-09-16T15:46:02.997650+05:30,,escalated,voice,0,+918877755373,arjun.agarwal715@outlook.com,,,,,,471.0,0.0
7baa8d6f-287f-46dd-8184-93b361115070,subscription,pay_m3mgy7SZS1ONkj,order_z8jrCXEug6x5Zs,sub_c8sxGU9fQ9rDuD,token_Rpdf1doycTl6T0,cust_x53oDyy0ZSsr52,230700,INR,card,visa,BAD_REQUEST_ERROR,issuer_bank,card_enrollment_check,card_not_enrolled,Your card is not enabled for online payments.,hard,pending,0,0,2026-08-26T05:19:51.997650+05:30,2026-08-26T05:19:51.997650+05:30,,closed,manual,0,+919988070910,diya.chauhan250@hotmail.com,,,,,,2307.0,0.0
e7966fdb-f131-43b2-b84f-211c71bcbd6f,subscription,pay_yPYn4qoQHcOgG9,order_nkgcBHUi4vM0UP,sub_34iDyOM8VU09bl,token_E0sxIUIClqm6OO,cust_XlbWxvdN15XPhK,98400,INR,upi,,BAD_REQUEST_ERROR,gateway,payment_authorization,insufficient_funds,Your payment could not be completed due to insufficient account balance.,soft,active,1,3,2026-08-26T05:47:09.997650+05:30,2026-09-20T10:47:09.997650+05:30,,recovered,auto_retry,98400,+917788067561,ayaan.mukherjee587@outlook.com,,,,,,984.0,984.0
f8ecbba9-ee75-424f-b5a6-f59478db5cd1,subscription,pay_lPUi2LWvTIClcH,order_J6swE8wO12bIHQ,sub_gA9ErWxhNaswtg,token_orQSqqpYNtuM35,cust_SODwpkSMJkJh3O,63900,INR,upi,,BAD_REQUEST_ERROR,gateway,payment_authorization,payment_failed,Payment was declined by the bank.,technical,halted,3,3,2026-08-26T05:53:41.997650+05:30,2026-09-05T12:53:41.997650+05:30,,escalated,voice,0,+917766808231,rohan.mukherjee166@gmail.com,,,,,,639.0,0.0
7db6f97b-d990-49fa-9f78-e201a0d60a62,subscription,pay_GAtBX4cDjgxUlu,order_w7nXsshvYaTFcP,sub_QEu8Q4nQrZobNw,token_s5v3FGbSFADKfE,cust_BPUB8GUoDr46rN,1080500,INR,upi,,BAD_REQUEST_ERROR,issuer_bank,payment_authorization,card_expired,Your card has expired. Please use another card.,hard,pending,0,0,2026-08-26T05:59:38.997650+05:30,2026-08-26T05:59:38.997650+05:30,,closed,manual,0,+917766974011,vihaan.banerjee15@outlook.com,,,,,,10805.0,0.0
c17d3fb7-a433-421b-8761-138a49267e12,subscription,pay_HqpHMPRPhNak87,order_RMhVmMFh4dRAMI,sub_J91hna9PauELtM,token_DhwtkAwDZhjaQG,cust_hzAoNxwJL9DEif,344800,INR,upi,,BAD_REQUEST_ERROR,gateway,payment_authorization,insufficient_funds,Your payment could not be completed due to insufficient account balance.,soft,active,1,3,2026-08-26T06:32:31.997650+05:30,2026-09-15T10:32:31.997650+05:30,,recovered,auto_retry,344800,+918877446933,rohan.agarwal405@rediffmail.com,,,,,,3448.0,3448.0
3f67aee5-f3e1-48af-af0a-fb32f86c9aba,subscription,pay_yf3K96DW7WIhqI,order_lqWMPoIsjt7MsB,sub_6phL41WE6FiyjM,token_igIWABf6yBXHqU,cust_pN2t1lRO24Vzy3,320200,INR,card,diners,BAD_REQUEST_ERROR,customer,payment_authentication,payment_timed_out,Your payment could not be completed due to a temporary issue. Try again later.,soft,active,1,3,2026-08-26T07:50:22.997650+05:30,2026-09-17T10:50:22.997650+05:30,,recovered,auto_retry,320200,+918899511034,aarav.mishra632@hotmail.com,,,,,,3202.0,3202.0
be137fea-d781-4dab-8cd9-7e41a67cb747,subscription,pay_AKITcNmllV86bH,order_nK2A3wZVxkBPev,sub_GBsCQvlSxI8UoR,token_GilFejR8tLfWKr,cust_cRbLWnBrCwgmfd,420400,INR,card,rupay,BAD_REQUEST_ERROR,gateway,payment_authorization,insufficient_funds,Your payment could not be completed due to insufficient account balance.,soft,active,2,3,2026-08-26T07:51:17.997650+05:30,2026-09-06T10:51:17.997650+05:30,,recovered,auto_retry,420400,+919900169351,aanya.das602@outlook.com,,,,,,4204.0,4204.0
d6a344c8-b311-41ad-9e06-88a640db2985,mandate,pay_VB5Mh3ZoMSBcQA,order_GyWSDHNaasKDNH,,token_iE5y5JlGVDvSdj,cust_Cwraj2DHB6cCqB,147700,INR,upi,,BAD_REQUEST_ERROR,issuer_bank,payment_authorization,debit_instrument_inactive,Your card is currently inactive.,technical,,4,3,2026-08-26T08:09:42.997650+05:30,2026-09-28T15:09:42.997650+05:30,,escalated,voice,0,+917766866497,vivaan.reddy766@hotmail.com,,,,,,1477.0,0.0
e5e56436-e1f0-4d11-9ec0-ce3ae6a117fb,subscription,pay_feKDL5s28o0LPD,order_nyVugsybNaNaYI,sub_IYdyhEU0TqrOKM,token_4JBTD4HOg1TBGM,cust_GFNQl6Kfl10uyt,682000,INR,card,amex,BAD_REQUEST_ERROR,issuer_bank,card_enrollment_check,card_not_enrolled,Your card is not enabled for online payments.,hard,pending,0,0,2026-08-26T09:28:48.997650+05:30,2026-08-26T09:28:48.997650+05:30,,closed,manual,0,+919876944083,rahul.shah737@outlook.com,,,,,,6820.0,0.0
7e83b0f0-2c08-46fe-a965-26f6a09167b6,mandate,pay_tJKIHeNv8EpYhJ,order_Ex2s7DwdUXbJir,,token_0K2be2sWLBc6gr,cust_GSuLSZlZn3OQPY,86300,INR,card,mastercard,GATEWAY_ERROR,issuer_bank,payment_authorization,bank_technical_error,Bank downtime. Please try again later.,technical,,2,3,2026-08-26T10:16:55.997650+05:30,2026-09-11T10:16:55.997650+05:30,,recovered,auto_retry,86300,+918899149418,diya.iyer871@hotmail.com,,,,,,863.0,863.0
44c32ebe-5dd6-4751-9bc4-6c041fa806f5,subscription,pay_NV8YOxHkEfhPK8,order_hVLFikn7bTtHhx,sub_FntTj9klAE0X9N,token_hxd0bdUedkfoMx,cust_Ep6LPD6rUQG4Qe,22800,INR,netbanking,,BAD_REQUEST_ERROR,customer,payment_authentication,payment_cancelled,Your payment has been cancelled.,soft,halted,3,3,2026-08-26T11:00:02.997650+05:30,2026-09-13T15:00:02.997650+05:30,,escalated,voice,0,+919876926366,vikram.shah992@yahoo.co.in,,,,,,228.0,0.0
3a8092da-e2be-447a-9fef-a3655a8bb90a,subscription,pay_tPFF35NP384ezK,order_G5K3RanNQ1g0b9,sub_Pmoq9c91mYs99s,token_8T8HrKUcwEspbq,cust_GwnCmfcprkcQOd,91800,INR,netbanking,,BAD_REQUEST_ERROR,customer,payment_authentication,payment_timed_out,Your payment could not be completed due to a temporary issue. Try again later.,soft,halted,3,3,2026-08-26T11:20:33.997650+05:30,2026-09-13T13:20:33.997650+05:30,,escalated,voice,0,+919876784418,kavita.dey896@rediffmail.com,,,,,,918.0,0.0
a41a35f9-9484-4694-90d2-e9d2511122e2,b2b_receivable,,order_r9xvjXKt9KisFJ,,,cust_Q3zL0pJKjaYRdA,6500000,INR,netbanking,,INVOICE_PAYMENT_OVERDUE,corporate_buyer,accounts_payable_settlement,invoice_overdue_16_30_days,Corporate invoice overdue by 18 days (16_30_days).,soft,,0,3,2026-08-26T11:49:43.997650+05:30,2026-08-26T11:49:43.997650+05:30,,closed,email,0,+919900753905,ap@quantalytics.com,inv_9wi3lu3FJzmXkX,Quantalytics Data Systems LLP,07CEBDE3586X6ZU,16_30_days,,65000.0,0.0
c51b35e9-c373-4fa1-b389-f376ca3264df,payment,pay_19pYNtmlgsmcPJ,order_NDrPiOJ5Yrdx8l,,,cust_56uSQ9QEc3cRPm,683800,INR,upi,,BAD_REQUEST_ERROR,gateway,payment_authorization,insufficient_funds,Your payment could not be completed due to insufficient account balance.,soft,,3,3,2026-08-26T12:15:55.997650+05:30,2026-09-25T11:15:55.997650+05:30,,escalated,voice,0,+919900141191,aditya.sharma670@gmail.com,,,,,,6838.0,0.0
340350fd-1c5f-43d4-8028-4ec3ca57dadd,payment,pay_yirHQnodWL7Op1,order_OdbFzGzwBVgGyZ,,,cust_AuzRZDj6ITWv8r,372100,INR,netbanking,,GATEWAY_ERROR,issuer_bank,payment_authorization,bank_technical_error,Bank downtime. Please try again later.,technical,,4,3,2026-08-26T12:43:33.997650+05:30,2026-09-18T21:43:33.997650+05:30,,recovered,sms,372100,+919988626669,sai.shah488@hotmail.com,,,,,,3721.0,3721.0
d6169ce9-29d3-4228-bbdf-1c1061cbe1e1,payment,pay_2t5CP5LFJLW3en,order_cepQeVmD97EXub,,,cust_ch0ZlME5nkyZKX,157700,INR,upi,,BAD_REQUEST_ERROR,customer,payment_initiation,card_number_invalid,You have entered an incorrect card number. Try again.,hard,,0,0,2026-08-26T13:14:34.997650+05:30,2026-08-26T13:14:34.997650+05:30,,closed,manual,0,+917766331679,vikram.patel399@yahoo.co.in,,,,,,1577.0,0.0
8f86f94b-61e6-4870-bebd-0d20b6792add,payment,pay_5AG8xWNaVHGWtE,order_CULe2sGn2gsltK,,,cust_3NAEsjHPR7gS7v,99600,INR,upi,,GATEWAY_ERROR,gateway,payment_authentication,authentication_failed,Payment could not be completed due to incorrect OTP or verification details.,soft,,3,3,2026-08-26T13:21:38.997650+05:30,2026-09-06T08:21:38.997650+05:30,,recovered,sms,99600,+917788715787,ishaan.banerjee584@yahoo.co.in,,,,,,996.0,996.0
131e2de0-406d-4cb3-89a1-9d7ed68526fb,checkout_drop_off,pay_Vo4hZSbqbiVV2Q,order_ynAARKdEtdsw61,,,cust_7EIS6bEc61MszT,309800,INR,card,visa,CHECKOUT_DROP_OFF,customer,checkout_funnel,3ds_auth_cancelled,Abandoned at otp_abandoned: 3ds_auth_cancelled,soft,,0,3,2026-08-26T13:24:40.997650+05:30,2026-08-26T13:24:40.997650+05:30,,recovered,payment_link,309800,+918877188699,suresh.mahanty471@gmail.com,,,,,otp_abandoned,3098.0,3098.0
1dc8be87-47ea-4e7c-9488-c195ce71be4a,payment,pay_VoxENIbuegaxAT,order_3FPgapykLHiipQ,,,cust_0EFEJZGpwxAlXw,652700,INR,emandate,,GATEWAY_ERROR,gateway,payment_authorization,gateway_technical_error,Payment did not go through due to a temporary issue.,technical,,1,3,2026-08-26T13:52:52.997650+05:30,2026-08-31T10:52:52.997650+05:30,,recovered,auto_retry,652700,+919900240441,rajesh.roy955@rediffmail.com,,,,,,6527.0,6527.0
52a25264-5343-42cf-bb2d-f317e7d255c1,payment,pay_JKxMPJekKIkEu6,order_ibt2BdX5C5KbXJ,,,cust_49lOFBQleYldE8,70400,INR,netbanking,,GATEWAY_ERROR,gateway,payment_authentication,authentication_failed,Payment could not be completed due to incorrect OTP or verification details.,soft,,3,3,2026-08-26T14:02:27.997650+05:30,2026-09-09T15:02:27.997650+05:30,,recovered,sms,70400,+918899198095,neha.gupta634@hotmail.com,,,,,,704.0,704.0
4842958e-edd7-46d2-bcfc-ca04830cb2c5,payment,pay_h3vopvfIWA2iAW,order_0szVXbjecpZQ7W,,,cust_p0LrSLWc3YbnzQ,4815600,INR,card,visa,BAD_REQUEST_ERROR,gateway,payment_authorization,payment_failed,Payment was declined by the bank.,technical,,1,3,2026-08-26T14:18:03.997650+05:30,2026-08-30T10:18:03.997650+05:30,,recovered,auto_retry,4815600,+918877113340,arjun.thakur518@rediffmail.com,,,,,,48156.0,48156.0
f9feec98-a7ca-4227-a1f9-2faeb9113c27,b2b_receivable,,order_uhwtekQcziN9e1,,,cust_AkhZWtv16qXGS2,15300000,INR,netbanking,,INVOICE_PAYMENT_OVERDUE,corporate_buyer,accounts_payable_settlement,invoice_overdue_16_30_days,Corporate invoice overdue by 30 days (16_30_days).,soft,,0,3,2026-08-26T14:27:07.997650+05:30,2026-08-26T14:27:07.997650+05:30,,recovered,email,15300000,+919123614147,ap@vanguard.com,inv_WIAkl9jumpHR8X,Vanguard Chemical Industries Ltd,19BDADA6148H6ZA,16_30_days,,153000.0,153000.0
8687b620-335c-4533-9e5b-0ff65cba5e3c,subscription,pay_gOSFrygmqORMzp,order_1PGG0Mj8sgDAzq,sub_7qwobJsFtnEriW,token_fhoz81sLan50gd,cust_5fEeMt1wzIP1gO,881500,INR,upi,,BAD_REQUEST_ERROR,gateway,payment_authorization,insufficient_funds,Your payment could not be completed due to insufficient account balance.,soft,active,1,3,2026-08-26T14:30:14.997650+05:30,2026-09-07T10:30:14.997650+05:30,,recovered,auto_retry,881500,+917766174827,shreya.ghosh708@rediffmail.com,,,,,,8815.0,8815.0
a536417a-5188-40ee-beca-b9f0ef531257,payment,pay_kghAUm1Qp0BHPS,order_LlRWWw2qQ8IYtg,,,cust_lprCzeHDEyWRmA,50800,INR,upi,,BAD_REQUEST_ERROR,customer,payment_authentication,payment_cancelled,Your payment has been cancelled.,soft,,3,3,2026-08-26T14:39:42.997650+05:30,2026-09-22T11:39:42.997650+05:30,,escalated,voice,0,+918877372544,shreya.shah132@yahoo.co.in,,,,,,508.0,0.0
aac946c2-5a6a-4060-b296-74ba76ebdea5,payment,pay_3vwSMeEv4RFqOg,order_9KChNKp69EWmFP,,,cust_vDUyGG7SIaccOQ,85500,INR,card,mastercard,BAD_REQUEST_ERROR,gateway,payment_authorization,insufficient_funds,Your payment could not be completed due to insufficient account balance.,soft,,3,3,2026-08-26T14:48:43.997650+05:30,2026-09-03T11:48:43.997650+05:30,,escalated,voice,0,+917788812893,aarav.nair136@yahoo.co.in,,,,,,855.0,0.0
a2a3864d-1cb7-4732-9fe7-d3d11c834e1f,payment,pay_2uPy7HTCk7pjxg,order_BUtuAEucxcfTR1,,,cust_r5ggdUksTFnhJY,524100,INR,upi,,BAD_REQUEST_ERROR,issuer_bank,payment_authorization,transaction_limit_exceeded,Maximum transaction limit exceeded for the day.,soft,,3,3,2026-08-26T14:48:49.997650+05:30,2026-09-04T14:48:49.997650+05:30,,escalated,voice,0,+918877923613,vikram.banerjee113@hotmail.com,,,,,,5241.0,0.0
771814dc-515f-4fff-a3c4-071b5a400a0c,b2b_receivable,,order_KCGWVHFS3DpGFJ,,,cust_Sm847RSOSGML1s,8900000,INR,netbanking,,INVOICE_PAYMENT_OVERDUE,corporate_buyer,accounts_payable_settlement,invoice_overdue_current,Corporate invoice overdue by 0 days (current).,soft,,0,3,2026-08-26T16:10:54.997650+05:30,2026-08-26T16:10:54.997650+05:30,,recovered,email,8900000,+919988570412,ap@hyperion.com,inv_rmWwpPGsxuU8Ji,Hyperion Telecom Services LLP,29BBAAB9466T7ZQ,current,,89000.0,89000.0
9e024b14-372f-41e1-a6aa-e8d7ea3581d2,b2b_receivable,,order_o2Z25Wp4buddJX,,,cust_DYwA6izmK2gG6N,5200000,INR,netbanking,,INVOICE_PAYMENT_OVERDUE,corporate_buyer,accounts_payable_settlement,invoice_overdue_16_30_days,Corporate invoice overdue by 30 days (16_30_days).,soft,,0,3,2026-08-26T16:46:50.997650+05:30,2026-08-26T16:46:50.997650+05:30,,recovered,email,5200000,+919123341793,ap@aura.com,inv_hetqUln8HzYgeN,Aura Consumer Goods Pvt Ltd,06BCBAB5445R2ZE,16_30_days,,52000.0,52000.0
490ece1c-0bc0-4e8d-ba72-026c8c46046c,b2b_receivable,,order_RgYt4E7pY46bPf,,,cust_9kkKGLfZbdCIXS,6500000,INR,netbanking,,INVOICE_PAYMENT_OVERDUE,corporate_buyer,accounts_payable_settlement,invoice_overdue_current,Corporate invoice overdue by 0 days (current).,soft,,0,3,2026-08-26T17:18:49.997650+05:30,2026-08-26T17:18:49.997650+05:30,,recovered,email,6500000,+919900833844,ap@paramount.com,inv_iCCkyvgiQYYTIX,Paramount Engineering Works,07ACEAD3202D2ZN,current,,65000.0,65000.0
2caf10e7-4265-4809-9b80-ff6120654aea,checkout_drop_off,pay_iiNFBCayUCgpiY,order_jwxsWxXfdq6lvZ,,,cust_Jbg3aRJOmZLS51,217700,INR,upi,visa,CHECKOUT_DROP_OFF,customer,checkout_funnel,bank_page_latency_timeout,Abandoned at otp_abandoned: bank_page_latency_timeout,soft,,0,3,2026-08-26T18:33:04.997650+05:30,2026-08-26T18:33:04.997650+05:30,,closed,payment_link,0,+917766895178,arjun.pillai948@outlook.com,,,,,otp_abandoned,2177.0,0.0
a65ab1cc-17a3-4334-93a4-f37b42c2e276,subscription,pay_u43sc3MklGnjUR,order_X6YEUVfBz5v6hP,sub_phSnm5wxX4iHdI,token_4cfaNz9D5IKE4E,cust_rha5JcCtNj8Tgm,167400,INR,upi,,BAD_REQUEST_ERROR,customer,payment_initiation,incorrect_cvv,Incorrect CVV entered.,soft,halted,3,3,2026-08-26T19:03:47.997650+05:30,2026-09-05T14:03:47.997650+05:30,,escalated,voice,0,+919900247574,ishaan.thakur632@gmail.com,,,,,,1674.0,0.0
593d31b4-1d25-462b-a3c5-7556369387c1,payment,pay_GQYKLQLKk09VtX,order_9vTk7OHqgxK0sY,,,cust_RS8EsEB62dLcqI,282400,INR,upi,,BAD_REQUEST_ERROR,gateway,payment_authorization,insufficient_funds,Your payment could not be completed due to insufficient account balance.,soft,,1,3,2026-08-26T19:36:00.997650+05:30,2026-08-30T10:36:00.997650+05:30,,recovered,auto_retry,282400,+919876911791,ishaan.iyer146@gmail.com,,,,,,2824.0,2824.0
e623c8cf-0975-4614-ae81-da1bdc854f67,payment,pay_HDb250HbDVUunV,order_DOCuhFtHIFGTXl,,,cust_EeTCrkCTLsLjgR,455500,INR,netbanking,,BAD_REQUEST_ERROR,customer,payment_authentication,payment_timed_out,Your payment could not be completed due to a temporary issue. Try again later.,soft,,2,3,2026-08-26T20:41:10.997650+05:30,2026-09-10T10:41:10.997650+05:30,,recovered,auto_retry,455500,+919876803586,kiara.dey291@yahoo.co.in,,,,,,4555.0,4555.0
0ac5b4e5-eff5-4277-906b-7d14b0ed3600,payment,pay_Upmy59PC81FnAK,order_Xa9Bi74kXTZXNq,,,cust_d29BkkMGIBperf,68400,INR,upi,,GATEWAY_ERROR,issuer_bank,payment_authorization,bank_technical_error,Bank downtime. Please try again later.,technical,,2,3,2026-08-26T20:48:11.997650+05:30,2026-09-18T10:48:11.997650+05:30,,recovered,auto_retry,68400,+919900929900,neha.singh408@rediffmail.com,,,,,,684.0,684.0
0f3ee19e-cd0e-4c6b-b7ac-f50a920d99ba,payment,pay_kUHYlEgMJshfGk,order_ldtZCl1WI8FX0C,,,cust_u0V0HbqzVIJvMp,140600,INR,upi,,BAD_REQUEST_ERROR,gateway,payment_authorization,payment_failed,Payment was declined by the bank.,technical,,4,3,2026-08-26T23:07:22.997650+05:30,2026-09-22T12:07:22.997650+05:30,,escalated,voice,0,+918899946521,deepak.ghosh898@rediffmail.com,,,,,,1406.0,0.0
748f900c-60ce-4ccd-aefd-cf875b94c0c7,payment,pay_QeB1TSsh8Gordd,order_wXED5b9xU10bQe,,,cust_Fu3ENQMHKTq1DP,574800,INR,emandate,,BAD_REQUEST_ERROR,issuer_bank,card_enrollment_check,card_not_enrolled,Your card is not enabled for online payments.,hard,,0,0,2026-08-26T23:15:44.997650+05:30,2026-08-26T23:15:44.997650+05:30,,closed,manual,0,+917788538668,shreya.das707@hotmail.com,,,,,,5748.0,0.0
52a6ea09-532a-4d51-ab72-d163a5173812,payment,pay_YbrHMYpfbXvkAc,order_UXgwuknHfZkGlU,,,cust_DVvyNsEIKBBrfa,257600,INR,wallet,,BAD_REQUEST_ERROR,customer,payment_initiation,incorrect_cvv,Incorrect CVV entered.,soft,,3,3,2026-08-26T23:56:16.997650+05:30,2026-09-11T18:56:16.997650+05:30,,recovered,sms,257600,+918899236219,arjun.joshi196@gmail.com,,,,,,2576.0,2576.0
8bc5a58e-3eb4-48b1-be4c-64b16342a53c,mandate,pay_BUFlftYZtFDxvX,order_IzEYo3U6tRx7nJ,,token_glZqImEPqktwR9,cust_O5hJsAqPTuHvAE,295700,INR,emandate,,GATEWAY_ERROR,gateway,payment_authentication,authentication_failed,Payment could not be completed due to incorrect OTP or verification details.,soft,,2,3,2026-08-27T04:01:36.997650+05:30,2026-09-17T10:01:36.997650+05:30,,recovered,auto_retry,295700,+918877570906,kavita.das812@outlook.com,,,,,,2957.0,2957.0
579645fd-ad99-491e-b994-ae63c0168031,mandate,pay_ODfk5z8KjUpHJk,order_49r0YLJrt2ItYa,,token_VPhwe8VxghU31X,cust_Ylm4yc8Ggc2MgF,84500,INR,upi,,BAD_REQUEST_ERROR,issuer_bank,payment_authorization,transaction_limit_exceeded,Maximum transaction limit exceeded for the day.,soft,,2,3,2026-08-27T04:19:19.997650+05:30,2026-09-13T10:19:19.997650+05:30,,recovered,auto_retry,84500,+919900579345,isha.iyer617@gmail.com,,,,,,845.0,845.0
00618aa0-66da-48c0-8417-f403643ebb3a,mandate,pay_10xwqwko1SovsD,order_R2ZHIRBoJwvymd,,token_YgKQu0Pvw0zF7F,cust_7atjWXcZZD8GPI,335800,INR,emandate,,BAD_REQUEST_ERROR,issuer_bank,card_enrollment_check,card_not_enrolled,Your card is not enabled for online payments.,hard,,0,0,2026-08-27T04:33:18.997650+05:30,2026-08-27T04:33:18.997650+05:30,,closed,manual,0,+917766661130,arjun.mahanty629@rediffmail.com,,,,,,3358.0,0.0
9d6eb339-6d85-4050-bba8-fdf10b9e43b4,mandate,pay_5Jpfx5ljWTcb3t,order_Quh6Rc9WCzE7h4,,token_3fj2wsQTVoHulg,cust_HPrY66xJtn1bfI,499200,INR,card,visa,BAD_REQUEST_ERROR,issuer_bank,payment_authorization,payment_risk_check_failed,Payment declined by bank due to risk check.,hard,,0,0,2026-08-27T04:58:08.997650+05:30,2026-08-27T04:58:08.997650+05:30,,closed,manual,0,+918877571441,nisha.joshi8@outlook.com,,,,,,4992.0,0.0
0050205c-3ef9-4192-a719-d90afd163a00,subscription,pay_ZGdIy79PIF1kSE,order_w0GIwQ1pj33O8I,sub_sHOzSEkvXXd8Dj,token_xyNnRAzhZVXTlK,cust_2Ao0d52zAx400r,126100,INR,card,mastercard,GATEWAY_ERROR,gateway,payment_authentication,authentication_failed,Payment could not be completed due to incorrect OTP or verification details.,soft,halted,3,3,2026-08-27T06:10:21.997650+05:30,2026-09-03T16:10:21.997650+05:30,,escalated,voice,0,+919876470496,deepak.reddy966@yahoo.co.in,,,,,,1261.0,0.0
25257d6d-f3ee-4a87-9e90-c99a5eb64175,mandate,pay_oeathhwgi9c4rE,order_b7zUBzbVWK1g2n,,token_AXH9FBvbMcywfm,cust_v9LulZ18P7EF6H,2725700,INR,upi,,GATEWAY_ERROR,gateway,payment_authorization,gateway_technical_error,Payment did not go through due to a temporary issue.,technical,,3,3,2026-08-27T06:27:30.997650+05:30,2026-09-04T10:27:30.997650+05:30,,recovered,auto_retry,2725700,+918899409217,sai.patel574@hotmail.com,,,,,,27257.0,27257.0
bc7f52f1-a4b1-4367-aed1-0abb04140c48,mandate,pay_QvhmCVVZhCDMTG,order_E5AyB4c7tSWkLx,,token_TH7tTu325Xl53x,cust_fkACQ9xfy0fuh6,16100,INR,upi,,BAD_REQUEST_ERROR,gateway,payment_authorization,insufficient_funds,Your payment could not be completed due to insufficient account balance.,soft,,3,3,2026-08-27T07:31:57.997650+05:30,2026-09-08T16:31:57.997650+05:30,,escalated,voice,0,+919876374168,saanvi.sharma19@yahoo.co.in,,,,,,161.0,0.0
49d1fc7e-ee2d-4cb1-b86b-c56b06049870,subscription,pay_bVkGmco59e6wao,order_IfrqycnaGyfELq,sub_hQnIukjfr2Yj3r,token_cMu8lWXjNW6I5Z,cust_1vyieQeViSXNMZ,65900,INR,wallet,,BAD_REQUEST_ERROR,issuer_bank,payment_authorization,transaction_limit_exceeded,Maximum transaction limit exceeded for the day.,soft,active,3,3,2026-08-27T07:50:52.997650+05:30,2026-09-17T10:50:52.997650+05:30,,recovered,auto_retry,65900,+917788617435,rohan.agarwal111@hotmail.com,,,,,,659.0,659.0
3cdbdfa2-46fc-4979-a994-4566a1fdb94b,subscription,pay_SLlWGZthKx3TQU,order_XJY71cqNa62cql,sub_nFnzPMfrtvXzig,token_eF5ZPnBAlEzCXO,cust_1Mt2mJLweNmMtZ,27600,INR,upi,,GATEWAY_ERROR,gateway,payment_authentication,authentication_failed,Payment could not be completed due to incorrect OTP or verification details.,soft,halted,3,3,2026-08-27T08:16:08.997650+05:30,2026-09-10T14:16:08.997650+05:30,,escalated,voice,0,+917766751879,rohan.kumar778@yahoo.co.in,,,,,,276.0,0.0
93fd7c52-24a6-4408-a3d2-a8b7f776952e,checkout_drop_off,pay_EUQ5FWXJjKdXTJ,order_aMtUWMryTwB48t,,,cust_G5FaXCRuwGTniX,313400,INR,card,visa,CHECKOUT_DROP_OFF,customer,checkout_funnel,3ds_auth_cancelled,Abandoned at otp_abandoned: 3ds_auth_cancelled,soft,,0,3,2026-08-27T09:18:20.997650+05:30,2026-08-27T09:18:20.997650+05:30,,recovered,payment_link,313400,+919123553076,priya.gupta534@yahoo.co.in,,,,,otp_abandoned,3134.0,3134.0
1cd626bc-92c6-4d5c-a0b9-9f6802a5aed2,mandate,pay_EHkjsFkqXhhtqN,order_icXVpFuUsYn5j1,,token_4mtTdE2HLEs3DW,cust_7NEklMa2TkpGdp,384000,INR,card,visa,BAD_REQUEST_ERROR,customer,payment_authentication,payment_cancelled,Your payment has been cancelled.,soft,,2,3,2026-08-27T10:07:58.997650+05:30,2026-09-01T10:07:58.997650+05:30,,recovered,auto_retry,384000,+918877289622,vihaan.ghosh315@rediffmail.com,,,,,,3840.0,3840.0
cddf9173-6283-4f28-b372-087923c223de,subscription,pay_oxfN1DhERVOFRG,order_tFuvk7n0wFIYhK,sub_4APASqf2XWP8xw,token_P4MlzYdRMirlZu,cust_xmm9QbFdr7n7YN,410600,INR,netbanking,,GATEWAY_ERROR,gateway,payment_authentication,authentication_failed,Payment could not be completed due to incorrect OTP or verification details.,soft,active,1,3,2026-08-27T10:14:57.997650+05:30,2026-09-10T10:14:57.997650+05:30,,recovered,auto_retry,410600,+918877438572,isha.sharma16@hotmail.com,,,,,,4106.0,4106.0
9e91adbe-ce7b-4915-a250-0a6daa302ddb,payment,pay_LIDzi9n2StDpMo,order_DCQEMZswUga2X3,,,cust_F4i5hRh8gp0Fue,1059200,INR,netbanking,,BAD_REQUEST_ERROR,gateway,payment_authorization,insufficient_funds,Your payment could not be completed due to insufficient account balance.,soft,,3,3,2026-08-27T10:22:37.997650+05:30,2026-09-03T14:22:37.997650+05:30,,escalated,voice,0,+919876264062,sai.joshi15@rediffmail.com,,,,,,10592.0,0.0
e97b3039-dbca-45c5-abaf-d45219185f5f,subscription,pay_jlT0YMT6t2NsFF,order_lVAdiGDjTFoLx9,sub_iMdC7lrUJmN3PT,token_wuL3tBKvvjGwQk,cust_ssWpZngmZI6Mwe,151700,INR,card,mastercard,GATEWAY_ERROR,gateway,payment_authorization,gateway_technical_error,Payment did not go through due to a temporary issue.,technical,active,1,3,2026-08-27T10:30:43.997650+05:30,2026-09-04T10:30:43.997650+05:30,,recovered,auto_retry,151700,+919988753373,neha.roy733@hotmail.com,,,,,,1517.0,1517.0
8b30bf39-0901-45cf-aab7-0cd2b8b2efbc,subscription,pay_CtmIvuslBTKlBU,order_SCOYRKFFacHG3Z,sub_PJ8jtU0gCYNi3e,token_ldwc2zEaWfGxnv,cust_pOCkwiikURqChG,587000,INR,emandate,,BAD_REQUEST_ERROR,issuer_bank,payment_authorization,card_expired,Your card has expired. Please use another card.,hard,pending,0,0,2026-08-27T10:48:58.997650+05:30,2026-08-27T10:48:58.997650+05:30,,closed,manual,0,+918899757363,nisha.reddy364@outlook.com,,,,,,5870.0,0.0
5a973663-7e10-4b8c-a709-d40a6f2b7be1,mandate,pay_I89mFlRbZJYe4n,order_X6OMQ3Ehrje4uV,,token_E2hGpaXD9ZIM8j,cust_Nv573V5vqoNbje,94400,INR,card,amex,GATEWAY_ERROR,gateway,payment_authorization,gateway_technical_error,Payment did not go through due to a temporary issue.,technical,,3,3,2026-08-27T10:56:31.997650+05:30,2026-09-08T10:56:31.997650+05:30,,recovered,auto_retry,94400,+917788018288,aadhya.nair745@rediffmail.com,,,,,,944.0,944.0
f5c374ee-928e-4d30-ab59-ec1589ad79ad,subscription,pay_tQ8m3MRPETHIQj,order_TlRBPyuEXIfmQD,sub_WgOzIBWJz4haE2,token_VirIk77OZLz2Hv,cust_4X5gFHp01Z3cob,466600,INR,upi,,GATEWAY_ERROR,gateway,payment_authentication,authentication_failed,Payment could not be completed due to incorrect OTP or verification details.,soft,active,3,3,2026-08-27T11:30:17.997650+05:30,2026-09-14T10:30:17.997650+05:30,,recovered,auto_retry,466600,+919876407079,deepak.bose426@yahoo.co.in,,,,,,4666.0,4666.0
7fbb05f7-5812-4511-a408-c349f52bd395,subscription,pay_myMoS6aFEoOOqy,order_5Opuw0hZiqdTj2,sub_55XhE43Q0pdyaz,token_L5y4CJQNYfpPcH,cust_Wt5h5YXM04iNCu,1762200,INR,emandate,,GATEWAY_ERROR,gateway,payment_authentication,authentication_failed,Payment could not be completed due to incorrect OTP or verification details.,soft,active,1,3,2026-08-27T11:56:29.997650+05:30,2026-08-29T10:56:29.997650+05:30,,recovered,auto_retry,1762200,+919876245911,aditi.dey2@outlook.com,,,,,,17622.0,17622.0
34136810-58f9-48fc-ad66-1db063015085,b2b_receivable,,order_Ek7uCNeiI2hpsZ,,,cust_Hw9Skin4xUfC7E,6300000,INR,netbanking,,INVOICE_PAYMENT_OVERDUE,corporate_buyer,accounts_payable_settlement,invoice_overdue_1_15_days,Corporate invoice overdue by 1 days (1_15_days).,soft,,0,3,2026-08-27T12:09:00.997650+05:30,2026-08-27T12:09:00.997650+05:30,,recovered,email,6300000,+919123348088,ap@starlight.com,inv_8HKUXNCHvDRljr,Starlight Manufacturing Corp,27DCDBD5570J1Z5,1_15_days,,63000.0,63000.0
c62b90fa-1e27-49e5-b82e-d182ff083ac9,subscription,pay_yleCDbTMedLtuM,order_Y7TpgdGtl4eRt8,sub_x19dBEIEbdnJo1,token_ckNqwXanlA7JwA,cust_Z52MV6fDkfKFxH,1031100,INR,upi,,BAD_REQUEST_ERROR,customer,payment_initiation,card_number_invalid,You have entered an incorrect card number. Try again.,hard,pending,0,0,2026-08-27T12:10:01.997650+05:30,2026-08-27T12:10:01.997650+05:30,,closed,manual,0,+919123780783,aditya.iyer581@gmail.com,,,,,,10311.0,0.0
2b66a222-077b-4516-b718-b68ecb072515,b2b_receivable,,order_bKwmtma30GLcG0,,,cust_EWsL8wBUwA7mHP,6100000,INR,netbanking,,INVOICE_PAYMENT_OVERDUE,corporate_buyer,accounts_payable_settlement,invoice_overdue_1_15_days,Corporate invoice overdue by 4 days (1_15_days).,soft,,0,3,2026-08-27T12:18:45.997650+05:30,2026-08-27T12:18:45.997650+05:30,,recovered,email,6100000,+918877096861,ap@apex.com,inv_VgkeIfoKvcGGoK,Apex Logistics Solutions Pvt Ltd,27ADBAA9069W1ZH,1_15_days,,61000.0,61000.0
05c5ffa7-d47f-4cae-8a7f-2cea3fd3b90f,b2b_receivable,,order_EPCsxJtnHFYPY8,,,cust_zalGBKrLJpPtgB,5100000,INR,netbanking,,INVOICE_PAYMENT_OVERDUE,corporate_buyer,accounts_payable_settlement,invoice_overdue_1_15_days,Corporate invoice overdue by 12 days (1_15_days).,soft,,0,3,2026-08-27T12:53:16.997650+05:30,2026-08-27T12:53:16.997650+05:30,,recovered,email,5100000,+919123247734,ap@finmatrix.com,inv_U1afLbk7SkaMYj,FinMatrix Consulting Pvt Ltd,29BCBAD8986I8Z4,1_15_days,,51000.0,51000.0
dd89bf41-c160-40fc-9e55-db81a8cb1330,checkout_drop_off,,order_mLkW7YLMgawrCN,,,cust_ZvyVn1rPR4McWg,155200,INR,upi,visa,CHECKOUT_DROP_OFF,customer,checkout_funnel,price_comparison_pause,Abandoned at cart_abandoned: price_comparison_pause,soft,,0,3,2026-08-27T13:01:08.997650+05:30,2026-08-27T13:01:08.997650+05:30,,closed,payment_link,0,+919876419529,deepak.dey833@hotmail.com,,,,,cart_abandoned,1552.0,0.0
1087bb73-bd8d-4efe-88cd-3d8791f09f57,b2b_receivable,,order_ZEOBwA7eAXVZdj,,,cust_2JxncTnMNeYJS4,5200000,INR,netbanking,,INVOICE_PAYMENT_OVERDUE,corporate_buyer,accounts_payable_settlement,invoice_overdue_1_15_days,Corporate invoice overdue by 3 days (1_15_days).,soft,,0,3,2026-08-27T13:08:51.997650+05:30,2026-08-27T13:08:51.997650+05:30,,recovered,email,5200000,+918877349961,ap@cloudscale.com,inv_lLuEkHmCOTo7sR,CloudScale Technologies Pvt Ltd,07EDBDD3987V4ZI,1_15_days,,52000.0,52000.0
2cfe6f4a-00b5-4ed6-980b-04b000ff7128,subscription,pay_xnN9AHZ40Vgvlr,order_NAnGDtzPIbHDZc,sub_QZii5yvGqui0Mu,token_t08yU9UQBOrxBz,cust_OxH4MCHDbhbXSz,699400,INR,card,rupay,BAD_REQUEST_ERROR,issuer_bank,payment_authorization,card_expired,Your card has expired. Please use another card.,hard,pending,0,0,2026-08-27T13:25:13.997650+05:30,2026-08-27T13:25:13.997650+05:30,,closed,manual,0,+919123592916,neha.yadav535@yahoo.co.in,,,,,,6994.0,0.0
ac87f11e-0f6f-4208-af6c-df3316b5ae38,payment,pay_TiFPo1B6871USg,order_1taTngPmKcCr25,,,cust_Mr3ARDSQe9RELg,32700,INR,upi,,BAD_REQUEST_ERROR,customer,payment_authentication,payment_cancelled,Your payment has been cancelled.,soft,,3,3,2026-08-27T13:30:18.997650+05:30,2026-09-24T11:30:18.997650+05:30,,escalated,voice,0,+917788558509,pradeep.mahanty589@outlook.com,,,,,,327.0,0.0
08197bd5-05a0-4d00-9dc1-a18bcdbf91fd,payment,pay_4xxhBPqy1ppgTN,order_1mS6Q62b5aQUnj,,,cust_cGLh5PKbfT17Jp,225600,INR,card,mastercard,BAD_REQUEST_ERROR,issuer_bank,payment_authorization,payment_risk_check_failed,Payment declined by bank due to risk check.,hard,,0,0,2026-08-27T13:46:41.997650+05:30,2026-08-27T13:46:41.997650+05:30,,closed,manual,0,+919988972239,ananya.bose649@hotmail.com,,,,,,2256.0,0.0
8a656288-6545-4ca6-9731-29f1c287ea33,payment,pay_J0Fy3PS4COoZfQ,order_2glJEc2oCOekKy,,,cust_wR9hDVelSeUj02,1276300,INR,wallet,,BAD_REQUEST_ERROR,issuer_bank,payment_authorization,card_expired,Your card has expired. Please use another card.,hard,,0,0,2026-08-27T13:55:25.997650+05:30,2026-08-27T13:55:25.997650+05:30,,closed,manual,0,+918877697083,rohan.pillai444@hotmail.com,,,,,,12763.0,0.0
aa81f5b8-84de-4bbb-9f6d-8c2787a395db,checkout_drop_off,pay_uhdJ2LoqxYQnO4,order_lFEyJsbMINoyoV,,,cust_3QFF2yqC9ovxDY,279000,INR,upi,visa,CHECKOUT_DROP_OFF,customer,checkout_funnel,bank_page_latency_timeout,Abandoned at otp_abandoned: bank_page_latency_timeout,soft,,0,3,2026-08-27T14:38:33.997650+05:30,2026-08-27T14:38:33.997650+05:30,,closed,payment_link,0,+919123305286,suresh.ghosh939@gmail.com,,,,,otp_abandoned,2790.0,0.0
3729f963-4020-4e64-9f22-f0713c3470b8,subscription,pay_AC7SYsUQqBMUMD,order_BxNZZlZiZ94Wl5,sub_XPdx9C6Ozdz9s1,token_wOcNr0TpWOf6aN,cust_EM7EGdC4SVjDMo,1296700,INR,wallet,,BAD_REQUEST_ERROR,issuer_bank,payment_authorization,payment_risk_check_failed,Payment declined by bank due to risk check.,hard,pending,0,0,2026-08-27T15:17:16.997650+05:30,2026-08-27T15:17:16.997650+05:30,,closed,manual,0,+917766143699,vikram.mukherjee472@yahoo.co.in,,,,,,12967.0,0.0
1869f01e-4525-4f03-bb90-a6a6790f9374,b2b_receivable,,order_iR2s8jyWU0AwuD,,,cust_nnTQ1XvVvRRCoA,5900000,INR,netbanking,,INVOICE_PAYMENT_OVERDUE,corporate_buyer,accounts_payable_settlement,invoice_overdue_current,Corporate invoice overdue by 0 days (current).,soft,,0,3,2026-08-27T15:51:23.997650+05:30,2026-08-27T15:51:23.997650+05:30,,recovered,email,5900000,+919900186098,ap@paramount.com,inv_KhKo1fJ9owht1Y,Paramount Engineering Works,07CDCAB4184J6ZQ,current,,59000.0,59000.0
a80fa685-4424-4765-84ed-0e75d503bd46,b2b_receivable,,order_ToY9biMI8rBtdG,,,cust_ZxS49eBYd5NOzb,5800000,INR,netbanking,,INVOICE_PAYMENT_OVERDUE,corporate_buyer,accounts_payable_settlement,invoice_overdue_1_15_days,Corporate invoice overdue by 5 days (1_15_days).,soft,,0,3,2026-08-27T16:38:10.997650+05:30,2026-08-27T16:38:10.997650+05:30,,recovered,email,5800000,+918899103134,ap@sigma.com,inv_R8pFbx703iX7EV,Sigma Heavy Equipment Ltd,07ADDAA5791P1ZW,1_15_days,,58000.0,58000.0
9f23beb8-2f88-4460-a371-09282578202c,payment,pay_kRU9K1MkUqZqjs,order_LXQVEXLh9Nc68b,,,cust_1MDDhCADeCeeH1,363300,INR,upi,,GATEWAY_ERROR,issuer_bank,payment_authorization,bank_technical_error,Bank downtime. Please try again later.,technical,,2,3,2026-08-27T16:41:23.997650+05:30,2026-09-19T10:41:23.997650+05:30,,recovered,auto_retry,363300,+919988981794,ayaan.reddy624@rediffmail.com,,,,,,3633.0,3633.0
d717d863-267d-4b6a-b145-a6e9d6034714,b2b_receivable,,order_PNekaiqqKcE4bX,,,cust_SKuwODBKQq0Vd3,5700000,INR,netbanking,,INVOICE_PAYMENT_OVERDUE,corporate_buyer,accounts_payable_settlement,invoice_overdue_current,Corporate invoice overdue by 0 days (current).,soft,,0,3,2026-08-27T17:29:37.997650+05:30,2026-08-27T17:29:37.997650+05:30,,recovered,email,5700000,+918899440793,ap@hyperion.com,inv_g2w6TgY0hn2JkE,Hyperion Telecom Services LLP,24CAAEB0259O7ZA,current,,57000.0,57000.0
03e7b29b-7c3f-4d3b-af72-007db8c0fe3b,payment,pay_DEGXDWuGv10yzq,order_01xKhyi1wQIHrP,,,cust_YWb6W6x9fcDxgQ,68100,INR,upi,,BAD_REQUEST_ERROR,issuer_bank,payment_authorization,debit_instrument_inactive,Your card is currently inactive.,technical,,1,3,2026-08-27T19:14:19.997650+05:30,2026-09-03T10:14:19.997650+05:30,,recovered,auto_retry,68100,+918877975001,suresh.patel17@rediffmail.com,,,,,,681.0,681.0
604323da-cfcb-48cd-b07d-f3f7e55727b0,payment,pay_ZNXxW0Ckv17XnU,order_RPjf3fUAY55KvQ,,,cust_4MyN88GuYzagxT,4667900,INR,upi,,BAD_REQUEST_ERROR,issuer_bank,payment_authorization,payment_risk_check_failed,Payment declined by bank due to risk check.,hard,,0,0,2026-08-27T19:19:25.997650+05:30,2026-08-27T19:19:25.997650+05:30,,closed,manual,0,+918877620450,priya.mehta216@outlook.com,,,,,,46679.0,0.0
8e9edd56-aa08-4a75-86e9-f3309afd39bc,payment,pay_K55x0T6JIosIOt,order_iYQco3RgyD0TBx,,,cust_lC9s6geHqANhug,351600,INR,emandate,,GATEWAY_ERROR,gateway,payment_authentication,authentication_failed,Payment could not be completed due to incorrect OTP or verification details.,soft,,3,3,2026-08-27T19:32:26.997650+05:30,2026-09-18T13:32:26.997650+05:30,,escalated,voice,0,+919123028106,meera.chauhan800@gmail.com,,,,,,3516.0,0.0
65821c6d-e7ac-4546-8030-6086acbaefcd,payment,pay_tmqhoGrvopXsPg,order_ZAJ5ejIw6pWBMO,,,cust_KZhW0dajN9a7rI,797500,INR,card,visa,GATEWAY_ERROR,issuer_bank,payment_authorization,bank_technical_error,Bank downtime. Please try again later.,technical,,4,3,2026-08-27T20:40:08.997650+05:30,2026-09-20T12:40:08.997650+05:30,,escalated,voice,0,+919123197166,rahul.das331@outlook.com,,,,,,7975.0,0.0
6d70fcf5-c0d1-4117-b2fe-aebcb0a3b599,checkout_drop_off,,order_wlYScSll4tlzHU,,,cust_iorRBxUMxTSrpb,236600,INR,card,visa,CHECKOUT_DROP_OFF,customer,checkout_funnel,unexpected_shipping_fees,Abandoned at address_submitted: unexpected_shipping_fees,soft,,0,3,2026-08-27T20:51:30.997650+05:30,2026-08-27T20:51:30.997650+05:30,,closed,payment_link,0,+919988814557,vikram.roy196@yahoo.co.in,,,,,address_submitted,2366.0,0.0
a46974d1-cf94-41d1-adb3-da7a3fa4864d,payment,pay_TYe5avEHud5lRR,order_8OTRy5mCX0hRcp,,,cust_E6LY8BR6JkI7Ho,456000,INR,card,diners,GATEWAY_ERROR,issuer_bank,payment_authorization,bank_technical_error,Bank downtime. Please try again later.,technical,,2,3,2026-08-27T21:33:36.997650+05:30,2026-08-31T10:33:36.997650+05:30,,recovered,auto_retry,456000,+917766430674,pradeep.singh405@gmail.com,,,,,,4560.0,4560.0
3be0f08c-f4a6-4dbc-a4af-d26edce026b4,checkout_drop_off,,order_ImOOzRqenZnHnI,,,cust_uqWiOXZbmzcqgJ,464200,INR,card,rupay,CHECKOUT_DROP_OFF,customer,checkout_funnel,delivery_time_too_long,Abandoned at address_submitted: delivery_time_too_long,soft,,0,3,2026-08-27T22:52:48.997650+05:30,2026-08-27T22:52:48.997650+05:30,,closed,payment_link,0,+918877948384,aditi.chauhan933@rediffmail.com,,,,,address_submitted,4642.0,0.0
239135a2-96c2-4b3d-9589-da318a620432,checkout_drop_off,,order_emzeNS9fXREtFY,,,cust_l9LpIuelUYSfn1,295800,INR,upi,rupay,CHECKOUT_DROP_OFF,customer,checkout_funnel,unexpected_shipping_fees,Abandoned at address_submitted: unexpected_shipping_fees,soft,,0,3,2026-08-27T23:05:00.997650+05:30,2026-08-27T23:05:00.997650+05:30,,closed,payment_link,0,+919876020173,kiara.singh468@rediffmail.com,,,,,address_submitted,2958.0,0.0
ba050b29-14b0-4484-802e-289b559eb457,payment,pay_X6JSxS7i5MahsV,order_w9Rr5YWeQsUmX1,,,cust_q3pwnfo5ne1kX6,644300,INR,netbanking,,GATEWAY_ERROR,gateway,payment_authorization,gateway_technical_error,Payment did not go through due to a temporary issue.,technical,,4,3,2026-08-27T23:53:08.997650+05:30,2026-09-17T16:53:08.997650+05:30,,escalated,voice,0,+918899289226,suresh.mehta933@hotmail.com,,,,,,6443.0,0.0
1975889d-b860-4575-a5e2-75fd1d959a3c,subscription,pay_Bj2jxvw5VM8Yto,order_HbkEas5P55pQNL,sub_hiMedbe4UmjPgH,token_zRjizNFH8oNGOz,cust_Dn5AxyjPEVaIg1,106700,INR,wallet,,BAD_REQUEST_ERROR,customer,payment_initiation,incorrect_cvv,Incorrect CVV entered.,soft,active,1,3,2026-08-28T04:11:00.997650+05:30,2026-08-30T10:11:00.997650+05:30,,recovered,auto_retry,106700,+917788427350,reyansh.gupta941@gmail.com,,,,,,1067.0,1067.0
8a4f722d-e214-4998-8ec1-44ca68acb238,subscription,pay_2e1mpJ1yVYhwhI,order_hDRLKTf1yuhJk0,sub_8BDdz00C4nQ1Rn,token_6WtRBYwA7bJfM1,cust_rb0Eotfnc0CyS1,172400,INR,wallet,,GATEWAY_ERROR,issuer_bank,payment_authorization,bank_technical_error,Bank downtime. Please try again later.,technical,halted,3,3,2026-08-28T04:21:15.997650+05:30,2026-09-11T15:21:15.997650+05:30,,escalated,voice,0,+917788499492,pooja.bose359@rediffmail.com,,,,,,1724.0,0.0
ff328d06-b68e-4bfe-8189-3d31f89295ce,mandate,pay_qnlTp9d2w4I98S,order_ngJnuAW2flXH66,,token_be1LXvF2BYmGwz,cust_0u3YFbavChXkT9,2814100,INR,card,visa,GATEWAY_ERROR,gateway,payment_authentication,authentication_failed,Payment could not be completed due to incorrect OTP or verification details.,soft,,1,3,2026-08-28T04:32:33.997650+05:30,2026-09-06T10:32:33.997650+05:30,,recovered,auto_retry,2814100,+918877135711,rajesh.banerjee404@yahoo.co.in,,,,,,28141.0,28141.0
b8bac936-7e38-4c96-a0c0-991b2341057a,mandate,pay_r59IIfq1Lkg8ku,order_iD18ISvLngDlwU,,token_tsHuC2FlqwDKmi,cust_2fh8DbdThRkhNX,24700,INR,upi,,GATEWAY_ERROR,gateway,payment_authentication,authentication_failed,Payment could not be completed due to incorrect OTP or verification details.,soft,,3,3,2026-08-28T04:44:39.997650+05:30,2026-09-13T14:44:39.997650+05:30,,escalated,voice,0,+918877491680,aditi.thakur980@hotmail.com,,,,,,247.0,0.0
9401e295-f190-47d5-b142-736d48abae96,subscription,pay_aydEwIrGR11ypL,order_8BsWlAos3CLUQL,sub_viNF9XhlevnBKL,token_IaCfCLTi1q4NOL,cust_QpPtyAgGALK3iD,687000,INR,card,mastercard,GATEWAY_ERROR,gateway,payment_authentication,authentication_failed,Payment could not be completed due to incorrect OTP or verification details.,soft,halted,3,3,2026-08-28T04:57:22.997650+05:30,2026-09-22T16:57:22.997650+05:30,,escalated,voice,0,+919900840273,reyansh.agarwal431@hotmail.com,,,,,,6870.0,0.0
37a52338-6802-4c8c-b7cc-70b69700f3d2,subscription,pay_sZUYqJs2heDE6Q,order_YdW8PiOIJQrvOp,sub_ldHVIPL9jcw23i,token_pE0umEv6BpJyq7,cust_Rkw5OPtBAiwBDk,1239200,INR,card,mastercard,BAD_REQUEST_ERROR,issuer_bank,card_enrollment_check,card_not_enrolled,Your card is not enabled for online payments.,hard,pending,0,0,2026-08-28T05:21:14.997650+05:30,2026-08-28T05:21:14.997650+05:30,,closed,manual,0,+919988115184,deepak.patel389@gmail.com,,,,,,12392.0,0.0
825a9106-4a5b-43db-805d-6b4f6f82f531,subscription,pay_s8elMKKj5hQNTe,order_5Sa7UcTFqaXHCs,sub_kMEHoOnyUqXy1h,token_OkeGeq5MK99Cb5,cust_AQ6IltKzkKZX28,91800,INR,upi,,BAD_REQUEST_ERROR,gateway,payment_authorization,insufficient_funds,Your payment could not be completed due to insufficient account balance.,soft,halted,3,3,2026-08-28T05:57:30.997650+05:30,2026-09-08T14:57:30.997650+05:30,,escalated,voice,0,+919988992948,isha.joshi972@yahoo.co.in,,,,,,918.0,0.0
d68584f9-7e15-4c94-b176-163afa7789d6,mandate,pay_zbpRTTJr1wlXMm,order_pXdfWFATaepIEN,,token_t1MsfhSEMvuvQT,cust_hHCOG2gYP5TMQU,1145600,INR,emandate,,GATEWAY_ERROR,gateway,payment_authorization,gateway_technical_error,Payment did not go through due to a temporary issue.,technical,,4,3,2026-08-28T06:00:34.997650+05:30,2026-09-30T12:00:34.997650+05:30,,escalated,voice,0,+919900289411,pooja.bose411@rediffmail.com,,,,,,11456.0,0.0
502665f0-191a-4ed1-9188-d4b4188f59ea,subscription,pay_F9dyZzNJK0DFo4,order_8M8bZaLGIIXUUG,sub_W8scUgbaCDkFhr,token_0RhACg86mF5MPZ,cust_Z5lh2FsJSGTW0M,27300,INR,card,rupay,GATEWAY_ERROR,issuer_bank,payment_authorization,bank_technical_error,Bank downtime. Please try again later.,technical,active,1,3,2026-08-28T06:09:59.997650+05:30,2026-09-13T10:09:59.997650+05:30,,recovered,auto_retry,27300,+918877876161,aditya.thakur964@outlook.com,,,,,,273.0,273.0
8e5e6533-2700-4113-9b56-f35b197b2062,mandate,pay_bhIDA44LdZXWDN,order_iaDmzB8CJtr0VH,,token_HKBU8B7mPlmtIl,cust_EijWLWNm1XqRL8,194500,INR,upi,,BAD_REQUEST_ERROR,issuer_bank,payment_authorization,card_disabled_for_online_payments,Your card is disabled for online payments.,hard,,0,0,2026-08-28T06:46:19.997650+05:30,2026-08-28T06:46:19.997650+05:30,,closed,manual,0,+919988939711,vivaan.agarwal405@outlook.com,,,,,,1945.0,0.0
ccaade23-7250-4cc4-ac5d-824e6be3c427,subscription,pay_8k8Cmv4pakYBta,order_6ILS5zIAmktRRB,sub_tUSYvFKsKtd1Cr,token_BawNMNo4yh2ZYX,cust_8YAJjm4rZ2A7tS,72900,INR,upi,,BAD_REQUEST_ERROR,gateway,payment_authorization,insufficient_funds,Your payment could not be completed due to insufficient account balance.,soft,halted,3,3,2026-08-28T07:23:47.997650+05:30,2026-09-03T12:23:47.997650+05:30,,escalated,voice,0,+918877535238,aanya.verma872@outlook.com,,,,,,729.0,0.0
24c85c36-9446-42a4-9d13-973f0a2c25fa,subscription,pay_rwRq7GPQwqiItX,order_5A8UTdyAbxIhwJ,sub_YYVZFWMOzm5T3m,token_BauCY5JNaROWWa,cust_GsQann6nnnqQUb,36400,INR,card,visa,GATEWAY_ERROR,gateway,payment_authentication,authentication_failed,Payment could not be completed due to incorrect OTP or verification details.,soft,active,1,3,2026-08-28T07:28:29.997650+05:30,2026-09-21T10:28:29.997650+05:30,,recovered,auto_retry,36400,+917766996315,ayaan.bose480@rediffmail.com,,,,,,364.0,364.0
be185fcb-6e7f-4e03-88fa-914e26859914,subscription,pay_yJ6q5EHD2V7Itc,order_txCgAVwElJZzb7,sub_g8vGaRMblzTD2X,token_3b9X5z8D3kXuLo,cust_vz4E3m5sAYiT8U,1491000,INR,emandate,,GATEWAY_ERROR,gateway,payment_authorization,gateway_technical_error,Payment did not go through due to a temporary issue.,technical,halted,3,3,2026-08-28T07:28:57.997650+05:30,2026-09-15T16:28:57.997650+05:30,,escalated,voice,0,+919988947698,rahul.nair244@yahoo.co.in,,,,,,14910.0,0.0
e2f5b6a0-b132-4e40-a667-b9ba1c8f6eb8,mandate,pay_v44bkS6HF7MEcj,order_Ik0u603uGmhLnE,,token_DKsjWjIaYmXEwY,cust_Y0vTKxVnXijhtT,386600,INR,upi,,GATEWAY_ERROR,gateway,payment_authorization,gateway_technical_error,Payment did not go through due to a temporary issue.,technical,,4,3,2026-08-28T07:50:31.997650+05:30,2026-09-18T10:50:31.997650+05:30,,recovered,auto_retry,386600,+918877360956,aditi.chauhan785@rediffmail.com,,,,,,3866.0,3866.0
c895ba62-eaf2-477f-b8c5-339963409880,subscription,pay_GSTxn5VNqEV5bO,order_XoCBSzFBMufbSt,sub_2zX5QdML9x6lsO,token_7yo73LBRpLNcib,cust_trApIecQTsSDlK,627100,INR,card,visa,BAD_REQUEST_ERROR,customer,payment_authentication,payment_timed_out,Your payment could not be completed due to a temporary issue. Try again later.,soft,active,1,3,2026-08-28T10:18:33.997650+05:30,2026-09-08T10:18:33.997650+05:30,,recovered,auto_retry,627100,+918877162448,ayaan.yadav334@yahoo.co.in,,,,,,6271.0,6271.0
e6099709-5ec9-4885-bab4-5f51fd980167,subscription,pay_88TRSH1f78y0L0,order_3xmf2QF1hqIVza,sub_eaHrkZEdoXljuh,token_nFkrKfhK4oSIqg,cust_GsGMMvVoaMWLAP,202400,INR,wallet,,BAD_REQUEST_ERROR,customer,payment_authentication,payment_cancelled,Your payment has been cancelled.,soft,active,2,3,2026-08-28T10:26:52.997650+05:30,2026-09-22T10:26:52.997650+05:30,,recovered,auto_retry,202400,+918877674893,aditi.agarwal518@rediffmail.com,,,,,,2024.0,2024.0
3320997f-433f-47fa-b6e4-44f71abe1c2a,mandate,pay_IW9v99pz3CofFW,order_B0SZGj0Zz9SW2Z,,token_e16KkBcQqlgyyg,cust_CFPRt8SgX2h8Qx,18700,INR,upi,,BAD_REQUEST_ERROR,issuer_bank,payment_authorization,debit_instrument_blocked,Your card is blocked. Please contact your bank.,hard,,0,0,2026-08-28T10:31:33.997650+05:30,2026-08-28T10:31:33.997650+05:30,,closed,manual,0,+917766495685,deepak.roy165@hotmail.com,,,,,,187.0,0.0
b2d4da88-ec8c-4872-b1be-9681169b0cc8,subscription,pay_Sd7Ebeqez6dAKy,order_hLLAiDBgB7ewbh,sub_15PYbabxM5MaDF,token_Ax0GNfumt5Mo1Q,cust_xydZYas5aQCPNl,1462700,INR,upi,,BAD_REQUEST_ERROR,customer,payment_authentication,payment_cancelled,Your payment has been cancelled.,soft,active,1,3,2026-08-28T11:24:29.997650+05:30,2026-08-31T10:24:29.997650+05:30,,recovered,auto_retry,1462700,+918877480016,shreya.sharma486@hotmail.com,,,,,,14627.0,14627.0
359acf43-e2cc-454e-a863-50c02b66d632,subscription,pay_0UGTtuFavWBB0R,order_zwG60A67PsSp8H,sub_jEcBbwcTTC8wlR,token_TFXexuUVQW0dvk,cust_oFfKuWwDbE026H,404300,INR,card,mastercard,BAD_REQUEST_ERROR,issuer_bank,payment_authorization,payment_risk_check_failed,Payment declined by bank due to risk check.,hard,pending,0,0,2026-08-28T11:26:49.997650+05:30,2026-08-28T11:26:49.997650+05:30,,closed,manual,0,+919988330919,deepak.shah396@gmail.com,,,,,,4043.0,0.0
f6b26ae7-4339-47e9-8ba9-5f0517409189,payment,pay_iqa0WbZ7RelJgO,order_oDJIa9GfAi0vRT,,,cust_5MsfGiehooW3WY,771800,INR,netbanking,,BAD_REQUEST_ERROR,issuer_bank,payment_authorization,card_disabled_for_online_payments,Your card is disabled for online payments.,hard,,0,0,2026-08-28T12:42:03.997650+05:30,2026-08-28T12:42:03.997650+05:30,,closed,manual,0,+918877342678,amit.iyer890@rediffmail.com,,,,,,7718.0,0.0
4155ccdb-fca6-4d75-adde-128b43f8d735,payment,pay_xe96cZ0mi8XGyE,order_gFOJbmE465ZVBF,,,cust_2cMmCjTL0AiaGA,427600,INR,card,rupay,GATEWAY_ERROR,gateway,payment_authentication,authentication_failed,Payment could not be completed due to incorrect OTP or verification details.,soft,,3,3,2026-08-28T12:43:14.997650+05:30,2026-09-09T16:43:14.997650+05:30,,escalated,voice,0,+918899776771,vikram.singh140@hotmail.com,,,,,,4276.0,0.0
0d6f564e-833c-4d85-a212-55db777b3b77,payment,pay_gnEFXrP39LqOuS,order_4j2p91KSDoEc4X,,,cust_sHZUzogzCTs6US,430000,INR,netbanking,,GATEWAY_ERROR,gateway,payment_authentication,authentication_failed,Payment could not be completed due to incorrect OTP or verification details.,soft,,1,3,2026-08-28T12:49:00.997650+05:30,2026-09-21T10:49:00.997650+05:30,,recovered,auto_retry,430000,+918877980965,arjun.yadav583@outlook.com,,,,,,4300.0,4300.0
8ab97b84-ffd4-4a6c-ae62-35fa1715a007,payment,pay_c9mUkxNrS6fdLc,order_XFd0mr6PVEVe64,,,cust_7GFIfv8YdITRqu,489200,INR,netbanking,,GATEWAY_ERROR,gateway,payment_authorization,gateway_technical_error,Payment did not go through due to a temporary issue.,technical,,4,3,2026-08-28T12:55:23.997650+05:30,2026-09-08T16:55:23.997650+05:30,,escalated,voice,0,+918877896818,pooja.bose273@gmail.com,,,,,,4892.0,0.0
207cab67-ff58-4467-80c3-6638f6f89342,checkout_drop_off,,order_Y5YaK597USoeIk,,,cust_rSCWgAbwgbBcH7,90500,INR,upi,visa,CHECKOUT_DROP_OFF,customer,checkout_funnel,price_comparison_pause,Abandoned at cart_abandoned: price_comparison_pause,soft,,0,3,2026-08-28T13:08:41.997650+05:30,2026-08-28T13:08:41.997650+05:30,,closed,payment_link,0,+918877920826,sanjay.chauhan542@gmail.com,,,,,cart_abandoned,905.0,0.0
f7ac8bf4-1b37-448e-ba65-b02bf754f3f7,payment,pay_HF4LpDPEgX8Vr5,order_ENpqGqhu41vIAe,,,cust_mbslqn8IJ1yf6Z,512000,INR,upi,,BAD_REQUEST_ERROR,issuer_bank,card_enrollment_check,card_not_enrolled,Your card is not enabled for online payments.,hard,,0,0,2026-08-28T13:24:05.997650+05:30,2026-08-28T13:24:05.997650+05:30,,closed,manual,0,+917766049820,ananya.agarwal870@rediffmail.com,,,,,,5120.0,0.0
3ebe4b53-1bd8-4df3-aff8-58dbe2b224e3,payment,pay_k74VtxHzMbz1l2,order_fglnezLxbwZua0,,,cust_gspuroWoJ2y8yy,1368100,INR,emandate,,GATEWAY_ERROR,gateway,payment_authentication,authentication_failed,Payment could not be completed due to incorrect OTP or verification details.,soft,,3,3,2026-08-28T13:42:08.997650+05:30,2026-09-20T16:42:08.997650+05:30,,escalated,voice,0,+919876366656,rahul.nair4@gmail.com,,,,,,13681.0,0.0
6f95f280-acad-4222-aefe-17cd90ca09eb,checkout_drop_off,,order_CdwdJqzUJwoa8u,,,cust_t9otKHlNZVT6VP,176100,INR,card,rupay,CHECKOUT_DROP_OFF,customer,checkout_funnel,price_comparison_pause,Abandoned at cart_abandoned: price_comparison_pause,soft,,0,3,2026-08-28T13:53:01.997650+05:30,2026-08-28T13:53:01.997650+05:30,,closed,payment_link,0,+919988632597,meera.ghosh387@hotmail.com,,,,,cart_abandoned,1761.0,0.0
092c7734-19b7-47b7-b7be-d3f7c9b93f04,checkout_drop_off,pay_P8leziZ2x4Iqda,order_vbyiBD5tT0tIAn,,,cust_NcODTYlCrCwgJF,338200,INR,upi,rupay,CHECKOUT_DROP_OFF,customer,checkout_funnel,3ds_auth_cancelled,Abandoned at otp_abandoned: 3ds_auth_cancelled,soft,,0,3,2026-08-28T14:01:30.997650+05:30,2026-08-28T14:01:30.997650+05:30,,closed,payment_link,0,+919123646156,vikram.kumar646@yahoo.co.in,,,,,otp_abandoned,3382.0,0.0
3d433df5-ffa3-4da0-bb50-4bdde453552f,mandate,pay_hstuAyZ8yqDrld,order_caIto2IBFDm3xV,,token_YBbvi0Lviyafyv,cust_L3mXWqr7rBqURv,2097000,INR,upi,,BAD_REQUEST_ERROR,customer,payment_authentication,payment_timed_out,Your payment could not be completed due to a temporary issue. Try again later.,soft,,2,3,2026-08-28T14:48:35.997650+05:30,2026-09-06T10:48:35.997650+05:30,,recovered,auto_retry,2097000,+919876853926,rohan.das342@rediffmail.com,,,,,,20970.0,20970.0
9db116cd-1a93-45b9-a4ed-fd73ac4d0382,checkout_drop_off,,order_BIfF6RgALURamK,,,cust_EsX6qbT3eB9dVe,334900,INR,upi,visa,CHECKOUT_DROP_OFF,customer,checkout_funnel,accidental_tab_close,Abandoned at cart_abandoned: accidental_tab_close,soft,,0,3,2026-08-28T15:23:23.997650+05:30,2026-08-28T15:23:23.997650+05:30,,closed,payment_link,0,+918877865007,vikram.shah513@hotmail.com,,,,,cart_abandoned,3349.0,0.0
bfb96406-be2d-4e5d-8bc8-aa8634faccfd,payment,pay_o1SdQ8oRTRpMQ8,order_KIlK63e6nSf1wt,,,cust_P2fe0SYahquXuq,390900,INR,upi,,BAD_REQUEST_ERROR,gateway,payment_authorization,payment_failed,Payment was declined by the bank.,technical,,1,3,2026-08-28T16:00:27.997650+05:30,2026-08-30T10:00:27.997650+05:30,,recovered,auto_retry,390900,+917766434917,vihaan.pillai680@gmail.com,,,,,,3909.0,3909.0
96364a26-6bb8-4c39-bf23-4c6df66bce7b,b2b_receivable,,order_ulZFYw5B1XLt2s,,,cust_xR45pOreCi7ZIq,5900000,INR,netbanking,,INVOICE_PAYMENT_OVERDUE,corporate_buyer,accounts_payable_settlement,invoice_overdue_31_60_days,Corporate invoice overdue by 44 days (31_60_days).,soft,,0,3,2026-08-28T16:46:24.997650+05:30,2026-08-28T16:46:24.997650+05:30,,escalated,voice,0,+919876066230,ap@bharat.com,inv_XlledAGQtgrUiD,Bharat Infra Projects Ltd,29BABAD4573K6Z5,31_60_days,,59000.0,0.0
f775a0eb-a77f-46fd-bd27-166e97204327,mandate,pay_yVJWq5S9hcLAIS,order_Q09H2zc1Zoj1Ql,,token_p4l9pOsoIKDCbc,cust_Z64cIodB9wEmtt,263500,INR,card,rupay,BAD_REQUEST_ERROR,issuer_bank,card_enrollment_check,card_not_enrolled,Your card is not enabled for online payments.,hard,,0,0,2026-08-28T18:26:03.997650+05:30,2026-08-28T18:26:03.997650+05:30,,closed,manual,0,+917788251151,meera.banerjee242@outlook.com,,,,,,2635.0,0.0
da4ea741-0444-48e8-aaca-db2205d555bc,payment,pay_ILDosWmRs2mu6Q,order_Tu5nDF5FyeWeOV,,,cust_eenpaNEFPnl17d,22100,INR,upi,,BAD_REQUEST_ERROR,issuer_bank,payment_authorization,transaction_limit_exceeded,Maximum transaction limit exceeded for the day.,soft,,3,3,2026-08-28T19:16:05.997650+05:30,2026-09-11T16:16:05.997650+05:30,,escalated,voice,0,+919900399875,pradeep.das575@rediffmail.com,,,,,,221.0,0.0
702eb03c-31ae-411f-8a2e-92b609b51ab3,payment,pay_agkLc41Kw58gpj,order_VYfLuyEHQoYajd,,,cust_L3QE4WhEq0rqLL,92800,INR,upi,,BAD_REQUEST_ERROR,gateway,payment_authorization,insufficient_funds,Your payment could not be completed due to insufficient account balance.,soft,,3,3,2026-08-28T19:28:58.997650+05:30,2026-09-11T12:28:58.997650+05:30,,escalated,voice,0,+919900832120,meera.mehta401@hotmail.com,,,,,,928.0,0.0
5bf7da42-b140-48ff-bcd2-9fafc2e67610,checkout_drop_off,pay_9fkGsO6oCW01S0,order_luCdinHqfSAqBW,,,cust_24qmJ7ROsnI57O,49900,INR,upi,visa,CHECKOUT_DROP_OFF,customer,checkout_funnel,3ds_auth_cancelled,Abandoned at otp_abandoned: 3ds_auth_cancelled,soft,,0,3,2026-08-28T20:03:10.997650+05:30,2026-08-28T20:03:10.997650+05:30,,recovered,payment_link,49900,+919876804179,vihaan.reddy867@rediffmail.com,,,,,otp_abandoned,499.0,499.0
0a38e3ec-ea16-49dc-bd3a-90c7de702cf9,payment,pay_VKSKmulabqXbkk,order_ixe7kUOZbJ8Ad2,,,cust_T76vCoyNn6SjmR,140700,INR,card,rupay,BAD_REQUEST_ERROR,customer,payment_authentication,payment_timed_out,Your payment could not be completed due to a temporary issue. Try again later.,soft,,1,3,2026-08-28T20:35:27.997650+05:30,2026-08-30T10:35:27.997650+05:30,,recovered,auto_retry,140700,+919876172344,vikram.gupta742@rediffmail.com,,,,,,1407.0,1407.0
5c2071b0-e6cc-4f65-a98f-4ec6ffe27727,payment,pay_EJAF7bRda7oGH0,order_1nTCTJdbgI4ye8,,,cust_HLMmbJsoan9FT2,72100,INR,wallet,,BAD_REQUEST_ERROR,gateway,payment_authorization,insufficient_funds,Your payment could not be completed due to insufficient account balance.,soft,,3,3,2026-08-28T21:18:10.997650+05:30,2026-09-04T20:18:10.997650+05:30,,recovered,sms,72100,+917766479230,diya.mishra981@outlook.com,,,,,,721.0,721.0
1f046a47-c628-4940-9d86-83cb9717e0de,checkout_drop_off,pay_MP41uVGlN0gCb6,order_pO3pTqsQsm16UH,,,cust_qVPpjA5dnz5XVh,332600,INR,card,rupay,CHECKOUT_DROP_OFF,customer,checkout_funnel,3ds_auth_cancelled,Abandoned at otp_abandoned: 3ds_auth_cancelled,soft,,0,3,2026-08-28T21:38:09.997650+05:30,2026-08-28T21:38:09.997650+05:30,,closed,payment_link,0,+918877931621,rajesh.thakur765@hotmail.com,,,,,otp_abandoned,3326.0,0.0
51f5d062-978f-4b63-9ce7-3062d046f421,payment,pay_CfWzJL38zcB8Vt,order_ZRy6JuxBPmHbuM,,,cust_wrVYA0Ec1E1jm6,411500,INR,card,rupay,BAD_REQUEST_ERROR,customer,payment_authentication,payment_cancelled,Your payment has been cancelled.,soft,,1,3,2026-08-28T22:29:05.997650+05:30,2026-08-29T10:29:05.997650+05:30,,recovered,auto_retry,411500,+919988053883,aadhya.chauhan777@outlook.com,,,,,,4115.0,4115.0
6fa218c5-88a2-4517-b784-2e1127737281,checkout_drop_off,,order_Gj3VFidUCouE6u,,,cust_ADcaFlTfgtpz6h,513600,INR,card,visa,CHECKOUT_DROP_OFF,customer,checkout_funnel,address_form_friction,Abandoned at address_submitted: address_form_friction,soft,,0,3,2026-08-28T22:51:45.997650+05:30,2026-08-28T22:51:45.997650+05:30,,recovered,payment_link,513600,+918899274147,aarav.gupta139@gmail.com,,,,,address_submitted,5136.0,5136.0
a064b9c8-662f-4427-8556-f4c0812028d6,payment,pay_vYKoKktpCMaWvu,order_zCiOGSYf4D6U0S,,,cust_1D3S0YhX0jsoKA,438500,INR,emandate,,BAD_REQUEST_ERROR,gateway,payment_authorization,insufficient_funds,Your payment could not be completed due to insufficient account balance.,soft,,2,3,2026-08-28T22:56:23.997650+05:30,2026-09-13T10:56:23.997650+05:30,,recovered,auto_retry,438500,+918877556296,amit.nair479@outlook.com,,,,,,4385.0,4385.0
6a7b4fcf-917b-423b-b4dc-b5dfe3f69d24,mandate,pay_waIeCoh2AfZsVL,order_Y1siQXe4C4HTlW,,token_CPHIaeVmxfWpIv,cust_od70O0huAYWkR1,949700,INR,card,rupay,BAD_REQUEST_ERROR,customer,payment_authentication,payment_cancelled,Your payment has been cancelled.,soft,,3,3,2026-08-29T04:02:07.997650+05:30,2026-09-17T14:02:07.997650+05:30,,escalated,voice,0,+917766113126,sai.mehta320@hotmail.com,,,,,,9497.0,0.0
f564511e-30e1-4df7-9402-a91d1bd645bf,mandate,pay_QFg8w16McTFMZg,order_ESjyz8oGOqKrPZ,,token_36XT7xnhcS6Dov,cust_feZSSyiwvBgiVp,564600,INR,card,visa,BAD_REQUEST_ERROR,gateway,payment_authorization,insufficient_funds,Your payment could not be completed due to insufficient account balance.,soft,,1,3,2026-08-29T04:52:59.997650+05:30,2026-09-17T10:52:59.997650+05:30,,recovered,auto_retry,564600,+917766303277,aarav.reddy410@outlook.com,,,,,,5646.0,5646.0
ac5f3b96-aebb-47ed-9684-04766bc9e719,subscription,pay_dyN0kpcUo9qkkR,order_kNA8eBwVP6frlD,sub_XXiytO6mPF6UrK,token_MP7v4jOzeAu2kb,cust_TP3iExikUxJuyA,1240500,INR,upi,,GATEWAY_ERROR,gateway,payment_authentication,authentication_failed,Payment could not be completed due to incorrect OTP or verification details.,soft,active,1,3,2026-08-29T04:55:34.997650+05:30,2026-09-21T10:55:34.997650+05:30,,recovered,auto_retry,1240500,+918899796526,aadhya.reddy477@gmail.com,,,,,,12405.0,12405.0
213b0120-d95e-4baa-b731-a37d189b6bfc,subscription,pay_Qisb5RlO1xh97g,order_m4Z3N2CvKWdkb0,sub_aTJGVXI1IZEFxY,token_vsGmipGI8BoCPd,cust_22ocVcfzGyuS03,409400,INR,netbanking,,BAD_REQUEST_ERROR,gateway,payment_authorization,insufficient_funds,Your payment could not be completed due to insufficient account balance.,soft,active,1,3,2026-08-29T04:56:13.997650+05:30,2026-09-14T10:56:13.997650+05:30,,recovered,auto_retry,409400,+919900862498,krishna.reddy429@yahoo.co.in,,,,,,4094.0,4094.0
bc2743d7-78bc-42a8-88f7-cae77d031dd3,subscription,pay_8QY3cAuDwygAcK,order_StDoPXBqvmp0W4,sub_Dg3wtLJ3zK2y4d,token_c7KtRSrZb2W3hu,cust_kflS6emkjhuqJJ,1391400,INR,upi,,BAD_REQUEST_ERROR,issuer_bank,payment_authorization,card_disabled_for_online_payments,Your card is disabled for online payments.,hard,pending,0,0,2026-08-29T05:03:25.997650+05:30,2026-08-29T05:03:25.997650+05:30,,closed,manual,0,+919900684773,neha.iyer802@hotmail.com,,,,,,13914.0,0.0
d65881f3-1d16-43b6-ad32-8134ef21c4f2,subscription,pay_Gi7m5mXpx4DJ6i,order_bRjeXyNHRQiWjx,sub_GdRgGGBNK792Az,token_XuqCGhR5xXREbk,cust_nyMMOxrzpdd3es,104900,INR,upi,,BAD_REQUEST_ERROR,gateway,payment_authorization,insufficient_funds,Your payment could not be completed due to insufficient account balance.,soft,halted,3,3,2026-08-29T05:12:43.997650+05:30,2026-09-06T11:12:43.997650+05:30,,escalated,voice,0,+917788283357,neha.roy828@hotmail.com,,,,,,1049.0,0.0
2df313ac-7fbb-48d3-b62c-5a34835a31e9,mandate,pay_g4kTzf635XEgbW,order_KtD9HPk6lROGNp,,token_1jHfkj63JDw5Gn,cust_9ortzjzW7bAcBS,42300,INR,upi,,BAD_REQUEST_ERROR,issuer_bank,card_enrollment_check,card_not_enrolled,Your card is not enabled for online payments.,hard,,0,0,2026-08-29T05:36:04.997650+05:30,2026-08-29T05:36:04.997650+05:30,,closed,manual,0,+917766021943,sanjay.patel397@gmail.com,,,,,,423.0,0.0
40f92415-1fc0-44f4-910a-0dcf2f8ee49a,subscription,pay_64bs9BdAg7UjoM,order_9sq2azV0HjcZL1,sub_ROfAZmgVSwcZbW,token_EjA9dPrsAY0Yya,cust_pLpZNfwV4vty4u,1483900,INR,wallet,,BAD_REQUEST_ERROR,issuer_bank,payment_authorization,debit_instrument_inactive,Your card is currently inactive.,technical,active,2,3,2026-08-29T06:52:04.997650+05:30,2026-09-01T10:52:04.997650+05:30,,recovered,auto_retry,1483900,+917788284173,vihaan.mahanty151@rediffmail.com,,,,,,14839.0,14839.0
e1c23d57-f8bd-4e47-a8cf-54eb6acbf2fa,subscription,pay_OGERhgzJRHdCdt,order_YyEwOK4abdgMD8,sub_OkkPDbh4yrF46l,token_tUFPbUjwB36R0K,cust_1KpzdhpnhTBL5L,44900,INR,netbanking,,BAD_REQUEST_ERROR,gateway,payment_authorization,insufficient_funds,Your payment could not be completed due to insufficient account balance.,soft,active,3,3,2026-08-29T07:23:50.997650+05:30,2026-09-06T12:23:50.997650+05:30,,recovered,sms,44900,+919876013469,vikram.mahanty309@yahoo.co.in,,,,,,449.0,449.0
de1acafc-7a18-4d58-bee5-afae3eb6efc4,subscription,pay_2Wgavnf0l5Ejo2,order_HaK78tRv02TWHC,sub_Rv3zPoDwSsbco9,token_mXpCL93IIhFY48,cust_rzjQuu5W3qVK1p,2677000,INR,netbanking,,BAD_REQUEST_ERROR,gateway,payment_authorization,payment_failed,Payment was declined by the bank.,technical,active,1,3,2026-08-29T07:44:49.997650+05:30,2026-09-05T10:44:49.997650+05:30,,recovered,auto_retry,2677000,+917788952430,aditi.thakur916@outlook.com,,,,,,26770.0,26770.0
e6156f9d-44b4-43a4-a23a-696690be40bb,mandate,pay_nAG5rDlueYXCaG,order_dFzUxCJR0wKogd,,token_in6V12DtGAIUql,cust_3oJkA1BxuPGO9O,438200,INR,card,rupay,BAD_REQUEST_ERROR,issuer_bank,payment_authorization,card_disabled_for_online_payments,Your card is disabled for online payments.,hard,,0,0,2026-08-29T07:54:19.997650+05:30,2026-08-29T07:54:19.997650+05:30,,closed,manual,0,+919876604906,kiara.joshi320@hotmail.com,,,,,,4382.0,0.0
2602e7fb-c492-40a6-ac52-47198b7c826c,mandate,pay_Yy1jMO0Oik3Z52,order_Pl36hLjHXcV70n,,token_TotBIK5SwTpAY6,cust_l0bhi80VvMjk6e,374600,INR,wallet,,BAD_REQUEST_ERROR,customer,payment_initiation,incorrect_cvv,Incorrect CVV entered.,soft,,3,3,2026-08-29T07:56:45.997650+05:30,2026-09-26T12:56:45.997650+05:30,,escalated,voice,0,+917788930068,kavita.mukherjee683@outlook.com,,,,,,3746.0,0.0
ed905dc8-378b-476c-947e-fa65041f9748,mandate,pay_674myXJEv9vTuN,order_qLMYFOCFyv5ZlI,,token_MtSu7viiv1uQZu,cust_XgqyJ6zKz1doyq,352000,INR,netbanking,,GATEWAY_ERROR,gateway,payment_authorization,gateway_technical_error,Payment did not go through due to a temporary issue.,technical,,4,3,2026-08-29T10:25:29.997650+05:30,2026-09-30T00:25:29.997650+05:30,,recovered,sms,352000,+917788916508,sanjay.roy181@gmail.com,,,,,,3520.0,3520.0
fe81a290-3371-4c9d-8da0-2ffd0574264c,payment,pay_pr8ksr35Zcx2Iu,order_ClL55w7aGV6OQo,,,cust_mbHGn3zH7nAlC1,3342200,INR,upi,,BAD_REQUEST_ERROR,gateway,payment_authorization,insufficient_funds,Your payment could not be completed due to insufficient account balance.,soft,,3,3,2026-08-29T10:31:16.997650+05:30,2026-09-20T14:31:16.997650+05:30,,escalated,voice,0,+917788591056,ishaan.mishra816@yahoo.co.in,,,,,,33422.0,0.0
5c21a78c-15cb-438b-b84a-ca7ea8669ba6,mandate,pay_HlbMImOs6vgeNc,order_JTsjRINr4ljULC,,token_sE7mWthjxHVNnU,cust_3dMG95fON5c4A0,63700,INR,upi,,GATEWAY_ERROR,gateway,payment_authorization,gateway_technical_error,Payment did not go through due to a temporary issue.,technical,,1,3,2026-08-29T10:56:45.997650+05:30,2026-09-18T10:56:45.997650+05:30,,recovered,auto_retry,63700,+919900037187,arjun.patel738@gmail.com,,,,,,637.0,637.0
8c80ac91-3d87-4fc3-ab24-5d19487638fc,mandate,pay_RHI0mwb9u02tNf,order_rGNRUzSVA8BK1w,,token_AwtTZ3pGq9vtLH,cust_N0038THN8GpqSY,143600,INR,emandate,,BAD_REQUEST_ERROR,issuer_bank,payment_authorization,transaction_limit_exceeded,Maximum transaction limit exceeded for the day.,soft,,1,3,2026-08-29T11:03:16.997650+05:30,2026-09-05T10:03:16.997650+05:30,,recovered,auto_retry,143600,+918899049413,neha.mehta938@hotmail.com,,,,,,1436.0,1436.0
7ed07030-7323-46e1-94b0-5481262d4e58,subscription,pay_lzz5XrqmDy5wit,order_W2vY43NxnkmRg3,sub_D9pJFBTjqBgqyf,token_eOBvL7cW64qC6f,cust_UOIGSSthcTNZiy,423900,INR,upi,,GATEWAY_ERROR,gateway,payment_authorization,gateway_technical_error,Payment did not go through due to a temporary issue.,technical,active,1,3,2026-08-29T11:41:52.997650+05:30,2026-09-11T10:41:52.997650+05:30,,recovered,auto_retry,423900,+919876420710,pradeep.pillai125@yahoo.co.in,,,,,,4239.0,4239.0
00336882-2851-4f1b-a2b1-b8f26e9f1b78,payment,pay_rKGJKMoNMiR6v3,order_33eesB1gRUshP8,,,cust_78LW2rPTHp1nTH,1304500,INR,netbanking,,BAD_REQUEST_ERROR,gateway,payment_authorization,insufficient_funds,Your payment could not be completed due to insufficient account balance.,soft,,3,3,2026-08-29T12:08:46.997650+05:30,2026-09-10T12:08:46.997650+05:30,,recovered,sms,1304500,+918877285141,aditi.singh771@yahoo.co.in,,,,,,13045.0,13045.0
f093cee9-2614-46fe-bc0e-b4ce239f3d41,checkout_drop_off,,order_Ice4nQRKGee17t,,,cust_jJO0yaSNX3CDfD,95700,INR,upi,visa,CHECKOUT_DROP_OFF,customer,checkout_funnel,address_form_friction,Abandoned at address_submitted: address_form_friction,soft,,0,3,2026-08-29T13:05:48.997650+05:30,2026-08-29T13:05:48.997650+05:30,,closed,payment_link,0,+917766842114,aditya.ghosh338@outlook.com,,,,,address_submitted,957.0,0.0
c7a2e5e0-92ad-4134-81b2-564e18aa94f2,b2b_receivable,,order_NtxhzvPlhRO7Tx,,,cust_EJqz6cD2yTjYVQ,7400000,INR,netbanking,,INVOICE_PAYMENT_OVERDUE,corporate_buyer,accounts_payable_settlement,invoice_overdue_current,Corporate invoice overdue by 0 days (current).,soft,,0,3,2026-08-29T13:07:03.997650+05:30,2026-08-29T13:07:03.997650+05:30,,recovered,email,7400000,+919123368385,ap@apex.com,inv_pBoa0NHUSAmNfA,Apex Logistics Solutions Pvt Ltd,07EAEBC7645A7ZM,current,,74000.0,74000.0
8e7cba75-228a-4104-ad54-ae6dff1a105d,payment,pay_3E9gWjpSDxhmAy,order_DK1C3opXQ1Ajtx,,,cust_c3Qq9XSripKlwV,193000,INR,upi,,BAD_REQUEST_ERROR,issuer_bank,payment_authorization,transaction_limit_exceeded,Maximum transaction limit exceeded for the day.,soft,,3,3,2026-08-29T13:19:24.997650+05:30,2026-09-05T16:19:24.997650+05:30,,escalated,voice,0,+919123000013,diya.chauhan270@rediffmail.com,,,,,,1930.0,0.0
34ab9b09-2cb1-46a9-beeb-2cd9a0459cd0,payment,pay_OpB9IIT4BTF7L1,order_l0SvU6Bt2CmviW,,,cust_MjmXJh1SrBY7Uj,99200,INR,card,mastercard,BAD_REQUEST_ERROR,customer,payment_authentication,payment_cancelled,Your payment has been cancelled.,soft,,1,3,2026-08-29T13:44:59.997650+05:30,2026-09-02T10:44:59.997650+05:30,,recovered,auto_retry,99200,+917766460873,rohan.chauhan855@rediffmail.com,,,,,,992.0,992.0
29e4a273-cad3-4121-9924-23ac6e1749b9,payment,pay_KGJfuuUAM1Slg9,order_kOeY5uE1Z8vtVv,,,cust_b6YQESKNHtGwzF,74300,INR,wallet,,BAD_REQUEST_ERROR,customer,payment_initiation,incorrect_cvv,Incorrect CVV entered.,soft,,2,3,2026-08-29T14:24:21.997650+05:30,2026-09-22T10:24:21.997650+05:30,,recovered,auto_retry,74300,+919988218272,shreya.sharma578@outlook.com,,,,,,743.0,743.0
0fdac088-afa1-41bc-a6ce-b584fce750f7,b2b_receivable,,order_7yIw3XS3LWqL8k,,,cust_rQkY0nPU6at3GR,11000000,INR,netbanking,,INVOICE_PAYMENT_OVERDUE,corporate_buyer,accounts_payable_settlement,invoice_overdue_current,Corporate invoice overdue by 0 days (current).,soft,,0,3,2026-08-29T14:27:34.997650+05:30,2026-08-29T14:27:34.997650+05:30,,recovered,email,11000000,+919123116652,ap@aura.com,inv_lXPUe7UhsRYgQe,Aura Consumer Goods Pvt Ltd,19DAEAC7215Z2ZD,current,,110000.0,110000.0
dc743584-8bae-4153-8190-c9bb1d50e446,b2b_receivable,,order_e8T0AIleFaIcgt,,,cust_wt37qM1hQkSNNS,13200000,INR,netbanking,,INVOICE_PAYMENT_OVERDUE,corporate_buyer,accounts_payable_settlement,invoice_overdue_1_15_days,Corporate invoice overdue by 15 days (1_15_days).,soft,,0,3,2026-08-29T15:01:40.997650+05:30,2026-08-29T15:01:40.997650+05:30,,recovered,email,13200000,+919123057096,ap@apex.com,inv_CkMF53XRU2KF9l,Apex Logistics Solutions Pvt Ltd,24CDDAD3600H7Z9,1_15_days,,132000.0,132000.0
c4ac70ad-168d-4e1c-9851-c4edfe7a9182,b2b_receivable,,order_jbn9t0inGaqT7b,,,cust_JuxUW8CMbfopWK,5100000,INR,netbanking,,INVOICE_PAYMENT_OVERDUE,corporate_buyer,accounts_payable_settlement,invoice_overdue_1_15_days,Corporate invoice overdue by 12 days (1_15_days).,soft,,0,3,2026-08-29T15:10:53.997650+05:30,2026-08-29T15:10:53.997650+05:30,,recovered,email,5100000,+919900626637,ap@paramount.com,inv_WBJXPrIsmj9x9l,Paramount Engineering Works,29BCBAA0490W3ZI,1_15_days,,51000.0,51000.0
997ae5fc-e89f-4556-bf5d-52d4ac317886,b2b_receivable,,order_2ECKBP2icPREHr,,,cust_2XBkHJYNkRpzqh,12200000,INR,netbanking,,INVOICE_PAYMENT_OVERDUE,corporate_buyer,accounts_payable_settlement,invoice_overdue_current,Corporate invoice overdue by 0 days (current).,soft,,0,3,2026-08-29T15:16:19.997650+05:30,2026-08-29T15:16:19.997650+05:30,,recovered,email,12200000,+918899797587,ap@vanguard.com,inv_OVmCCwqP8db6Q0,Vanguard Chemical Industries Ltd,07CABBD4293B8ZL,current,,122000.0,122000.0
33419776-4a69-4f44-9d98-29fbe498a236,b2b_receivable,,order_JBQHmgGugxnVqR,,,cust_ZUS7GGWC3bOtQq,15400000,INR,netbanking,,INVOICE_PAYMENT_OVERDUE,corporate_buyer,accounts_payable_settlement,invoice_overdue_1_15_days,Corporate invoice overdue by 2 days (1_15_days).,soft,,0,3,2026-08-29T15:21:45.997650+05:30,2026-08-29T15:21:45.997650+05:30,,recovered,email,15400000,+917788395718,ap@zenith.com,inv_QSCjBgvTNQlwZ3,Zenith Healthware LLP,06ACEDA3137T4ZW,1_15_days,,154000.0,154000.0
18055c9d-ed77-4ac8-bb74-5cf68d8e4e3a,checkout_drop_off,,order_2s3cnqTDO1eheU,,,cust_VIIobCjQHSP8m4,170800,INR,upi,rupay,CHECKOUT_DROP_OFF,customer,checkout_funnel,window_shopping_exit,Abandoned at cart_abandoned: window_shopping_exit,soft,,0,3,2026-08-29T15:29:48.997650+05:30,2026-08-29T15:29:48.997650+05:30,,recovered,payment_link,170800,+917788039666,krishna.banerjee513@yahoo.co.in,,,,,cart_abandoned,1708.0,1708.0
591c7fba-31db-4341-bbd8-5c67689e5656,checkout_drop_off,,order_eypWSzRgJoIy4h,,,cust_5ei93KDFfkAJQ7,243300,INR,card,rupay,CHECKOUT_DROP_OFF,customer,checkout_funnel,window_shopping_exit,Abandoned at cart_abandoned: window_shopping_exit,soft,,0,3,2026-08-29T15:46:53.997650+05:30,2026-08-29T15:46:53.997650+05:30,,closed,payment_link,0,+919876341191,aarav.ghosh882@gmail.com,,,,,cart_abandoned,2433.0,0.0
ec466c47-9ab3-460f-8ea1-171829d28145,checkout_drop_off,,order_xpAJrs1SWsnM8h,,,cust_H8O52fJ9M33DaS,394300,INR,card,visa,CHECKOUT_DROP_OFF,customer,checkout_funnel,accidental_tab_close,Abandoned at cart_abandoned: accidental_tab_close,soft,,0,3,2026-08-29T15:48:13.997650+05:30,2026-08-29T15:48:13.997650+05:30,,closed,payment_link,0,+918899993955,pradeep.chauhan772@gmail.com,,,,,cart_abandoned,3943.0,0.0
f2b7a856-e147-4be5-9950-769b34ab7d0d,payment,pay_lXQ3pf2ppfrR0n,order_28KxUF5FErhR0D,,,cust_yB70TdB2B7a3PL,49200,INR,card,visa,BAD_REQUEST_ERROR,customer,payment_authentication,payment_timed_out,Your payment could not be completed due to a temporary issue. Try again later.,soft,,3,3,2026-08-29T19:29:48.997650+05:30,2026-09-06T10:29:48.997650+05:30,,recovered,sms,49200,+918877347199,pooja.patel153@hotmail.com,,,,,,492.0,492.0
ca595de7-35af-4347-871a-b0002d6df40d,subscription,pay_J03Ce5RvwlaszA,order_82hB1nujWHiQiO,sub_MZ15vtxUMwkHj6,token_0nXXhlR4NPKpG6,cust_Qxzx1Dw0bBfbN1,92000,INR,upi,,BAD_REQUEST_ERROR,customer,payment_authentication,payment_cancelled,Your payment has been cancelled.,soft,active,1,3,2026-08-29T19:31:34.997650+05:30,2026-09-20T10:31:34.997650+05:30,,recovered,auto_retry,92000,+917766249331,arjun.mehta572@hotmail.com,,,,,,920.0,920.0
e4347a9c-f439-46cb-b1a2-261c9f279bb1,mandate,pay_l9bVoWVEDZ225W,order_zpANKmr1dRNzSu,,token_y2dKOjTnHZfwI0,cust_Kcpoh6GqWwBImy,357900,INR,netbanking,,BAD_REQUEST_ERROR,customer,payment_initiation,card_number_invalid,You have entered an incorrect card number. Try again.,hard,,0,0,2026-08-29T19:34:35.997650+05:30,2026-08-29T19:34:35.997650+05:30,,closed,manual,0,+918899770261,aanya.iyer476@yahoo.co.in,,,,,,3579.0,0.0
48db881d-9fb8-4bd5-b234-6d865935bef1,payment,pay_4NHrQhtsUUL9Fl,order_4bFAltxNILQYrU,,,cust_1pAi0DRo10ekr9,339900,INR,card,visa,GATEWAY_ERROR,issuer_bank,payment_authorization,bank_technical_error,Bank downtime. Please try again later.,technical,,1,3,2026-08-29T19:52:36.997650+05:30,2026-09-18T10:52:36.997650+05:30,,recovered,auto_retry,339900,+918899347057,diya.mukherjee788@outlook.com,,,,,,3399.0,3399.0
aa319c0c-2864-4f45-9af6-3263ac81358b,checkout_drop_off,pay_kRXRWg9maPY1LI,order_gKrg7aIFLhPjXC,,,cust_8E1fpRQWyBmmXt,356800,INR,upi,rupay,CHECKOUT_DROP_OFF,customer,checkout_funnel,preferred_bank_missing,Abandoned at payment_method_selected: preferred_bank_missing,soft,,0,3,2026-08-29T20:03:16.997650+05:30,2026-08-29T20:03:16.997650+05:30,,closed,payment_link,0,+917766652439,saanvi.iyer957@outlook.com,,,,,payment_method_selected,3568.0,0.0
cbe6d5eb-3370-44a3-8cc9-4fc28e95ba74,payment,pay_QtMrXfSebSzUdU,order_TwDVoHOUZddQuq,,,cust_VL5wlE7UEZyWPM,154900,INR,netbanking,,BAD_REQUEST_ERROR,customer,payment_authentication,payment_timed_out,Your payment could not be completed due to a temporary issue. Try again later.,soft,,1,3,2026-08-29T20:06:00.997650+05:30,2026-09-04T10:06:00.997650+05:30,,recovered,auto_retry,154900,+919988431927,shreya.reddy456@hotmail.com,,,,,,1549.0,1549.0
f01ac5ba-a5cf-49b8-8412-439a2c574bcb,checkout_drop_off,pay_DJMx6iBQgAFXrn,order_1Jx2nbuJN5lUEP,,,cust_9Tt7eAL42tZKKH,62300,INR,upi,rupay,CHECKOUT_DROP_OFF,customer,checkout_funnel,bank_page_latency_timeout,Abandoned at otp_abandoned: bank_page_latency_timeout,soft,,0,3,2026-08-29T20:30:24.997650+05:30,2026-08-29T20:30:24.997650+05:30,,closed,payment_link,0,+919988754115,sanjay.reddy605@outlook.com,,,,,otp_abandoned,623.0,0.0
49fe8d75-c828-40b5-8e99-ea5ade2ea4d9,payment,pay_lkNBnwdAGWx95m,order_s1BVnEqjoV8JCm,,,cust_psbd0wkkhFZieK,3946000,INR,upi,,BAD_REQUEST_ERROR,gateway,payment_authorization,payment_failed,Payment was declined by the bank.,technical,,1,3,2026-08-29T20:50:55.997650+05:30,2026-09-26T10:50:55.997650+05:30,,recovered,auto_retry,3946000,+919876162444,vikram.mukherjee818@gmail.com,,,,,,39460.0,39460.0
557a76f1-b8ed-47f7-a22f-f967901a3f9c,payment,pay_xADmX8DAvxKEvv,order_PbUDeJic071tEO,,,cust_7LSdPDqq2lmzPE,23700,INR,card,mastercard,GATEWAY_ERROR,issuer_bank,payment_authorization,bank_technical_error,Bank downtime. Please try again later.,technical,,4,3,2026-08-29T21:00:07.997650+05:30,2026-09-12T16:00:07.997650+05:30,,escalated,voice,0,+917788335494,rahul.joshi736@rediffmail.com,,,,,,237.0,0.0
9e118804-c958-43e9-ac8d-4765c941b5a6,checkout_drop_off,pay_7uV4r9iCq3Wkiz,order_Um2JkGAsdW2FDC,,,cust_P2eRuQfsvLfgNr,324600,INR,upi,rupay,CHECKOUT_DROP_OFF,customer,checkout_funnel,3ds_auth_cancelled,Abandoned at otp_abandoned: 3ds_auth_cancelled,soft,,0,3,2026-08-29T21:03:43.997650+05:30,2026-08-29T21:03:43.997650+05:30,,closed,payment_link,0,+918899512202,amit.bose956@yahoo.co.in,,,,,otp_abandoned,3246.0,0.0
6035bc32-546e-4e79-9531-4a6df7d11ff3,checkout_drop_off,,order_OIFuGETx3bDOmg,,,cust_bRvpLwSOmYVOGS,529000,INR,card,rupay,CHECKOUT_DROP_OFF,customer,checkout_funnel,price_comparison_pause,Abandoned at cart_abandoned: price_comparison_pause,soft,,0,3,2026-08-29T21:44:16.997650+05:30,2026-08-29T21:44:16.997650+05:30,,closed,payment_link,0,+917766189825,aanya.ghosh914@gmail.com,,,,,cart_abandoned,5290.0,0.0
88716cd6-d0fe-4251-953f-31deabcefa2d,checkout_drop_off,pay_3VZLh6TzD4f8lH,order_5gLP6El8Dtdkpp,,,cust_MRom7LQya67h6r,120300,INR,card,visa,CHECKOUT_DROP_OFF,customer,checkout_funnel,otp_not_received,Abandoned at otp_abandoned: otp_not_received,soft,,0,3,2026-08-29T22:53:41.997650+05:30,2026-08-29T22:53:41.997650+05:30,,closed,payment_link,0,+917788088725,isha.sharma301@outlook.com,,,,,otp_abandoned,1203.0,0.0
c396eb85-687e-4731-8378-2d4331fde7ee,payment,pay_tcEjWutFrd3TNJ,order_Zrkymw9tUPrmjX,,,cust_PEOoSZWDB4mHEU,435600,INR,upi,,BAD_REQUEST_ERROR,customer,payment_initiation,incorrect_cvv,Incorrect CVV entered.,soft,,3,3,2026-08-29T23:32:59.997650+05:30,2026-09-18T14:32:59.997650+05:30,,escalated,voice,0,+917788107325,aditi.bose375@rediffmail.com,,,,,,4356.0,0.0
ab7b93e8-a8bf-481d-a80a-1824be992c2c,checkout_drop_off,pay_WrNKhutEN3uuvY,order_tCoMTsw7IqLEn7,,,cust_TdQZrsNDr49Azx,105100,INR,card,rupay,CHECKOUT_DROP_OFF,customer,checkout_funnel,preferred_bank_missing,Abandoned at payment_method_selected: preferred_bank_missing,soft,,0,3,2026-08-29T23:33:04.997650+05:30,2026-08-29T23:33:04.997650+05:30,,recovered,payment_link,105100,+918899565885,kavita.chauhan447@hotmail.com,,,,,payment_method_selected,1051.0,1051.0
4a594f89-746f-47cc-b414-29c10e067be9,mandate,pay_6SvI6Hp3Gipk99,order_PJkOD4rCWYyORS,,token_35lGshzVd4e118,cust_nKdw8u5Gyah4XJ,35200,INR,upi,,BAD_REQUEST_ERROR,gateway,payment_authorization,insufficient_funds,Your payment could not be completed due to insufficient account balance.,soft,,3,3,2026-08-30T04:19:34.997650+05:30,2026-09-12T16:19:34.997650+05:30,,escalated,voice,0,+919123578917,reyansh.kumar52@hotmail.com,,,,,,352.0,0.0
3ccd498e-5b47-4188-ad96-bb71c14c45c1,mandate,pay_wbM3DxjoOHFUe1,order_Y0l4ba8OVVagQB,,token_AfQ2CJbHUhwepM,cust_9kU6mZL7tL2eo5,674800,INR,netbanking,,BAD_REQUEST_ERROR,gateway,payment_authorization,insufficient_funds,Your payment could not be completed due to insufficient account balance.,soft,,1,3,2026-08-30T04:51:16.997650+05:30,2026-09-26T10:51:16.997650+05:30,,recovered,auto_retry,674800,+918899124949,saanvi.thakur792@gmail.com,,,,,,6748.0,6748.0
8a0c1546-5457-4d21-be53-717409c30793,mandate,pay_gsab9Mtu4ciHOt,order_O9EAgxNO6CcZ5R,,token_fYATh9gJjNlEIa,cust_6akvZcFykKTfYq,291300,INR,netbanking,,BAD_REQUEST_ERROR,customer,payment_authentication,payment_timed_out,Your payment could not be completed due to a temporary issue. Try again later.,soft,,1,3,2026-08-30T05:02:35.997650+05:30,2026-09-18T10:02:35.997650+05:30,,recovered,auto_retry,291300,+919900971523,pradeep.sharma96@hotmail.com,,,,,,2913.0,2913.0
ad4fbfcb-8b3d-4f43-b7cc-78ff31df5e29,subscription,pay_1Reabp8kJj9ARL,order_v0TXytgtR8XfzI,sub_c6t4vSq38VJhXy,token_spcOKI9lEi7nv9,cust_0mQ53RwphdFSsB,4672800,INR,upi,,GATEWAY_ERROR,gateway,payment_authentication,authentication_failed,Payment could not be completed due to incorrect OTP or verification details.,soft,halted,3,3,2026-08-30T05:13:37.997650+05:30,2026-09-04T11:13:37.997650+05:30,,escalated,voice,0,+917766544412,aanya.thakur660@yahoo.co.in,,,,,,46728.0,0.0
3052aa29-8652-4aed-8c25-a9fc2e721771,mandate,pay_oDDfpGllGjQie6,order_x5Jlvp8vS2J4T5,,token_uGVy4sZRJJdeUq,cust_GvWHyEl4SVID4y,437100,INR,wallet,,BAD_REQUEST_ERROR,gateway,payment_authorization,insufficient_funds,Your payment could not be completed due to insufficient account balance.,soft,,3,3,2026-08-30T05:33:23.997650+05:30,2026-09-08T12:33:23.997650+05:30,,escalated,voice,0,+918877389458,shreya.shah45@rediffmail.com,,,,,,4371.0,0.0
49a3ab36-b69a-49ff-8fb6-77f1d8777d4a,mandate,pay_JTGtstf9Mx4SML,order_LbVDoLrEvNH1o3,,token_zARpD9nQuqOqAp,cust_T1Za39OkjXavyw,84600,INR,emandate,,BAD_REQUEST_ERROR,gateway,payment_authorization,insufficient_funds,Your payment could not be completed due to insufficient account balance.,soft,,3,3,2026-08-30T05:40:39.997650+05:30,2026-09-21T15:40:39.997650+05:30,,escalated,voice,0,+919900822570,krishna.mehta348@gmail.com,,,,,,846.0,0.0
6de34666-2099-425d-b1d7-655f6bcffffb,mandate,pay_CxT60PLPlN7ezH,order_rjVi4W3FvbukNX,,token_INlgXh5tuUv86q,cust_1Tx9OUr8EwYX6m,1496200,INR,card,rupay,GATEWAY_ERROR,issuer_bank,payment_authorization,bank_technical_error,Bank downtime. Please try again later.,technical,,1,3,2026-08-30T07:01:37.997650+05:30,2026-09-18T10:01:37.997650+05:30,,recovered,auto_retry,1496200,+919123226712,aarav.bose771@rediffmail.com,,,,,,14962.0,14962.0
368de51d-34e2-4619-a7bc-bd559027aaf5,subscription,pay_vE6ozv4f4AEIPC,order_Wr7PBOn28eQkiF,sub_ez3y1YZImNI4Wb,token_FMY7pdlZZeeEhb,cust_4FPO7LgdEp1vcd,936300,INR,upi,,BAD_REQUEST_ERROR,gateway,payment_authorization,insufficient_funds,Your payment could not be completed due to insufficient account balance.,soft,active,1,3,2026-08-30T07:11:30.997650+05:30,2026-09-21T10:11:30.997650+05:30,,recovered,auto_retry,936300,+918899556964,diya.sharma215@hotmail.com,,,,,,9363.0,9363.0
bd201088-256d-46c6-8499-c979879e0330,subscription,pay_UwDmRWzfu66MOa,order_zjqtk7zQLnalqZ,sub_pXvMVdu5uPYvKz,token_fYVJULVn7IS0zS,cust_KsWK58CKoHmXTa,92200,INR,netbanking,,BAD_REQUEST_ERROR,gateway,payment_authorization,payment_failed,Payment was declined by the bank.,technical,halted,3,3,2026-08-30T07:54:37.997650+05:30,2026-09-09T12:54:37.997650+05:30,,escalated,voice,0,+919900512879,krishna.patel507@yahoo.co.in,,,,,,922.0,0.0
028581ee-0d59-4736-86a6-5497f9cead14,payment,pay_Afa7LAloKRDcOb,order_3nK0rKm2pVAoWE,,,cust_7HKNlWyxghGm8d,28400,INR,upi,,BAD_REQUEST_ERROR,issuer_bank,payment_authorization,transaction_limit_exceeded,Maximum transaction limit exceeded for the day.,soft,,1,3,2026-08-30T09:02:50.997650+05:30,2026-09-02T10:02:50.997650+05:30,,recovered,auto_retry,28400,+917788388011,aditya.patel826@gmail.com,,,,,,284.0,284.0
eaa96fba-f022-40c9-9bac-4c95167353c1,subscription,pay_mVYMj72wVThnnI,order_rfZQp3IRgZG8ls,sub_Lg70GAPFxedR40,token_9T4p7hCIXas6me,cust_z3gCsGrd2jMJg9,390700,INR,emandate,,BAD_REQUEST_ERROR,gateway,payment_authorization,payment_failed,Payment was declined by the bank.,technical,active,1,3,2026-08-30T10:19:29.997650+05:30,2026-09-03T10:19:29.997650+05:30,,recovered,auto_retry,390700,+919123920609,priya.agarwal90@gmail.com,,,,,,3907.0,3907.0
44660d98-27c1-4001-8751-47721f794385,mandate,pay_Lg8Nds6p9PvQhe,order_U18NVcZrrgLvvR,,token_1WpWRbRRalrj9Q,cust_helHQkmIO0JUw0,15700,INR,emandate,,BAD_REQUEST_ERROR,gateway,payment_authorization,insufficient_funds,Your payment could not be completed due to insufficient account balance.,soft,,3,3,2026-08-30T10:40:33.997650+05:30,2026-09-15T16:40:33.997650+05:30,,escalated,voice,0,+918877154698,neha.joshi838@outlook.com,,,,,,157.0,0.0
099e5397-cfbf-493e-a684-7bfec938f47f,mandate,pay_G3aB8Hi6d71xC8,order_pAr3yrSP4uC4LF,,token_SKKlPWWcrgL6eS,cust_uGHEfPyKL2jjl0,38500,INR,netbanking,,BAD_REQUEST_ERROR,gateway,payment_authorization,payment_failed,Payment was declined by the bank.,technical,,1,3,2026-08-30T10:56:30.997650+05:30,2026-09-13T10:56:30.997650+05:30,,recovered,auto_retry,38500,+917766233311,sai.bose491@outlook.com,,,,,,385.0,385.0
90e616a6-f02c-463d-bffb-b7e488133561,payment,pay_cLarQxPOc5B1EZ,order_G6d2P8V0nNqAyT,,,cust_4lbHKZWKFxvcRd,424200,INR,upi,,BAD_REQUEST_ERROR,customer,payment_authentication,payment_cancelled,Your payment has been cancelled.,soft,,2,3,2026-08-30T11:04:28.997650+05:30,2026-09-28T10:04:28.997650+05:30,,recovered,auto_retry,424200,+919900033190,isha.verma423@yahoo.co.in,,,,,,4242.0,4242.0
388cf37f-2c45-43b6-965d-abcb77b58242,mandate,pay_0zVkzr94hjDSI2,order_Yshvtf8Uv92aJ1,,token_u46a9jqzEu3lxM,cust_VsPTT53iw5j9P9,187900,INR,card,mastercard,GATEWAY_ERROR,gateway,payment_authorization,gateway_technical_error,Payment did not go through due to a temporary issue.,technical,,1,3,2026-08-30T11:06:34.997650+05:30,2026-09-05T10:06:34.997650+05:30,,recovered,auto_retry,187900,+918877548446,rohan.ghosh782@outlook.com,,,,,,1879.0,1879.0
5bb096e0-5b93-45e2-9fce-cb83567c5847,subscription,pay_u45Xhr8EQRsu9R,order_Y0yH3tFBPjyPck,sub_CTzMZhfWjEBTTn,token_CSuCmxNaHRf9Qj,cust_ncy50prVp5bzO6,18400,INR,wallet,,GATEWAY_ERROR,gateway,payment_authentication,authentication_failed,Payment could not be completed due to incorrect OTP or verification details.,soft,active,1,3,2026-08-30T11:25:13.997650+05:30,2026-09-14T10:25:13.997650+05:30,,recovered,auto_retry,18400,+919988359207,rajesh.dey425@rediffmail.com,,,,,,184.0,184.0
79a97d7a-d372-409c-b361-eadeb572f1c5,b2b_receivable,,order_PcWFFI5nkWs7BX,,,cust_1BTE0tJBRa2z58,8000000,INR,netbanking,,INVOICE_PAYMENT_OVERDUE,corporate_buyer,accounts_payable_settlement,invoice_overdue_current,Corporate invoice overdue by 0 days (current).,soft,,0,3,2026-08-30T11:28:41.997650+05:30,2026-08-30T11:28:41.997650+05:30,,recovered,email,8000000,+917788809357,ap@paramount.com,inv_A4Fk2sDrLiRkV5,Paramount Engineering Works,24CEEEB1629W1ZZ,current,,80000.0,80000.0
482bf48c-97a5-41ad-960d-8b003bbcc64e,subscription,pay_wWM6OVsw921sE5,order_kTYLWas57XnDcz,sub_X5K47tlCGTneaH,token_ee7uH8mnRKFpgg,cust_sntVz5X0v68mWB,59600,INR,card,visa,BAD_REQUEST_ERROR,issuer_bank,payment_authorization,card_expired,Your card has expired. Please use another card.,hard,pending,0,0,2026-08-30T11:30:17.997650+05:30,2026-08-30T11:30:17.997650+05:30,,closed,manual,0,+917788352901,krishna.nair958@outlook.com,,,,,,596.0,0.0
30afe9ac-8f02-40d8-a2bb-c37a3caf8603,mandate,pay_eqSZiRTCl5wJTp,order_9yHrIxDJmQuGIN,,token_w9eXw7cORHPDyU,cust_9HCVCFeitPF5yz,1381700,INR,upi,,BAD_REQUEST_ERROR,gateway,payment_authorization,insufficient_funds,Your payment could not be completed due to insufficient account balance.,soft,,3,3,2026-08-30T11:34:52.997650+05:30,2026-10-01T16:34:52.997650+05:30,,escalated,voice,0,+919900567329,aanya.patel383@outlook.com,,,,,,13817.0,0.0
c6049a14-7a3e-45cf-b931-6125025d13b8,mandate,pay_OGe1QfYK3fbFPs,order_6EDlC4tPKXYxrg,,token_afsjqtSE4pNe66,cust_Le6cTlwhV4C33G,436200,INR,upi,,GATEWAY_ERROR,issuer_bank,payment_authorization,bank_technical_error,Bank downtime. Please try again later.,technical,,3,3,2026-08-30T11:56:54.997650+05:30,2026-09-06T10:56:54.997650+05:30,,recovered,auto_retry,436200,+917788842128,shreya.mukherjee617@hotmail.com,,,,,,4362.0,4362.0
bba723f1-4682-42be-bd79-0f2d8745a5d4,b2b_receivable,,order_mWHTayw7jMJzfP,,,cust_nHof4QZkvXKFEf,6400000,INR,netbanking,,INVOICE_PAYMENT_OVERDUE,corporate_buyer,accounts_payable_settlement,invoice_overdue_current,Corporate invoice overdue by 0 days (current).,soft,,0,3,2026-08-30T13:07:45.997650+05:30,2026-08-30T13:07:45.997650+05:30,,recovered,email,6400000,+919123837083,ap@trident.com,inv_C8rcvUWHGjjdZc,Trident Agro Exports Pvt Ltd,29CDACB7110W8ZG,current,,64000.0,64000.0
4fd6e04b-eacd-4e94-a835-a46102c261d1,payment,pay_Ihr025M75nrXWR,order_qfYE7LP41KWWwh,,,cust_ynltICFUcTCHOU,177800,INR,wallet,,BAD_REQUEST_ERROR,issuer_bank,payment_authorization,card_expired,Your card has expired. Please use another card.,hard,,0,0,2026-08-30T13:18:31.997650+05:30,2026-08-30T13:18:31.997650+05:30,,closed,manual,0,+917766942418,krishna.yadav956@outlook.com,,,,,,1778.0,0.0
6e296037-2ea5-4833-b73e-d4a899396e45,payment,pay_p0QPyOVAJzN5Db,order_1CUcwaBrdQnkMI,,,cust_UeaOSlwvWzWxXv,97900,INR,card,rupay,BAD_REQUEST_ERROR,gateway,payment_authorization,insufficient_funds,Your payment could not be completed due to insufficient account balance.,soft,,1,3,2026-08-30T13:26:54.997650+05:30,2026-09-10T10:26:54.997650+05:30,,recovered,auto_retry,97900,+917788275142,kiara.sharma867@gmail.com,,,,,,979.0,979.0
3e70a31b-cb99-4922-9e49-5a1b487204ee,checkout_drop_off,pay_lqwlopkRrKKkaU,order_qQa2tFbPPKHZSg,,,cust_APcXvfalqyUZdv,325700,INR,card,rupay,CHECKOUT_DROP_OFF,customer,checkout_funnel,preferred_bank_missing,Abandoned at payment_method_selected: preferred_bank_missing,soft,,0,3,2026-08-30T13:46:15.997650+05:30,2026-08-30T13:46:15.997650+05:30,,closed,payment_link,0,+917766820668,krishna.das344@gmail.com,,,,,payment_method_selected,3257.0,0.0
5ff5fa05-3e9d-43a7-b9b2-1ccce2ed612f,payment,pay_6YiGEFknv0STeC,order_JfgG8uIR6KyppZ,,,cust_LBZ9nk8CRSF3l1,1529800,INR,upi,,BAD_REQUEST_ERROR,gateway,payment_authorization,insufficient_funds,Your payment could not be completed due to insufficient account balance.,soft,,3,3,2026-08-30T13:50:52.997650+05:30,2026-09-25T16:50:52.997650+05:30,,escalated,voice,0,+919876283034,kavita.sharma899@yahoo.co.in,,,,,,15298.0,0.0
faaf2335-ccf8-4e1c-9237-c72f4b0a2c8e,payment,pay_09UV75opseO8DX,order_0iVHlZXWtlMUAz,,,cust_OyskSATb5aBLBN,46300,INR,upi,,BAD_REQUEST_ERROR,gateway,payment_authorization,insufficient_funds,Your payment could not be completed due to insufficient account balance.,soft,,3,3,2026-08-30T14:00:56.997650+05:30,2026-09-06T15:00:56.997650+05:30,,escalated,voice,0,+919988983210,aanya.verma613@yahoo.co.in,,,,,,463.0,0.0
7153a683-f209-4ee7-b690-77119c90885b,payment,pay_b6EbAEzmosI8g3,order_nnlOFWEakSR6vu,,,cust_iEymrk9XFpjW9M,180900,INR,wallet,,GATEWAY_ERROR,gateway,payment_authentication,authentication_failed,Payment could not be completed due to incorrect OTP or verification details.,soft,,3,3,2026-08-30T14:09:01.997650+05:30,2026-09-08T12:09:01.997650+05:30,,escalated,voice,0,+919900096737,pradeep.shah383@yahoo.co.in,,,,,,1809.0,0.0
7484c5f1-25d2-48b5-a11d-ba04622a5e56,b2b_receivable,,order_ffF1zx0sq7besY,,,cust_5f2zLzOxued5uu,5400000,INR,netbanking,,INVOICE_PAYMENT_OVERDUE,corporate_buyer,accounts_payable_settlement,invoice_overdue_1_15_days,Corporate invoice overdue by 1 days (1_15_days).,soft,,0,3,2026-08-30T14:25:38.997650+05:30,2026-08-30T14:25:38.997650+05:30,,recovered,email,5400000,+918877182731,ap@apex.com,inv_uYUnC2aZXUXzvT,Apex Logistics Solutions Pvt Ltd,33DABEC6482A5Z6,1_15_days,,54000.0,54000.0
e572b001-c278-43ef-bbf1-2ce713e5cc6c,b2b_receivable,,order_qOAFfEHOgCy37U,,,cust_AFFnrnmLIzQM41,5500000,INR,netbanking,,INVOICE_PAYMENT_OVERDUE,corporate_buyer,accounts_payable_settlement,invoice_overdue_current,Corporate invoice overdue by 0 days (current).,soft,,0,3,2026-08-30T14:38:42.997650+05:30,2026-08-30T14:38:42.997650+05:30,,recovered,email,5500000,+919876510072,ap@nexura.com,inv_kawn6B01VVdwDb,Nexura Digital Media LLP,06EDBBE6880E5Z9,current,,55000.0,55000.0
f1709e29-10b0-415a-93fc-8bb0244167e7,payment,pay_oc4CynihLy3ros,order_VKohJZr8EDOHZ2,,,cust_GTNJqk4pm58pkT,1006000,INR,wallet,,BAD_REQUEST_ERROR,issuer_bank,payment_authorization,card_disabled_for_online_payments,Your card is disabled for online payments.,hard,,0,0,2026-08-30T14:41:04.997650+05:30,2026-08-30T14:41:04.997650+05:30,,closed,manual,0,+919876620376,ayaan.patel133@gmail.com,,,,,,10060.0,0.0
f97e56f6-e460-4c36-9033-47c1b9643abf,b2b_receivable,,order_z478rQzmgpIad6,,,cust_7qc7A6X3xkEio7,5600000,INR,netbanking,,INVOICE_PAYMENT_OVERDUE,corporate_buyer,accounts_payable_settlement,invoice_overdue_1_15_days,Corporate invoice overdue by 13 days (1_15_days).,soft,,0,3,2026-08-30T14:42:13.997650+05:30,2026-08-30T14:42:13.997650+05:30,,recovered,email,5600000,+917766288486,ap@zenith.com,inv_KD0LaCWIMXqqV0,Zenith Healthware LLP,24BDBCB5467J6ZU,1_15_days,,56000.0,56000.0
a4605683-2b1f-4138-8c2e-b5105f011d09,checkout_drop_off,,order_BkudxrxybMaGgw,,,cust_TGvYVfcsMZ3D0D,87700,INR,upi,visa,CHECKOUT_DROP_OFF,customer,checkout_funnel,price_comparison_pause,Abandoned at cart_abandoned: price_comparison_pause,soft,,0,3,2026-08-30T14:49:55.997650+05:30,2026-08-30T14:49:55.997650+05:30,,closed,payment_link,0,+917766592994,aanya.dey967@gmail.com,,,,,cart_abandoned,877.0,0.0
a02f4e19-f75c-4fc0-a397-99e535cdeb4a,checkout_drop_off,pay_0CH8irA2LeHQ6L,order_PHvMUUbaRWNUeZ,,,cust_Tip3xuMr0DQbud,127200,INR,card,visa,CHECKOUT_DROP_OFF,customer,checkout_funnel,otp_not_received,Abandoned at otp_abandoned: otp_not_received,soft,,0,3,2026-08-30T15:07:39.997650+05:30,2026-08-30T15:07:39.997650+05:30,,closed,payment_link,0,+919876969964,amit.patel594@hotmail.com,,,,,otp_abandoned,1272.0,0.0
0b9cacdb-6294-4cc0-88b5-1eecc27e2769,b2b_receivable,,order_ZlOiVPAlZRi6Hy,,,cust_2bGW3tcmNBpvWV,8700000,INR,netbanking,,INVOICE_PAYMENT_OVERDUE,corporate_buyer,accounts_payable_settlement,invoice_overdue_current,Corporate invoice overdue by 0 days (current).,soft,,0,3,2026-08-30T16:34:32.997650+05:30,2026-08-30T16:34:32.997650+05:30,,recovered,email,8700000,+919123115440,ap@cloudscale.com,inv_SetL75ORGyJmwW,CloudScale Technologies Pvt Ltd,33EACEC6146L6ZG,current,,87000.0,87000.0
44859e01-9891-4cd6-9090-4d380a897ed8,payment,pay_qIviGYpQMz2t5k,order_gk7NpTwQ0GTytq,,,cust_3cxnDMvEsM3dhz,115100,INR,card,visa,BAD_REQUEST_ERROR,issuer_bank,card_enrollment_check,card_not_enrolled,Your card is not enabled for online payments.,hard,,0,0,2026-08-30T18:15:45.997650+05:30,2026-08-30T18:15:45.997650+05:30,,closed,manual,0,+919123517123,priya.iyer991@rediffmail.com,,,,,,1151.0,0.0
9b302f0a-0ed0-45d2-953f-afe55146d232,subscription,pay_pkqmshff7AL2rC,order_16p7jfRx1Sp64P,sub_rLUbP80Pgm9gmd,token_9Ujhj7YD2UwPOF,cust_FwhsV71u3SnjHL,1263500,INR,card,visa,BAD_REQUEST_ERROR,gateway,payment_authorization,insufficient_funds,Your payment could not be completed due to insufficient account balance.,soft,halted,3,3,2026-08-30T18:17:49.997650+05:30,2026-09-08T15:17:49.997650+05:30,,escalated,voice,0,+919123827212,sai.gupta155@outlook.com,,,,,,12635.0,0.0
ef34ddfc-d608-489a-a24b-0e30d021efdb,payment,pay_4e9xdRCTHUSN2q,order_ILOSygQ23Mk5ko,,,cust_dAen7Qf0eCCjQA,39500,INR,card,visa,BAD_REQUEST_ERROR,customer,payment_initiation,card_number_invalid,You have entered an incorrect card number. Try again.,hard,,0,0,2026-08-30T19:19:09.997650+05:30,2026-08-30T19:19:09.997650+05:30,,closed,manual,0,+919988455451,priya.mukherjee827@gmail.com,,,,,,395.0,0.0
c258481f-250c-4088-be90-e483486857ed,payment,pay_Jjwpl13sXigdkb,order_VPkSF04A5qnepg,,,cust_t1PpFrDrSPENHu,718100,INR,upi,,GATEWAY_ERROR,gateway,payment_authorization,gateway_technical_error,Payment did not go through due to a temporary issue.,technical,,1,3,2026-08-30T20:21:09.997650+05:30,2026-09-21T10:21:09.997650+05:30,,recovered,auto_retry,718100,+918899995719,deepak.banerjee450@outlook.com,,,,,,7181.0,7181.0
e4e8c640-5f76-4190-b6eb-a98cbdb99179,payment,pay_lnbvrdqIMnnSph,order_sbA8AHeQ6KhPfz,,,cust_rSoc9PZL9uP0bq,1042200,INR,upi,,BAD_REQUEST_ERROR,customer,payment_initiation,card_number_invalid,You have entered an incorrect card number. Try again.,hard,,0,0,2026-08-30T21:31:19.997650+05:30,2026-08-30T21:31:19.997650+05:30,,closed,manual,0,+919900209593,rohan.agarwal739@outlook.com,,,,,,10422.0,0.0
ba858c76-90b5-4061-89aa-8ef4fbf26b9a,checkout_drop_off,,order_4b3UmZ4sSk8Ekd,,,cust_FcbLyLJMpEmwbw,1033200,INR,card,visa,CHECKOUT_DROP_OFF,customer,checkout_funnel,window_shopping_exit,Abandoned at cart_abandoned: window_shopping_exit,soft,,0,3,2026-08-30T22:33:57.997650+05:30,2026-08-30T22:33:57.997650+05:30,,closed,payment_link,0,+918899120306,saanvi.singh51@gmail.com,,,,,cart_abandoned,10332.0,0.0
726fcfb4-b6f9-4260-b862-fdf295847ad3,checkout_drop_off,,order_qRaVY3rA2ynHBE,,,cust_zuHMumqD5bHgqO,314600,INR,card,rupay,CHECKOUT_DROP_OFF,customer,checkout_funnel,accidental_tab_close,Abandoned at cart_abandoned: accidental_tab_close,soft,,0,3,2026-08-30T22:59:05.997650+05:30,2026-08-30T22:59:05.997650+05:30,,closed,payment_link,0,+918899490720,diya.das750@yahoo.co.in,,,,,cart_abandoned,3146.0,0.0
dc453060-9b7b-4f61-a461-58fdc504df11,checkout_drop_off,pay_GdZmNyruaTGbHC,order_v7EF42KEPWA1n0,,,cust_5Ti8Y7jAbHUkBg,195600,INR,card,rupay,CHECKOUT_DROP_OFF,customer,checkout_funnel,upi_intent_app_switch_failed,Abandoned at payment_method_selected: upi_intent_app_switch_failed,soft,,0,3,2026-08-30T23:18:56.997650+05:30,2026-08-30T23:18:56.997650+05:30,,closed,payment_link,0,+919123736160,aditya.pillai240@hotmail.com,,,,,payment_method_selected,1956.0,0.0
413ab018-2d0c-4c75-a0f6-e022875671be,payment,pay_1lAJuNCxZHyZhG,order_LRnkjaIuKe0mx7,,,cust_qVeKERP0wY4ExP,340300,INR,card,rupay,BAD_REQUEST_ERROR,gateway,payment_authorization,insufficient_funds,Your payment could not be completed due to insufficient account balance.,soft,,3,3,2026-08-30T23:27:42.997650+05:30,2026-09-10T12:27:42.997650+05:30,,escalated,voice,0,+919876180794,priya.gupta522@hotmail.com,,,,,,3403.0,0.0
d5b746f2-c2a7-4f29-96c0-208bee4cbd3e,mandate,pay_75Ul6txWVDLivQ,order_ftFgqv2Qv2iRHP,,token_cDOLKroFwIFIFN,cust_SfRAXI0VoZ3sl0,2658500,INR,emandate,,BAD_REQUEST_ERROR,gateway,payment_authorization,insufficient_funds,Your payment could not be completed due to insufficient account balance.,soft,,1,3,2026-08-31T04:06:56.997650+05:30,2026-09-19T10:06:56.997650+05:30,,recovered,auto_retry,2658500,+919876838899,vihaan.bose99@outlook.com,,,,,,26585.0,26585.0
84ee2bb4-c7b0-4605-94ef-efdfca9ae922,mandate,pay_EtK02y8U4DuIBV,order_ALLXAwKvwcV4JI,,token_bTxixy9uvNVTGL,cust_4mV71SJc8o3VhC,436900,INR,netbanking,,BAD_REQUEST_ERROR,gateway,payment_authorization,insufficient_funds,Your payment could not be completed due to insufficient account balance.,soft,,3,3,2026-08-31T04:11:23.997650+05:30,2026-09-08T14:11:23.997650+05:30,,escalated,voice,0,+919123009673,nisha.kumar553@yahoo.co.in,,,,,,4369.0,0.0
b415783d-7703-4590-ac48-95dd714e7702,mandate,pay_AENiiDphnnF2QF,order_DdPeA8IiUIOXlv,,token_jcllP3BSDBi3jt,cust_wkEB2eJGxFYGlZ,73200,INR,wallet,,BAD_REQUEST_ERROR,gateway,payment_authorization,insufficient_funds,Your payment could not be completed due to insufficient account balance.,soft,,3,3,2026-08-31T04:39:41.997650+05:30,2026-09-08T16:39:41.997650+05:30,,escalated,voice,0,+919900574340,krishna.kumar308@outlook.com,,,,,,732.0,0.0
557c7810-4e1d-44fc-9377-1ce31e03e0d1,mandate,pay_CvNVc4Ols3wOdz,order_nkxJRYt0hFrwXl,,token_TMfm0JC5uQ4Xgv,cust_6COqhKYTpcwRc4,1469900,INR,emandate,,GATEWAY_ERROR,gateway,payment_authorization,gateway_technical_error,Payment did not go through due to a temporary issue.,technical,,3,3,2026-08-31T04:49:17.997650+05:30,2026-09-26T10:49:17.997650+05:30,,recovered,auto_retry,1469900,+917788508528,ishaan.kumar416@hotmail.com,,,,,,14699.0,14699.0
f9baa3f3-2149-4467-8166-785ea04f434e,mandate,pay_9Gq7RzEYgtNYlY,order_AVAbEcT70ZOjlL,,token_rwvzygCoZ5Wpfg,cust_OKRHC0Z42O20Vg,244500,INR,card,rupay,BAD_REQUEST_ERROR,gateway,payment_authorization,insufficient_funds,Your payment could not be completed due to insufficient account balance.,soft,,3,3,2026-08-31T04:52:44.997650+05:30,2026-10-01T14:52:44.997650+05:30,,escalated,voice,0,+919988197289,rohan.iyer667@rediffmail.com,,,,,,2445.0,0.0
d0ad5cc0-003e-44c0-a6e3-678d46dc1730,mandate,pay_mqlFmPw45pHUhQ,order_e4oI0Ptz3aIHTO,,token_gUSttukEEAZeYd,cust_FSKvSaxk0bl8Nb,913900,INR,upi,,BAD_REQUEST_ERROR,gateway,payment_authorization,payment_failed,Payment was declined by the bank.,technical,,2,3,2026-08-31T04:59:39.997650+05:30,2026-09-16T10:59:39.997650+05:30,,recovered,auto_retry,913900,+918877142100,krishna.reddy40@rediffmail.com,,,,,,9139.0,9139.0
16da4aea-e277-481b-a8d8-9c877188daab,subscription,pay_Mb4gapjxhItIMq,order_g4tTf5Yh6R3wEx,sub_momzBX9yiNwTxJ,token_7SmC3RrK4B8BK9,cust_ZFvyeXjpW6zwjm,175400,INR,card,visa,GATEWAY_ERROR,issuer_bank,payment_authorization,bank_technical_error,Bank downtime. Please try again later.,technical,halted,3,3,2026-08-31T05:25:32.997650+05:30,2026-09-16T15:25:32.997650+05:30,,escalated,voice,0,+918877274731,aanya.gupta541@hotmail.com,,,,,,1754.0,0.0
f3cf383f-bd0d-4840-8693-cb11ecc4b703,subscription,pay_4N2YPqNWnpEwo9,order_S4nPenkSZ8knbC,sub_weYf5AV2rGDXoP,token_M7xAlNiCRc7y5Z,cust_0rFDcr5eEJOfqV,715300,INR,card,visa,BAD_REQUEST_ERROR,issuer_bank,payment_authorization,payment_risk_check_failed,Payment declined by bank due to risk check.,hard,pending,0,0,2026-08-31T05:55:41.997650+05:30,2026-08-31T05:55:41.997650+05:30,,closed,manual,0,+919123570158,kavita.joshi609@hotmail.com,,,,,,7153.0,0.0
2e8162b1-139e-4d3b-b4c9-f562e4b17563,subscription,pay_sS7kXIFENBAxcv,order_YZQsemUis6WDGy,sub_1TuFfIVFTJCS2q,token_822X50YiHFrjIM,cust_M4cb66zT1nLj61,812900,INR,upi,,BAD_REQUEST_ERROR,issuer_bank,payment_authorization,payment_risk_check_failed,Payment declined by bank due to risk check.,hard,pending,0,0,2026-08-31T06:14:42.997650+05:30,2026-08-31T06:14:42.997650+05:30,,closed,manual,0,+917788449973,priya.singh448@yahoo.co.in,,,,,,8129.0,0.0
c3c59559-228e-4302-9149-e3540f2d62c2,subscription,pay_snRe5416fp7f8f,order_41zai2YPPLK9D0,sub_xfeuVFmarhOuW0,token_CN7tSvKUvC2quD,cust_vGfPw2Qoq351c8,91000,INR,card,mastercard,GATEWAY_ERROR,gateway,payment_authentication,authentication_failed,Payment could not be completed due to incorrect OTP or verification details.,soft,halted,3,3,2026-08-31T06:20:02.997650+05:30,2026-10-01T13:20:02.997650+05:30,,escalated,voice,0,+917766933521,ishaan.roy988@gmail.com,,,,,,910.0,0.0
552b6429-d128-41b5-aa7f-2c89d77b8249,mandate,pay_lWTMU3yFByHLFk,order_NeIOjZHhGgiwuQ,,token_R7JRvGU9LYrTTq,cust_FrcTwnSg8QV0kZ,99500,INR,upi,,GATEWAY_ERROR,gateway,payment_authentication,authentication_failed,Payment could not be completed due to incorrect OTP or verification details.,soft,,1,3,2026-08-31T06:40:06.997650+05:30,2026-09-21T10:40:06.997650+05:30,,recovered,auto_retry,99500,+919900688026,kiara.mishra514@rediffmail.com,,,,,,995.0,995.0
38fab218-05f3-4117-88de-84e0f8d53c3c,mandate,pay_ZH1bjCpG8cU3L0,order_Ifzf7NgMFtptxE,,token_IN62KijgyBcHMa,cust_8f3TetzGrbgHVR,94900,INR,upi,,BAD_REQUEST_ERROR,issuer_bank,payment_authorization,card_disabled_for_online_payments,Your card is disabled for online payments.,hard,,0,0,2026-08-31T07:47:11.997650+05:30,2026-08-31T07:47:11.997650+05:30,,closed,manual,0,+919988683075,aditya.shah824@outlook.com,,,,,,949.0,0.0
147d6d06-5b0d-4cf7-837f-606e23706415,mandate,pay_8vHqyKAkx2jpFA,order_QUN1l2HJSDIldj,,token_PzzlEnsl2h86cC,cust_FVYc2qlG2b2WXs,553900,INR,netbanking,,BAD_REQUEST_ERROR,gateway,payment_authorization,insufficient_funds,Your payment could not be completed due to insufficient account balance.,soft,,1,3,2026-08-31T07:57:09.997650+05:30,2026-09-02T10:57:09.997650+05:30,,recovered,auto_retry,553900,+917788335591,nisha.pillai738@outlook.com,,,,,,5539.0,5539.0
6d42a414-e0da-423a-b934-d81c7696592c,checkout_drop_off,,order_YsJyjxFqbgXepV,,,cust_gC0tqbUCP8NuB1,107300,INR,upi,visa,CHECKOUT_DROP_OFF,customer,checkout_funnel,price_comparison_pause,Abandoned at cart_abandoned: price_comparison_pause,soft,,0,3,2026-08-31T09:08:43.997650+05:30,2026-08-31T09:08:43.997650+05:30,,closed,payment_link,0,+917766544074,rajesh.yadav943@outlook.com,,,,,cart_abandoned,1073.0,0.0
17adea81-902b-456a-b6a1-db455944f71e,subscription,pay_p6oRButjwhC99y,order_pivA3SFlUVr8C1,sub_0IoPMVLCqZzmFI,token_32Y9Ko2pqcMvFf,cust_QIeqtBJArjbqrb,760100,INR,wallet,,GATEWAY_ERROR,gateway,payment_authentication,authentication_failed,Payment could not be completed due to incorrect OTP or verification details.,soft,active,1,3,2026-08-31T09:18:27.997650+05:30,2026-09-19T10:18:27.997650+05:30,,recovered,auto_retry,760100,+917766382476,vihaan.joshi548@hotmail.com,,,,,,7601.0,7601.0
2033f613-7103-4f73-8e00-28aec9e79a65,payment,pay_8oJ3u4ecOB5heV,order_y8spOiGp7YN8dK,,,cust_CmkgnLXYEW9VlK,37500,INR,upi,,BAD_REQUEST_ERROR,gateway,payment_authorization,insufficient_funds,Your payment could not be completed due to insufficient account balance.,soft,,1,3,2026-08-31T09:26:50.997650+05:30,2026-09-26T10:26:50.997650+05:30,,recovered,auto_retry,37500,+919876106528,sai.joshi292@outlook.com,,,,,,375.0,375.0
aba89736-cf9b-478d-84cd-6ad1a626ba99,subscription,pay_83xvPWQbpwiOg0,order_7UbhIgXwbUNgzJ,sub_Jg1Qjf0VdQyCsr,token_ZgeznDHescquSp,cust_CIo5JQv3OcmspK,1725200,INR,upi,,BAD_REQUEST_ERROR,customer,payment_authentication,payment_cancelled,Your payment has been cancelled.,soft,halted,3,3,2026-08-31T10:26:20.997650+05:30,2026-09-11T11:26:20.997650+05:30,,escalated,voice,0,+917766587694,sai.bose652@hotmail.com,,,,,,17252.0,0.0
29efd3bf-5b8e-4fd4-8c5d-366a2cd3f956,subscription,pay_VeIiLlCv9qQlKV,order_8fQidDCbEnOjgD,sub_1zkmeg0wZdmUDt,token_vk1NsBenUpzjw5,cust_Gd7uk2wcZ69Jra,176100,INR,card,mastercard,BAD_REQUEST_ERROR,customer,payment_authentication,payment_timed_out,Your payment could not be completed due to a temporary issue. Try again later.,soft,halted,3,3,2026-08-31T10:28:51.997650+05:30,2026-09-08T16:28:51.997650+05:30,,escalated,voice,0,+919123255189,rajesh.mahanty117@yahoo.co.in,,,,,,1761.0,0.0
c34c3b74-e1cb-4ca4-a702-af31a08c007c,subscription,pay_FTDVULVZo7vMQG,order_2rHRF7HUgqjaPN,sub_0gFdl92KUHQzRy,token_6AbMTjPrc1rwJC,cust_xgKTUwj6IUeuqv,1446000,INR,wallet,,BAD_REQUEST_ERROR,gateway,payment_authorization,payment_failed,Payment was declined by the bank.,technical,active,2,3,2026-08-31T10:45:19.997650+05:30,2026-09-05T10:45:19.997650+05:30,,recovered,auto_retry,1446000,+917766980366,vivaan.banerjee877@yahoo.co.in,,,,,,14460.0,14460.0
d406bbd9-329b-48c0-a247-9d7b12822494,subscription,pay_E2Nz0qxqi2Ofkq,order_IGd2EuvZcQA9WU,sub_N4cMOYcDLscrB4,token_6HtEnntHLg84te,cust_OjMTSsWpnaJMkc,484100,INR,wallet,,BAD_REQUEST_ERROR,issuer_bank,payment_authorization,card_expired,Your card has expired. Please use another card.,hard,pending,0,0,2026-08-31T11:01:26.997650+05:30,2026-08-31T11:01:26.997650+05:30,,closed,manual,0,+918877385132,aanya.singh794@hotmail.com,,,,,,4841.0,0.0
547fcdfa-dbc3-41c4-aba7-9d40d8f169fb,subscription,pay_OC9h17PtSxiney,order_meleAaRJVpB9Ly,sub_Xj8ZVQn2CA6xtR,token_tm4b9VP3Y02eZc,cust_KYlYOa0NpJnOZG,21500,INR,card,visa,GATEWAY_ERROR,gateway,payment_authentication,authentication_failed,Payment could not be completed due to incorrect OTP or verification details.,soft,halted,3,3,2026-08-31T11:44:30.997650+05:30,2026-09-06T12:44:30.997650+05:30,,escalated,voice,0,+919900077593,kiara.ghosh551@rediffmail.com,,,,,,215.0,0.0
84d2814b-a521-4842-8aa3-34362776343b,payment,pay_N9NrpAzZY3qDI1,order_zu9pE7tMqV1Fsb,,,cust_LdjzYKexCekGGC,1045500,INR,wallet,,GATEWAY_ERROR,gateway,payment_authorization,gateway_technical_error,Payment did not go through due to a temporary issue.,technical,,4,3,2026-08-31T12:52:18.997650+05:30,2026-09-21T22:52:18.997650+05:30,,recovered,sms,1045500,+919123825544,kiara.mishra957@yahoo.co.in,,,,,,10455.0,10455.0
79689600-b58d-4012-b3fa-53b35dc3520b,mandate,pay_jf39biX4qyvzoZ,order_8KYHiCE4cqOkap,,token_VauJfKg2V2XHkx,cust_3Gl9IEzhdRluBC,145600,INR,upi,,BAD_REQUEST_ERROR,issuer_bank,payment_authorization,card_disabled_for_online_payments,Your card is disabled for online payments.,hard,,0,0,2026-08-31T13:08:30.997650+05:30,2026-08-31T13:08:30.997650+05:30,,closed,manual,0,+917766809478,deepak.mahanty893@rediffmail.com,,,,,,1456.0,0.0
cb16a1f2-6e55-4efb-a018-29e8ca16a8ec,checkout_drop_off,,order_oM6qKzVZyECVnJ,,,cust_VygJhBFMar8wMx,1161700,INR,upi,rupay,CHECKOUT_DROP_OFF,customer,checkout_funnel,unexpected_shipping_fees,Abandoned at address_submitted: unexpected_shipping_fees,soft,,0,3,2026-08-31T13:26:11.997650+05:30,2026-08-31T13:26:11.997650+05:30,,closed,payment_link,0,+919123309962,aditi.thakur5@yahoo.co.in,,,,,address_submitted,11617.0,0.0
4ed45f3e-60f2-4602-bfce-9f3b00d2d154,payment,pay_af1dhJWYO828yi,order_t4YPBPLPWN15tJ,,,cust_aZaGP8i3Un3sQU,86500,INR,netbanking,,BAD_REQUEST_ERROR,issuer_bank,payment_authorization,card_disabled_for_online_payments,Your card is disabled for online payments.,hard,,0,0,2026-08-31T13:58:30.997650+05:30,2026-08-31T13:58:30.997650+05:30,,closed,manual,0,+917788752259,aanya.yadav18@yahoo.co.in,,,,,,865.0,0.0
c88f4b53-3134-42bd-91e5-6651df81aee6,checkout_drop_off,,order_qZK1n08KnDlKZe,,,cust_uFh1yPDGhhmAgt,266400,INR,card,visa,CHECKOUT_DROP_OFF,customer,checkout_funnel,unexpected_shipping_fees,Abandoned at address_submitted: unexpected_shipping_fees,soft,,0,3,2026-08-31T14:06:37.997650+05:30,2026-08-31T14:06:37.997650+05:30,,closed,payment_link,0,+919988419700,aditya.mehta926@rediffmail.com,,,,,address_submitted,2664.0,0.0
9aa06a69-f887-4acc-bedc-2de7736147ef,checkout_drop_off,,order_Kw2q0K3ksIQWVn,,,cust_aRneitTe3MSWkO,197700,INR,card,rupay,CHECKOUT_DROP_OFF,customer,checkout_funnel,price_comparison_pause,Abandoned at cart_abandoned: price_comparison_pause,soft,,0,3,2026-08-31T14:17:03.997650+05:30,2026-08-31T14:17:03.997650+05:30,,closed,payment_link,0,+917766400225,isha.dey268@hotmail.com,,,,,cart_abandoned,1977.0,0.0
bb7c5f5c-130d-4c46-8302-553d0d68641b,subscription,pay_XmBB0UnY5MNP6t,order_L6Fcx5rjygQSXa,sub_jeMuIhpiLQTZeq,token_RTHJhSxH3TmtCc,cust_STjweXxxrIZmAt,41800,INR,upi,,GATEWAY_ERROR,gateway,payment_authentication,authentication_failed,Payment could not be completed due to incorrect OTP or verification details.,soft,active,1,3,2026-08-31T15:05:18.997650+05:30,2026-09-20T10:05:18.997650+05:30,,recovered,auto_retry,41800,+917766313663,rahul.agarwal100@hotmail.com,,,,,,418.0,418.0
0fe52123-ba13-4603-a136-17651439d037,checkout_drop_off,,order_10jqQ1Aj3qzCXg,,,cust_ZfNeMnUx21Ocyr,96800,INR,upi,rupay,CHECKOUT_DROP_OFF,customer,checkout_funnel,window_shopping_exit,Abandoned at cart_abandoned: window_shopping_exit,soft,,0,3,2026-08-31T15:35:46.997650+05:30,2026-08-31T15:35:46.997650+05:30,,recovered,payment_link,96800,+919123640052,aarav.agarwal376@yahoo.co.in,,,,,cart_abandoned,968.0,968.0
95160807-48ad-4450-9649-f98f50ae374e,mandate,pay_wj2PODBw4izQiL,order_BD5y11YatO5TWc,,token_QrcTjnu2YSKRYi,cust_vVbZ1MwTFIQ5bW,105600,INR,upi,,GATEWAY_ERROR,gateway,payment_authorization,gateway_technical_error,Payment did not go through due to a temporary issue.,technical,,3,3,2026-08-31T15:41:11.997650+05:30,2026-09-16T10:41:11.997650+05:30,,recovered,auto_retry,105600,+919123901349,vihaan.mehta76@hotmail.com,,,,,,1056.0,1056.0
11c0a63d-57cf-485e-8743-16f3b290dbae,subscription,pay_bZgRCg30KEEB6d,order_IIWE0CFOamQjb6,sub_tAUwOHP0NC6pGN,token_W9N19Jd6chKXH0,cust_NL9Y0casCz0eQt,1237700,INR,upi,,BAD_REQUEST_ERROR,gateway,payment_authorization,insufficient_funds,Your payment could not be completed due to insufficient account balance.,soft,halted,3,3,2026-08-31T16:20:26.997650+05:30,2026-09-08T14:20:26.997650+05:30,,escalated,voice,0,+919123757146,shreya.mahanty551@gmail.com,,,,,,12377.0,0.0
defe9dde-d14d-4216-ba43-108c3f42f5f0,mandate,pay_jVB7N8RHPdgnGN,order_7Vz62Ssytwu6yr,,token_vgDjCiqJhuZwBe,cust_A5mFBnQbVVUK60,1119000,INR,upi,,BAD_REQUEST_ERROR,gateway,payment_authorization,insufficient_funds,Your payment could not be completed due to insufficient account balance.,soft,,3,3,2026-08-31T16:23:52.997650+05:30,2026-09-07T15:23:52.997650+05:30,,escalated,voice,0,+919123955881,shreya.yadav707@outlook.com,,,,,,11190.0,0.0
a534540e-daf4-4a73-8103-9528feefe3c7,b2b_receivable,,order_6LWlpXIq42zGfn,,,cust_qdz46vQnQEUPcl,10100000,INR,netbanking,,INVOICE_PAYMENT_OVERDUE,corporate_buyer,accounts_payable_settlement,invoice_overdue_current,Corporate invoice overdue by 0 days (current).,soft,,0,3,2026-08-31T16:28:26.997650+05:30,2026-08-31T16:28:26.997650+05:30,,recovered,email,10100000,+919876737993,ap@zenith.com,inv_OGVwI2FKlAYlyL,Zenith Healthware LLP,06AEABB3288W2ZJ,current,,101000.0,101000.0
4a65364a-30b4-45f8-83e5-2c3ef3f5899a,payment,pay_5MYSS9Pw5617zO,order_2P5eSXHwFF2nF9,,,cust_0qclv8GXhfih2g,193400,INR,wallet,,BAD_REQUEST_ERROR,customer,payment_initiation,card_number_invalid,You have entered an incorrect card number. Try again.,hard,,0,0,2026-08-31T16:50:28.997650+05:30,2026-08-31T16:50:28.997650+05:30,,closed,manual,0,+919876655128,reyansh.roy135@gmail.com,,,,,,1934.0,0.0
4b96af28-c842-464d-a438-8b51174cb6d4,b2b_receivable,,order_eDCgRp94JZxrs7,,,cust_51xfP79jZ90OuZ,5200000,INR,netbanking,,INVOICE_PAYMENT_OVERDUE,corporate_buyer,accounts_payable_settlement,invoice_overdue_1_15_days,Corporate invoice overdue by 3 days (1_15_days).,soft,,0,3,2026-08-31T17:05:35.997650+05:30,2026-08-31T17:05:35.997650+05:30,,closed,email,0,+918877324178,ap@hyperion.com,inv_Ry8vQn9BjGIDX3,Hyperion Telecom Services LLP,06CBADB6727R6Z4,1_15_days,,52000.0,0.0
1fb553b5-b806-4741-9b80-131abfc0b132,b2b_receivable,,order_gsnhbv9pkoDamz,,,cust_TXxEcF8CQ7qPcF,6300000,INR,netbanking,,INVOICE_PAYMENT_OVERDUE,corporate_buyer,accounts_payable_settlement,invoice_overdue_16_30_days,Corporate invoice overdue by 20 days (16_30_days).,soft,,0,3,2026-08-31T17:07:53.997650+05:30,2026-08-31T17:07:53.997650+05:30,,closed,email,0,+919988076336,ap@nexura.com,inv_jGoDly4aGxrvl0,Nexura Digital Media LLP,24DBAEA5688D2ZK,16_30_days,,63000.0,0.0
bf73d2ce-3de6-43da-98c1-46b3688cfe83,b2b_receivable,,order_Sf2x3vuPdZY0o3,,,cust_fk4bl2yustkinz,7900000,INR,netbanking,,INVOICE_PAYMENT_OVERDUE,corporate_buyer,accounts_payable_settlement,invoice_overdue_current,Corporate invoice overdue by 0 days (current).,soft,,0,3,2026-08-31T17:55:13.997650+05:30,2026-08-31T17:55:13.997650+05:30,,recovered,email,7900000,+918899192234,ap@sigma.com,inv_UJBjx2XNVtKtwY,Sigma Heavy Equipment Ltd,06ECBCD4461O7ZC,current,,79000.0,79000.0
ad71c79c-a9f2-4ed8-80fc-d429bc5edf21,payment,pay_cyYgK1WWDPON54,order_a9laxQIycuXMEm,,,cust_1lSoOMr6PwNPpd,465600,INR,card,mastercard,BAD_REQUEST_ERROR,customer,payment_authentication,payment_cancelled,Your payment has been cancelled.,soft,,3,3,2026-08-31T19:42:59.997650+05:30,2026-09-07T16:42:59.997650+05:30,,escalated,voice,0,+919988484601,rajesh.ghosh981@hotmail.com,,,,,,4656.0,0.0
b61e55f7-a976-4472-b965-cfade2a0ccd6,payment,pay_abkKgAHOins1d5,order_upyG63QRQ5MFdR,,,cust_ahu3Suc3w6i5hb,244500,INR,emandate,,BAD_REQUEST_ERROR,customer,payment_authentication,payment_cancelled,Your payment has been cancelled.,soft,,3,3,2026-08-31T20:48:23.997650+05:30,2026-09-15T10:48:23.997650+05:30,,recovered,auto_retry,244500,+917766809420,amit.dey780@rediffmail.com,,,,,,2445.0,2445.0
e14896f9-da76-4be9-9794-bc4c06315bda,payment,pay_st0ZrcIW8UFjaT,order_XUh5Fng5nGVFa3,,,cust_pEjKIMerF5J60d,73200,INR,upi,,BAD_REQUEST_ERROR,gateway,payment_authorization,insufficient_funds,Your payment could not be completed due to insufficient account balance.,soft,,3,3,2026-08-31T21:07:55.997650+05:30,2026-10-01T11:07:55.997650+05:30,,escalated,voice,0,+919876927532,ayaan.reddy631@rediffmail.com,,,,,,732.0,0.0
5cc07b75-bbe0-4db9-a15a-4967ee18ea0c,payment,pay_HUQHL4ujoTC2TY,order_aBLZxd7YO1gfRZ,,,cust_LyQh4Dopa9A5PT,292300,INR,card,visa,BAD_REQUEST_ERROR,customer,payment_authentication,payment_cancelled,Your payment has been cancelled.,soft,,3,3,2026-08-31T21:26:53.997650+05:30,2026-09-24T13:26:53.997650+05:30,,escalated,voice,0,+919876002722,sai.banerjee317@gmail.com,,,,,,2923.0,0.0
f342cb8e-4cd8-4340-b693-a15488b723a4,checkout_drop_off,pay_840c9n5cZlwzBx,order_rrSgh5Dpozi1KE,,,cust_DFlph26zYn9ZsO,451300,INR,card,rupay,CHECKOUT_DROP_OFF,customer,checkout_funnel,upi_intent_app_switch_failed,Abandoned at payment_method_selected: upi_intent_app_switch_failed,soft,,0,3,2026-08-31T21:33:06.997650+05:30,2026-08-31T21:33:06.997650+05:30,,closed,payment_link,0,+917788977282,sanjay.dey332@hotmail.com,,,,,payment_method_selected,4513.0,0.0
a65fca8d-2a62-4d59-82cf-955dbc216fcf,payment,pay_whvK61MufwPbcZ,order_b9kSKYGHyIeeur,,,cust_NNVaFK9TdKfhl2,342100,INR,card,visa,BAD_REQUEST_ERROR,customer,payment_authentication,payment_cancelled,Your payment has been cancelled.,soft,,3,3,2026-08-31T22:27:05.997650+05:30,2026-09-16T15:27:05.997650+05:30,,escalated,voice,0,+917788337010,diya.chauhan371@rediffmail.com,,,,,,3421.0,0.0
25159837-6915-4e36-bf68-67f3abd339ca,payment,pay_7OB8GISOFbxxsS,order_VjK4lJBTVgD9Pm,,,cust_gEcjJlQ29prgFb,1155800,INR,upi,,BAD_REQUEST_ERROR,customer,payment_initiation,incorrect_cvv,Incorrect CVV entered.,soft,,3,3,2026-08-31T22:27:57.997650+05:30,2026-09-08T13:27:57.997650+05:30,,escalated,voice,0,+917766677810,kavita.dey4@rediffmail.com,,,,,,11558.0,0.0
caa21ed4-9692-4b87-b765-68314b47cb8c,payment,pay_KxXuUZpwiGxpnk,order_xGj9ambStsoxmt,,,cust_lnIrRNUij9Bbvv,62000,INR,upi,,BAD_REQUEST_ERROR,gateway,payment_authorization,insufficient_funds,Your payment could not be completed due to insufficient account balance.,soft,,3,3,2026-08-31T22:28:19.997650+05:30,2026-10-03T12:28:19.997650+05:30,,escalated,voice,0,+917766623175,vivaan.patel209@outlook.com,,,,,,620.0,0.0
c14dde38-d3ff-44fd-a558-c7db59508306,payment,pay_ieOM1tf8jRoGrN,order_xADTuGVgCPPH3M,,,cust_dEN3gPZew6PtsD,3905100,INR,upi,,BAD_REQUEST_ERROR,gateway,payment_authorization,payment_failed,Payment was declined by the bank.,technical,,4,3,2026-08-31T22:36:10.997650+05:30,2026-09-12T14:36:10.997650+05:30,,escalated,voice,0,+919988275917,isha.roy23@gmail.com,,,,,,39051.0,0.0
c9ffcf97-ddd1-4658-9c1a-a0230ae1bd83,payment,pay_w1mL5Qi681ZJXQ,order_0vgEX2hLn4lrBC,,,cust_WRddPN9uqID9ON,2612500,INR,upi,,BAD_REQUEST_ERROR,issuer_bank,payment_authorization,transaction_limit_exceeded,Maximum transaction limit exceeded for the day.,soft,,3,3,2026-08-31T23:39:12.997650+05:30,2026-09-26T11:39:12.997650+05:30,,escalated,voice,0,+919988171340,aadhya.singh367@yahoo.co.in,,,,,,26125.0,0.0
0be70733-769d-4c9b-a094-3cd786a8384c,payment,pay_3ktzq4u1qEeWU1,order_hzZBH6fMzFO8jA,,,cust_qs5SEwdOZ9nyaO,121900,INR,card,amex,BAD_REQUEST_ERROR,issuer_bank,payment_authorization,payment_risk_check_failed,Payment declined by bank due to risk check.,hard,,0,0,2026-08-31T23:39:18.997650+05:30,2026-08-31T23:39:18.997650+05:30,,closed,manual,0,+919988612846,ayaan.joshi626@yahoo.co.in,,,,,,1219.0,0.0
dee15817-3cb0-4040-bb21-37a4b15c1a09,mandate,pay_lBP00GuAI9GC0J,order_z8wRkFMyARDXwF,,token_lL9o3R5afAxcwm,cust_TWj2ozMIGEphwp,1275300,INR,netbanking,,BAD_REQUEST_ERROR,issuer_bank,card_enrollment_check,card_not_enrolled,Your card is not enabled for online payments.,hard,,0,0,2026-09-01T04:33:05.997650+05:30,2026-09-01T04:33:05.997650+05:30,,closed,manual,0,+917788255117,shreya.agarwal859@gmail.com,,,,,,12753.0,0.0
9f4792c0-f939-483d-bd5f-7968bcfeba7c,subscription,pay_3bB1ddPH8MpZyH,order_mZYtRnzhDsU2hj,sub_XWf8ViKFBsSPjl,token_3VinNW8EQVokwN,cust_h0JWfSlNPbDkyU,486300,INR,upi,,BAD_REQUEST_ERROR,customer,payment_authentication,payment_cancelled,Your payment has been cancelled.,soft,active,2,3,2026-09-01T04:50:52.997650+05:30,2026-09-04T10:50:52.997650+05:30,,recovered,auto_retry,486300,+918877300986,aarav.yadav763@rediffmail.com,,,,,,4863.0,4863.0
fdde5bc5-de47-4de9-8300-9afa28ec7c4c,subscription,pay_4ilXcKFQ5UROfu,order_M5XjibXpxg09tw,sub_XQHOqD739uShj1,token_PomN1YdfNcvmUV,cust_qz59NoNSPgA1PN,4428400,INR,upi,,BAD_REQUEST_ERROR,gateway,payment_authorization,insufficient_funds,Your payment could not be completed due to insufficient account balance.,soft,active,1,3,2026-09-01T05:14:42.997650+05:30,2026-09-05T10:14:42.997650+05:30,,recovered,auto_retry,4428400,+917766632345,neha.thakur108@hotmail.com,,,,,,44284.0,44284.0
d7e01641-ffe7-47a6-b4bb-ef8c8d474dba,subscription,pay_V9lDFjnGjJRzVR,order_AhZoHlKZ0Ycnpq,sub_TjKmXIscGmwwjz,token_sm1ZueNYOQzriS,cust_Ao5v5vefGqurth,49300,INR,upi,,GATEWAY_ERROR,gateway,payment_authentication,authentication_failed,Payment could not be completed due to incorrect OTP or verification details.,soft,active,1,3,2026-09-01T05:22:29.997650+05:30,2026-09-02T10:22:29.997650+05:30,,recovered,auto_retry,49300,+919876022466,aditi.mishra668@rediffmail.com,,,,,,493.0,493.0
66aef61a-f531-4e7f-b242-3c72bf61d0a2,mandate,pay_VQWh9npSWlUexE,order_qEtgeuxNFgota1,,token_K8DYqyjUiU7E6h,cust_Bk2pMNiOAmRviB,80000,INR,upi,,BAD_REQUEST_ERROR,gateway,payment_authorization,insufficient_funds,Your payment could not be completed due to insufficient account balance.,soft,,1,3,2026-09-01T05:23:31.997650+05:30,2026-09-22T10:23:31.997650+05:30,,recovered,auto_retry,80000,+917788450492,meera.patel652@yahoo.co.in,,,,,,800.0,800.0
f3db077a-316a-4d1f-856f-11f8f06552a1,mandate,pay_YhHyGFjQtazlzE,order_4hPB3xPrmopB4i,,token_NMooM1vUgBXgHP,cust_PJYeyykDVHSQsI,23800,INR,upi,,GATEWAY_ERROR,issuer_bank,payment_authorization,bank_technical_error,Bank downtime. Please try again later.,technical,,4,3,2026-09-01T05:36:54.997650+05:30,2026-09-19T16:36:54.997650+05:30,,escalated,voice,0,+919876885988,rahul.gupta202@yahoo.co.in,,,,,,238.0,0.0
33f40e95-9d85-4194-b5b0-95c351b91329,mandate,pay_aPLk3IBYqdFgKn,order_v5GN53vec7OCGQ,,token_9COBxPQrXBva3u,cust_iUnAVXS6XzLo2A,22400,INR,upi,,BAD_REQUEST_ERROR,gateway,payment_authorization,insufficient_funds,Your payment could not be completed due to insufficient account balance.,soft,,3,3,2026-09-01T05:42:12.997650+05:30,2026-09-10T16:42:12.997650+05:30,,escalated,voice,0,+917766028323,pradeep.patel13@gmail.com,,,,,,224.0,0.0
d3eeee9e-ef1e-4970-8b2e-71753e3f850a,subscription,pay_bpFsOT5vsTJ81C,order_5NanDOKUomN7xx,sub_yqPHQbGVbP2YKI,token_OfNmL1Qj12jB9a,cust_aKQfEuBcsSDEdB,21400,INR,emandate,,BAD_REQUEST_ERROR,issuer_bank,payment_authorization,card_disabled_for_online_payments,Your card is disabled for online payments.,hard,pending,0,0,2026-09-01T05:49:34.997650+05:30,2026-09-01T05:49:34.997650+05:30,,closed,manual,0,+919123007184,suresh.gupta415@hotmail.com,,,,,,214.0,0.0
478f7747-c1c7-42a2-8a40-532258594627,subscription,pay_btv8w1Zla0AjwO,order_LwnaffOAxGsUBg,sub_yYPO70TaSdvjux,token_Twp1bh5ppDx1Fl,cust_B1YqpC9yzZDmje,301000,INR,card,visa,BAD_REQUEST_ERROR,issuer_bank,payment_authorization,payment_risk_check_failed,Payment declined by bank due to risk check.,hard,pending,0,0,2026-09-01T06:27:36.997650+05:30,2026-09-01T06:27:36.997650+05:30,,closed,manual,0,+919876405635,deepak.mukherjee144@rediffmail.com,,,,,,3010.0,0.0
0d50f7cf-f6de-4442-88f5-5bdb0911a343,mandate,pay_R52liaoFb857nr,order_1X2VnaMAxaS40Z,,token_usHgPB9TZnjFge,cust_Pcvx0I2CAdiCEc,76300,INR,card,rupay,BAD_REQUEST_ERROR,customer,payment_authentication,payment_timed_out,Your payment could not be completed due to a temporary issue. Try again later.,soft,,3,3,2026-09-01T06:39:21.997650+05:30,2026-09-06T13:39:21.997650+05:30,,escalated,voice,0,+918877103154,amit.mahanty930@rediffmail.com,,,,,,763.0,0.0
c5866c4d-6bf6-40cc-a7ce-74c330187076,mandate,pay_COB2gTNE6rzwmE,order_iF86XUBHBJ5coC,,token_of8YV5dyKSoXKi,cust_AVDGo8VSbmNoSh,45000,INR,wallet,,GATEWAY_ERROR,issuer_bank,payment_authorization,bank_technical_error,Bank downtime. Please try again later.,technical,,4,3,2026-09-01T06:40:11.997650+05:30,2026-09-10T16:40:11.997650+05:30,,escalated,voice,0,+919876429888,ayaan.chauhan321@gmail.com,,,,,,450.0,0.0
9e35b038-29c9-41b7-b5af-5b3ccd355d84,mandate,pay_rOeYDmaB1KUtHs,order_w0fVJUwsExGI4z,,token_mgQQA9XXBrtU3D,cust_mCWwBtwqt9bFFk,629300,INR,netbanking,,BAD_REQUEST_ERROR,customer,payment_authentication,payment_timed_out,Your payment could not be completed due to a temporary issue. Try again later.,soft,,3,3,2026-09-01T06:46:54.997650+05:30,2026-09-25T13:46:54.997650+05:30,,escalated,voice,0,+919900204844,suresh.verma571@gmail.com,,,,,,6293.0,0.0
da981212-e9ef-4725-b709-8ccaaa889bfb,subscription,pay_JIX1Jw0DohAaHW,order_uV6ot9JCqA7eMo,sub_D2T3HkcMvrF6e2,token_LIz6SrsvGQPYQ8,cust_3AkEdDdhCbd0pu,204900,INR,upi,,BAD_REQUEST_ERROR,customer,payment_authentication,payment_cancelled,Your payment has been cancelled.,soft,halted,3,3,2026-09-01T07:04:40.997650+05:30,2026-09-12T11:04:40.997650+05:30,,escalated,voice,0,+918899808489,rahul.pillai482@gmail.com,,,,,,2049.0,0.0
6984b488-a919-48d5-a6e3-25d8230d4077,subscription,pay_sAPtH0QAnkCSzu,order_C4t1jqxrqDoyHx,sub_xvsY6kHCnANpz2,token_RDZ7rXhjyRJHrL,cust_L9fYQukXC9NUvF,522200,INR,card,visa,BAD_REQUEST_ERROR,gateway,payment_authorization,payment_failed,Payment was declined by the bank.,technical,active,1,3,2026-09-01T07:07:50.997650+05:30,2026-09-02T10:07:50.997650+05:30,,recovered,auto_retry,522200,+918899103186,arjun.joshi975@yahoo.co.in,,,,,,5222.0,5222.0
ecdebe0b-4e4c-4d07-bb69-677e99e76025,mandate,pay_sdofhs4pUeyJGe,order_8FnpuRxnxpJam9,,token_OecT7fl3TaZOyf,cust_fRg0qdo5zVJJ6l,632500,INR,card,visa,BAD_REQUEST_ERROR,issuer_bank,payment_authorization,transaction_limit_exceeded,Maximum transaction limit exceeded for the day.,soft,,3,3,2026-09-01T07:25:25.997650+05:30,2026-09-06T16:25:25.997650+05:30,,escalated,voice,0,+919123360412,neha.singh970@yahoo.co.in,,,,,,6325.0,0.0
49deabdc-a38f-4817-990a-f2b9a26611ed,subscription,pay_seQwVbxyOOtHmw,order_ZvDmIPnCO450Nv,sub_byZQSV3F1OvfyL,token_S3xNVFxUGgGIwE,cust_GEbL1UL2eu5umE,425000,INR,card,mastercard,BAD_REQUEST_ERROR,issuer_bank,payment_authorization,card_expired,Your card has expired. Please use another card.,hard,pending,0,0,2026-09-01T07:57:39.997650+05:30,2026-09-01T07:57:39.997650+05:30,,closed,manual,0,+918899152566,aanya.thakur892@outlook.com,,,,,,4250.0,0.0
426afbbb-1370-4ac3-9907-60c1926a4dda,subscription,pay_5lj08e7zdIy5jx,order_njNu0DI5ayMgPz,sub_wTWUGRhW6JQtyI,token_cdVTIQs1OYpqK7,cust_swutlxK5az74ev,990200,INR,upi,,GATEWAY_ERROR,issuer_bank,payment_authorization,bank_technical_error,Bank downtime. Please try again later.,technical,halted,3,3,2026-09-01T09:20:16.997650+05:30,2026-09-26T14:20:16.997650+05:30,,escalated,voice,0,+919988782313,saanvi.kumar719@yahoo.co.in,,,,,,9902.0,0.0
c9491182-537b-4d73-bb42-761bce549165,payment,pay_aDAMlAOZ5518DX,order_xjBFdxTck0QAf9,,,cust_Xsnc8DKoCiSwLp,585800,INR,card,mastercard,BAD_REQUEST_ERROR,gateway,payment_authorization,insufficient_funds,Your payment could not be completed due to insufficient account balance.,soft,,3,3,2026-09-01T09:25:53.997650+05:30,2026-09-14T16:25:53.997650+05:30,,escalated,voice,0,+919900900800,reyansh.shah467@outlook.com,,,,,,5858.0,0.0
82df6e17-1418-41ef-9e38-4a9cc408d673,subscription,pay_XcHvCo6ZTIenvx,order_bqLY5IXRzcaAi5,sub_i1mBMBS7gvU1BY,token_M9LpXn3ohNyQV9,cust_45JNPLqxroXEXO,113600,INR,upi,,BAD_REQUEST_ERROR,customer,payment_initiation,incorrect_cvv,Incorrect CVV entered.,soft,active,2,3,2026-09-01T10:22:50.997650+05:30,2026-09-05T10:22:50.997650+05:30,,recovered,auto_retry,113600,+917766004703,aadhya.mehta732@gmail.com,,,,,,1136.0,1136.0
3f795087-ee27-499d-b8fb-04b6cc416aac,subscription,pay_EtAZEMjBiH9Ri8,order_akywsN8N8rRkg1,sub_10eNDz225IpG9P,token_8XlLcOld2dXngn,cust_WQOyr3yiAal7ky,1390000,INR,wallet,,BAD_REQUEST_ERROR,issuer_bank,payment_authorization,transaction_limit_exceeded,Maximum transaction limit exceeded for the day.,soft,halted,3,3,2026-09-01T11:34:52.997650+05:30,2026-09-13T16:34:52.997650+05:30,,escalated,voice,0,+917766946308,vikram.chauhan523@yahoo.co.in,,,,,,13900.0,0.0
c55a5d05-0dee-4ff2-b10c-83abb1635336,subscription,pay_bwZ7wYRfWZfRHk,order_qSsjJM5s0YYaLC,sub_7fp9NluMsXeUPd,token_vkaI7wc7UWCJ9r,cust_N06sLKSTkVd0Zz,140000,INR,netbanking,,BAD_REQUEST_ERROR,issuer_bank,payment_authorization,transaction_limit_exceeded,Maximum transaction limit exceeded for the day.,soft,active,1,3,2026-09-01T11:48:50.997650+05:30,2026-09-05T10:48:50.997650+05:30,,recovered,auto_retry,140000,+918899182252,aanya.shah872@hotmail.com,,,,,,1400.0,1400.0
c839a32f-69e1-4d0d-ac91-2b3837957cce,payment,pay_WZhMjv9g7D6rkF,order_2TcIih1OAqpS4u,,,cust_MLuVWXL4Nx8IgC,386600,INR,upi,,BAD_REQUEST_ERROR,gateway,payment_authorization,payment_failed,Payment was declined by the bank.,technical,,1,3,2026-09-01T12:25:29.997650+05:30,2026-09-06T10:25:29.997650+05:30,,recovered,auto_retry,386600,+919900051171,priya.pillai700@rediffmail.com,,,,,,3866.0,3866.0
8c1d149e-863d-45a0-89d4-3aaa53e2fc4e,b2b_receivable,,order_URSkjFY51v2USC,,,cust_Q3vIXkBteybzqb,27700000,INR,netbanking,,INVOICE_PAYMENT_OVERDUE,corporate_buyer,accounts_payable_settlement,invoice_overdue_current,Corporate invoice overdue by 0 days (current).,soft,,0,3,2026-09-01T12:26:22.997650+05:30,2026-09-01T12:26:22.997650+05:30,,recovered,email,27700000,+919988154143,ap@bharat.com,inv_o0Eoc90FFpVmYh,Bharat Infra Projects Ltd,19EBAAD8764Q7ZT,current,,277000.0,277000.0
ded06b85-2646-4c5b-b6f3-231168d25082,payment,pay_9UUfNfXDdohNrA,order_mhAHjrXnIXVAVS,,,cust_90njxzxn3tVd9n,99200,INR,upi,,BAD_REQUEST_ERROR,gateway,payment_authorization,insufficient_funds,Your payment could not be completed due to insufficient account balance.,soft,,3,3,2026-09-01T12:30:57.997650+05:30,2026-10-04T12:30:57.997650+05:30,,escalated,voice,0,+919876932079,rajesh.gupta292@rediffmail.com,,,,,,992.0,0.0
22ba0e04-be8c-404b-8c21-991c44f823e5,payment,pay_8NtMaYQPUlFsOU,order_tZNbr5SCkyJjNf,,,cust_Vo7IaZvcVmzmPy,34900,INR,upi,,GATEWAY_ERROR,gateway,payment_authentication,authentication_failed,Payment could not be completed due to incorrect OTP or verification details.,soft,,3,3,2026-09-01T12:50:32.997650+05:30,2026-09-27T12:50:32.997650+05:30,,escalated,voice,0,+919123469442,amit.sharma733@gmail.com,,,,,,349.0,0.0
74e32922-396b-48d8-baa4-fea8edfafc04,payment,pay_92x19iY71Oi5n3,order_OtLYXMjBf7po0x,,,cust_G7rNHQ75lEnEor,61600,INR,card,mastercard,BAD_REQUEST_ERROR,gateway,payment_authorization,insufficient_funds,Your payment could not be completed due to insufficient account balance.,soft,,1,3,2026-09-01T12:53:19.997650+05:30,2026-09-21T10:53:19.997650+05:30,,recovered,auto_retry,61600,+918877750568,rohan.mahanty654@hotmail.com,,,,,,616.0,616.0
f6b4a098-245e-48d9-9d14-8a0d9f88b89c,payment,pay_NrlsBqJz70fb38,order_ag06veHaz5kDIT,,,cust_EWkMIjdY49gEqv,54300,INR,card,mastercard,BAD_REQUEST_ERROR,issuer_bank,payment_authorization,card_expired,Your card has expired. Please use another card.,hard,,0,0,2026-09-01T13:18:04.997650+05:30,2026-09-01T13:18:04.997650+05:30,,closed,manual,0,+919988206244,nisha.mehta541@gmail.com,,,,,,543.0,0.0
c6261407-c808-4b58-87c4-ac25985cae8d,payment,pay_YowHUm4qUYiLUW,order_3FRri2U3lzMWLJ,,,cust_iZim6KP8wUauO8,1151300,INR,upi,,BAD_REQUEST_ERROR,gateway,payment_authorization,payment_failed,Payment was declined by the bank.,technical,,1,3,2026-09-01T13:27:58.997650+05:30,2026-09-29T10:27:58.997650+05:30,,recovered,auto_retry,1151300,+917766098065,vihaan.chauhan150@rediffmail.com,,,,,,11513.0,11513.0
1955ab7b-1d75-4de7-94ed-763aa89e55ee,payment,pay_JEQX1qyZe6JQEb,order_C8Wxl2fgQ5cVlD,,,cust_2vL2Tpt5m5kaTn,1268400,INR,netbanking,,GATEWAY_ERROR,issuer_bank,payment_authorization,bank_technical_error,Bank downtime. Please try again later.,technical,,3,3,2026-09-01T13:31:58.997650+05:30,2026-09-13T10:31:58.997650+05:30,,recovered,auto_retry,1268400,+918899122537,ayaan.verma658@rediffmail.com,,,,,,12684.0,12684.0
790a8961-c351-4846-b4f4-1194e1558518,checkout_drop_off,,order_LRRH354RH6PPYT,,,cust_Sd35F5LQVls4ZE,186600,INR,upi,rupay,CHECKOUT_DROP_OFF,customer,checkout_funnel,price_comparison_pause,Abandoned at cart_abandoned: price_comparison_pause,soft,,0,3,2026-09-01T14:04:13.997650+05:30,2026-09-01T14:04:13.997650+05:30,,closed,payment_link,0,+919123198423,ayaan.shah182@outlook.com,,,,,cart_abandoned,1866.0,0.0
71ef95a0-ff32-4a2a-aacc-428c1038bfae,mandate,pay_IgBl5rRb6auTKL,order_ZowebRRCLW8ARc,,token_YReUYPw94EZvqI,cust_R6AQIyitIRVzvi,118900,INR,upi,,BAD_REQUEST_ERROR,gateway,payment_authorization,insufficient_funds,Your payment could not be completed due to insufficient account balance.,soft,,3,3,2026-09-01T14:11:05.997650+05:30,2026-09-11T13:11:05.997650+05:30,,escalated,voice,0,+919988224442,ishaan.roy114@yahoo.co.in,,,,,,1189.0,0.0
029b9f6d-0768-4705-bfd6-9f039103a88b,payment,pay_x9VJz9HgS5R3Ih,order_S81Gs5RF25LEmq,,,cust_eeB6xL2ENumIEv,41600,INR,emandate,,GATEWAY_ERROR,gateway,payment_authorization,gateway_technical_error,Payment did not go through due to a temporary issue.,technical,,1,3,2026-09-01T14:36:51.997650+05:30,2026-09-13T10:36:51.997650+05:30,,recovered,auto_retry,41600,+917766424941,sanjay.mishra755@outlook.com,,,,,,416.0,416.0
953923e4-9da1-4548-8548-2091a2e5784c,payment,pay_Dhu8A7Rln6kGb6,order_BxMcqI9dWJ1y5N,,,cust_Et9Jp1YYur58h8,66500,INR,emandate,,GATEWAY_ERROR,gateway,payment_authentication,authentication_failed,Payment could not be completed due to incorrect OTP or verification details.,soft,,3,3,2026-09-01T14:46:41.997650+05:30,2026-09-20T02:46:41.997650+05:30,,recovered,sms,66500,+919988634811,amit.thakur782@gmail.com,,,,,,665.0,665.0
ad27f5dd-ebdd-4db3-b6b0-770d5c5b6e84,b2b_receivable,,order_bR4zyK2KW4gqsj,,,cust_xYGZq5aPJmpXaE,7200000,INR,netbanking,,INVOICE_PAYMENT_OVERDUE,corporate_buyer,accounts_payable_settlement,invoice_overdue_60_plus_days,Corporate invoice overdue by 84 days (60_plus_days).,soft,,0,3,2026-09-01T14:59:10.997650+05:30,2026-09-01T14:59:10.997650+05:30,,escalated,manual,0,+919900656779,ap@hyperion.com,inv_waLlbRPrRPiOF7,Hyperion Telecom Services LLP,33EBDEE3922F9ZH,60_plus_days,,72000.0,0.0
d3c94308-223e-4ae1-ae60-42e530600731,b2b_receivable,,order_Hhp1gyRLW84a58,,,cust_tlOVY2FignrP9u,10700000,INR,netbanking,,INVOICE_PAYMENT_OVERDUE,corporate_buyer,accounts_payable_settlement,invoice_overdue_1_15_days,Corporate invoice overdue by 2 days (1_15_days).,soft,,0,3,2026-09-01T15:27:55.997650+05:30,2026-09-01T15:27:55.997650+05:30,,recovered,email,10700000,+917788404167,ap@apex.com,inv_ItlJL43Rdlcshc,Apex Logistics Solutions Pvt Ltd,06DEECA6978A2ZK,1_15_days,,107000.0,107000.0
acc9e705-338b-487b-81f6-0d081a446537,b2b_receivable,,order_dnFiyUs6lieV28,,,cust_szRSAQrA2Kl1fH,5000000,INR,netbanking,,INVOICE_PAYMENT_OVERDUE,corporate_buyer,accounts_payable_settlement,invoice_overdue_60_plus_days,Corporate invoice overdue by 82 days (60_plus_days).,soft,,0,3,2026-09-01T15:40:59.997650+05:30,2026-09-01T15:40:59.997650+05:30,,escalated,manual,0,+917788645443,ap@vanguard.com,inv_hyDGCkdRgBnmLn,Vanguard Chemical Industries Ltd,06DCEEE6393S2ZU,60_plus_days,,50000.0,0.0
c2f6471d-18b5-4c20-9d1c-681b80c84de2,subscription,pay_e5JbuW06H1gy3h,order_nzqQqYtQG8ICHB,sub_h140rxOZfqmLX3,token_dNPlrRtGK9HjIi,cust_iaAttlvzK8RngQ,94200,INR,wallet,,GATEWAY_ERROR,gateway,payment_authentication,authentication_failed,Payment could not be completed due to incorrect OTP or verification details.,soft,halted,3,3,2026-09-01T16:30:22.997650+05:30,2026-09-14T12:30:22.997650+05:30,,escalated,voice,0,+919900049334,vihaan.ghosh990@yahoo.co.in,,,,,,942.0,0.0
db8b1a16-f67c-4081-9e30-d2af246f735c,b2b_receivable,,order_k01cjSUmiNl7OH,,,cust_Pm4ZdOctmeFHzS,6000000,INR,netbanking,,INVOICE_PAYMENT_OVERDUE,corporate_buyer,accounts_payable_settlement,invoice_overdue_60_plus_days,Corporate invoice overdue by 77 days (60_plus_days).,soft,,0,3,2026-09-01T16:45:18.997650+05:30,2026-09-01T16:45:18.997650+05:30,,escalated,manual,0,+919123274089,ap@starlight.com,inv_SINaptPxsyJ0Bi,Starlight Manufacturing Corp,06ADBAB2198G9ZF,60_plus_days,,60000.0,0.0
3e2f15e6-fbc4-40ee-a58d-7c2fb32af1d3,subscription,pay_2TRJkkxGDLEfLm,order_4rtl13iZVmWqU5,sub_7W2omeND2eC4kC,token_lDpR3EfMyiimvG,cust_oYUohztdHhLd8G,759500,INR,netbanking,,GATEWAY_ERROR,gateway,payment_authorization,gateway_technical_error,Payment did not go through due to a temporary issue.,technical,active,1,3,2026-09-01T16:53:42.997650+05:30,2026-09-06T10:53:42.997650+05:30,,recovered,auto_retry,759500,+919900312042,aadhya.gupta170@rediffmail.com,,,,,,7595.0,7595.0
f0fbcfd4-d137-4c10-9668-ac3d40d5f85b,b2b_receivable,,order_B3Zljj7QWDpUvu,,,cust_7dTBZjpuT7ahpw,12400000,INR,netbanking,,INVOICE_PAYMENT_OVERDUE,corporate_buyer,accounts_payable_settlement,invoice_overdue_current,Corporate invoice overdue by 0 days (current).,soft,,0,3,2026-09-01T17:10:38.997650+05:30,2026-09-01T17:10:38.997650+05:30,,recovered,email,12400000,+919876422591,ap@finmatrix.com,inv_Qa6F2nQIOye8eN,FinMatrix Consulting Pvt Ltd,27DBEBB6770Z5Z4,current,,124000.0,124000.0
eb658aa7-c756-485c-a391-74f3ffb13f1b,payment,pay_dtkkHv8tI2lD8M,order_Ek1F4YySWERys9,,,cust_2qDpnTNQOsvpvY,364400,INR,netbanking,,BAD_REQUEST_ERROR,issuer_bank,card_enrollment_check,card_not_enrolled,Your card is not enabled for online payments.,hard,,0,0,2026-09-01T19:00:32.997650+05:30,2026-09-01T19:00:32.997650+05:30,,closed,manual,0,+917788958607,saanvi.pillai363@yahoo.co.in,,,,,,3644.0,0.0
d33c4100-536d-451a-b837-11f2e173fdfc,payment,pay_dlRwHnoAdSON8w,order_ZvLWgZIfVNi8T3,,,cust_ZPl1ai3QBR0m2z,2696000,INR,upi,,GATEWAY_ERROR,issuer_bank,payment_authorization,bank_technical_error,Bank downtime. Please try again later.,technical,,2,3,2026-09-01T19:53:28.997650+05:30,2026-09-13T10:53:28.997650+05:30,,recovered,auto_retry,2696000,+919876480812,meera.mishra790@rediffmail.com,,,,,,26960.0,26960.0
59cbdc82-428b-45b5-b306-7387dbda936a,subscription,pay_6kutGEaczm8M5c,order_bC42SpXpDCjZul,sub_WjvOOPfCjYV3o5,token_rjxY7RwwBwLthe,cust_DfLMPWsuFumtc3,24700,INR,upi,,BAD_REQUEST_ERROR,customer,payment_authentication,payment_timed_out,Your payment could not be completed due to a temporary issue. Try again later.,soft,halted,3,3,2026-09-01T20:00:56.997650+05:30,2026-09-28T13:00:56.997650+05:30,,escalated,voice,0,+919988650571,rahul.bose229@outlook.com,,,,,,247.0,0.0
ad46847f-407a-4f0a-910c-a4fa3b043c69,checkout_drop_off,pay_pxojbCMGDTqz4S,order_Ngg83w2Q3RhEjK,,,cust_mxSf74ScsxPTpz,133600,INR,card,rupay,CHECKOUT_DROP_OFF,customer,checkout_funnel,saved_card_unavailable,Abandoned at payment_method_selected: saved_card_unavailable,soft,,0,3,2026-09-01T20:26:35.997650+05:30,2026-09-01T20:26:35.997650+05:30,,recovered,payment_link,133600,+919876172112,meera.agarwal15@hotmail.com,,,,,payment_method_selected,1336.0,1336.0
81c0edad-b612-407f-bfa7-44fcc3c39dd5,checkout_drop_off,,order_csRklr5SFOOyqH,,,cust_msHYeZwrWxPvra,340700,INR,card,visa,CHECKOUT_DROP_OFF,customer,checkout_funnel,accidental_tab_close,Abandoned at cart_abandoned: accidental_tab_close,soft,,0,3,2026-09-01T21:02:48.997650+05:30,2026-09-01T21:02:48.997650+05:30,,closed,payment_link,0,+919876960032,shreya.verma229@hotmail.com,,,,,cart_abandoned,3407.0,0.0
01bac6fe-5685-4a51-bc11-c1eaff2afccc,payment,pay_eRihddhHq0bFZU,order_LoZdfKnph4JpEb,,,cust_BPzGYv2Pal96nK,1262900,INR,netbanking,,BAD_REQUEST_ERROR,gateway,payment_authorization,insufficient_funds,Your payment could not be completed due to insufficient account balance.,soft,,3,3,2026-09-01T21:55:06.997650+05:30,2026-10-04T14:55:06.997650+05:30,,escalated,voice,0,+918877617362,vikram.das150@hotmail.com,,,,,,12629.0,0.0
963e9023-eeb2-4a5b-8c62-092627361eef,payment,pay_ClY4rLvY3jl2Jl,order_KDQBy9WQ8WHJKq,,,cust_seHP6YbYMdhOeQ,120100,INR,netbanking,,BAD_REQUEST_ERROR,issuer_bank,payment_authorization,card_disabled_for_online_payments,Your card is disabled for online payments.,hard,,0,0,2026-09-01T21:59:05.997650+05:30,2026-09-01T21:59:05.997650+05:30,,closed,manual,0,+918899737671,saanvi.agarwal368@gmail.com,,,,,,1201.0,0.0
e7062a08-2a67-4716-922b-a68c654b0470,payment,pay_gVxuNpm3QJvtmM,order_J9mJTFt9e4QoML,,,cust_d7p1RcGvZFwK45,1306600,INR,upi,,BAD_REQUEST_ERROR,issuer_bank,payment_authorization,card_expired,Your card has expired. Please use another card.,hard,,0,0,2026-09-01T23:01:12.997650+05:30,2026-09-01T23:01:12.997650+05:30,,closed,manual,0,+919123377140,vikram.singh298@yahoo.co.in,,,,,,13066.0,0.0
a7bf8449-ae3c-4fce-8908-87ff67292163,payment,pay_UDEMIrJjl2pvRr,order_5ZjpMI76tNtoWK,,,cust_AoBdD571DzNEIC,97100,INR,upi,,BAD_REQUEST_ERROR,customer,payment_initiation,card_number_invalid,You have entered an incorrect card number. Try again.,hard,,0,0,2026-09-01T23:46:12.997650+05:30,2026-09-01T23:46:12.997650+05:30,,closed,manual,0,+919876618355,aditi.ghosh620@outlook.com,,,,,,971.0,0.0
aa831727-2eae-4329-9718-5a7ea25a3cc7,payment,pay_4lttNq5mtiTPem,order_kF6ZeogOCfE1Y6,,,cust_ZRoPDHiLnU8ALS,98000,INR,upi,,BAD_REQUEST_ERROR,customer,payment_authentication,payment_cancelled,Your payment has been cancelled.,soft,,3,3,2026-09-01T23:55:02.997650+05:30,2026-09-26T10:13:00.997650+05:30,,recovered,voice,98000,+919123161236,rajesh.verma168@outlook.com,,,,,,980.0,980.0
c0ac91b5-fe6b-4984-987e-025945ae0c3c,subscription,pay_chffmGsYMAp4ET,order_bbuLn4eNKhkdJZ,sub_Rm8fWLIcqS6Cdq,token_yS4iNkQhFUVA68,cust_iPF1iVw98No4In,1021900,INR,upi,,BAD_REQUEST_ERROR,gateway,payment_authorization,insufficient_funds,Your payment could not be completed due to insufficient account balance.,soft,active,1,3,2026-09-02T04:11:47.997650+05:30,2026-09-06T10:11:47.997650+05:30,,recovered,auto_retry,1021900,+917788521997,kavita.singh871@yahoo.co.in,,,,,,10219.0,10219.0
d122c1fb-80dc-4f37-821b-f42c7faaf714,mandate,pay_nqKxemCzDD2BdW,order_iVPxK8rIPu0Cqo,,token_uhaHmQgEK7VyBz,cust_6F3vAdfP10rqJq,252800,INR,upi,,BAD_REQUEST_ERROR,gateway,payment_authorization,insufficient_funds,Your payment could not be completed due to insufficient account balance.,soft,,2,3,2026-09-02T04:27:00.997650+05:30,2026-09-22T10:27:00.997650+05:30,,recovered,auto_retry,252800,+919988267941,saanvi.verma565@rediffmail.com,,,,,,2528.0,2528.0
c3991c17-9537-4041-a541-d33965675925,subscription,pay_WMW9Uo9Q1pQYsG,order_alM6uaqVh5yykH,sub_QVjclg9NuOcklp,token_VQWtqKTmTWve6A,cust_pTbkIGXEtsX68k,269500,INR,upi,,BAD_REQUEST_ERROR,issuer_bank,card_enrollment_check,card_not_enrolled,Your card is not enabled for online payments.,hard,pending,0,0,2026-09-02T04:38:48.997650+05:30,2026-09-02T04:38:48.997650+05:30,,closed,manual,0,+919988830116,neha.mukherjee947@hotmail.com,,,,,,2695.0,0.0
10bc4373-0438-4bd3-a3a6-4fd16bd567dc,mandate,pay_jHkigchOxTUbqS,order_Wbx0ZPXP5kJlMf,,token_6KXXOUr8madd7V,cust_bHgJPT9xS49wKL,317500,INR,card,mastercard,BAD_REQUEST_ERROR,customer,payment_authentication,payment_timed_out,Your payment could not be completed due to a temporary issue. Try again later.,soft,,3,3,2026-09-02T04:51:15.997650+05:30,2026-09-10T13:51:15.997650+05:30,,escalated,voice,0,+919900661857,ayaan.mishra151@rediffmail.com,,,,,,3175.0,0.0
cbd976f2-7e6c-406c-bcb9-fef58dbb9982,mandate,pay_JC86HdQQn2MVOv,order_VAGyIQXNlDki5O,,token_80DWylrWEm8CUL,cust_TI1dTRBS3sEIiK,902100,INR,upi,,GATEWAY_ERROR,gateway,payment_authentication,authentication_failed,Payment could not be completed due to incorrect OTP or verification details.,soft,,3,3,2026-09-02T05:26:11.997650+05:30,2026-09-09T11:26:11.997650+05:30,,escalated,voice,0,+919900965198,kiara.patel55@outlook.com,,,,,,9021.0,0.0
5f573cfb-d80c-443d-a1a3-e64b5ea15f54,subscription,pay_c4XbQguyUvEBUc,order_LrOvErp1HL9pJ3,sub_ngIXiCWtiWXk3z,token_9gBPWmIr0SWSva,cust_bVKEFCjwQEaOSm,498900,INR,wallet,,BAD_REQUEST_ERROR,gateway,payment_authorization,insufficient_funds,Your payment could not be completed due to insufficient account balance.,soft,active,1,3,2026-09-02T05:38:10.997650+05:30,2026-09-06T10:38:10.997650+05:30,,recovered,auto_retry,498900,+918899270405,isha.reddy734@yahoo.co.in,,,,,,4989.0,4989.0
e74e49ad-8d5c-499c-9de7-7eae912e7a79,mandate,pay_qZZWzYxDhShw8T,order_5CjPjEYDRZU6wj,,token_b4ZxQ8EUm645aq,cust_sSxOzzG6WD3HAm,382200,INR,upi,,GATEWAY_ERROR,gateway,payment_authorization,gateway_technical_error,Payment did not go through due to a temporary issue.,technical,,4,3,2026-09-02T05:52:42.997650+05:30,2026-09-11T13:52:42.997650+05:30,,escalated,voice,0,+918877075583,ayaan.chauhan610@outlook.com,,,,,,3822.0,0.0
5d9c9bfd-3aa8-477e-a0c6-11e903f9a4a3,mandate,pay_DQm3DiA9LwX89R,order_SPP9QyRY8RrlO2,,token_tfNfGr1JimXeZk,cust_mfKDUyd5bF8YIi,1166700,INR,upi,,BAD_REQUEST_ERROR,customer,payment_authentication,payment_timed_out,Your payment could not be completed due to a temporary issue. Try again later.,soft,,3,3,2026-09-02T06:14:25.997650+05:30,2026-09-11T16:14:25.997650+05:30,,escalated,voice,0,+919988124296,pooja.patel425@rediffmail.com,,,,,,11667.0,0.0
1733590b-a179-44fd-9a5d-2d0d6c46404f,subscription,pay_O9VUfjhZX8UQrf,order_22zbwVaCTlz6SH,sub_A3otqr8u2aTbpI,token_2ou9zfdy4QklT6,cust_Uc0Luk0Ei0ItcG,2395200,INR,card,visa,BAD_REQUEST_ERROR,issuer_bank,payment_authorization,card_expired,Your card has expired. Please use another card.,hard,pending,0,0,2026-09-02T06:29:06.997650+05:30,2026-09-02T06:29:06.997650+05:30,,closed,manual,0,+919900428085,diya.dey120@yahoo.co.in,,,,,,23952.0,0.0
6c1cdedc-ab5d-463a-9b64-f266813b85f6,subscription,pay_REMCgXh5euxsQQ,order_sQEJzMEGPIGcTh,sub_0zb5HQ6Eyft08u,token_TSgqseN7lnxprL,cust_TMJcF05h69shMX,2926300,INR,card,rupay,BAD_REQUEST_ERROR,gateway,payment_authorization,insufficient_funds,Your payment could not be completed due to insufficient account balance.,soft,halted,3,3,2026-09-02T07:42:26.997650+05:30,2026-09-18T14:42:26.997650+05:30,,escalated,voice,0,+918877326647,rahul.agarwal825@yahoo.co.in,,,,,,29263.0,0.0
0de7b347-0e29-43f2-8e59-7fd32bf1398d,payment,pay_tSRzAWmEohVLmC,order_HYxG5MRs4dUU2e,,,cust_aVB9OzijbKa6dy,1421100,INR,card,visa,BAD_REQUEST_ERROR,gateway,payment_authorization,insufficient_funds,Your payment could not be completed due to insufficient account balance.,soft,,2,3,2026-09-02T09:03:41.997650+05:30,2026-09-19T10:03:41.997650+05:30,,recovered,auto_retry,1421100,+918899212004,pradeep.banerjee414@gmail.com,,,,,,14211.0,14211.0
8ca91bd7-4c55-48d4-b70a-c168c2c420d9,mandate,pay_3prjV4OaA1OM0A,order_iFde6xIcTelOVQ,,token_QfinFelG5uOzIQ,cust_BkyCBHSKRFqFse,61400,INR,netbanking,,GATEWAY_ERROR,issuer_bank,payment_authorization,bank_technical_error,Bank downtime. Please try again later.,technical,,1,3,2026-09-02T10:10:53.997650+05:30,2026-09-24T10:10:53.997650+05:30,,recovered,auto_retry,61400,+917766180407,deepak.shah227@gmail.com,,,,,,614.0,614.0
b5270cbf-f441-495c-8416-bc7613dac796,mandate,pay_xpPvxwWcoOmJVd,order_eC0CeZLEwJH2Ot,,token_LS1H5VG6OSDCmo,cust_6XyDCFHukMITJC,135200,INR,upi,,GATEWAY_ERROR,issuer_bank,payment_authorization,bank_technical_error,Bank downtime. Please try again later.,technical,,4,3,2026-09-02T10:20:19.997650+05:30,2026-10-09T10:20:19.997650+05:30,,recovered,sms,135200,+919123875151,priya.dey585@yahoo.co.in,,,,,,1352.0,1352.0
df470217-e16d-4632-a9bd-1571cd2c2013,subscription,pay_yluZ9TixWsbeDz,order_ktEGChaOXURWV1,sub_WkCJzM6yX6n3ML,token_iFYBuGy6fhoXF4,cust_5qf7nBAN6JS2Z2,1873900,INR,upi,,GATEWAY_ERROR,gateway,payment_authentication,authentication_failed,Payment could not be completed due to incorrect OTP or verification details.,soft,active,1,3,2026-09-02T11:23:50.997650+05:30,2026-09-24T10:23:50.997650+05:30,,recovered,auto_retry,1873900,+919988328428,aarav.mishra258@rediffmail.com,,,,,,18739.0,18739.0
737a556f-2231-4f6f-8453-3e7e908bb80d,payment,pay_2qUCaCQytOHeFx,order_rOHh23oPu8jqTZ,,,cust_rcB2faPT5gf3c5,225300,INR,upi,,BAD_REQUEST_ERROR,gateway,payment_authorization,insufficient_funds,Your payment could not be completed due to insufficient account balance.,soft,,3,3,2026-09-02T12:05:06.997650+05:30,2026-09-22T16:05:06.997650+05:30,,escalated,voice,0,+917788237660,suresh.dey72@outlook.com,,,,,,2253.0,0.0
8c369ddc-0e7a-43e6-97d6-b2f3fdb563d0,payment,pay_mCjI9wfNBIz679,order_72lBvT0V5bHgHh,,,cust_V9IVcp0I9kqvfV,47600,INR,card,visa,BAD_REQUEST_ERROR,gateway,payment_authorization,insufficient_funds,Your payment could not be completed due to insufficient account balance.,soft,,3,3,2026-09-02T12:57:38.997650+05:30,2026-09-23T14:57:38.997650+05:30,,escalated,voice,0,+917766326210,nisha.gupta231@gmail.com,,,,,,476.0,0.0
14f76f79-307d-4326-9176-a40f1f670f98,checkout_drop_off,pay_XIeKcAnBh0efGD,order_fj8my0y2uQyt52,,,cust_rF3jjcUsrwSVLH,238900,INR,upi,visa,CHECKOUT_DROP_OFF,customer,checkout_funnel,otp_not_received,Abandoned at otp_abandoned: otp_not_received,soft,,0,3,2026-09-02T13:04:11.997650+05:30,2026-09-02T13:04:11.997650+05:30,,closed,payment_link,0,+918877434500,kavita.ghosh64@rediffmail.com,,,,,otp_abandoned,2389.0,0.0
b847d089-93e7-4622-843d-7d34ee2b07bd,mandate,pay_4RL689k3cId8o0,order_YrEuM3Lweu9nrE,,token_bVrWz5TYz7sXdl,cust_10Hkonn9dqPxTt,4122900,INR,upi,,BAD_REQUEST_ERROR,gateway,payment_authorization,insufficient_funds,Your payment could not be completed due to insufficient account balance.,soft,,3,3,2026-09-02T13:56:00.997650+05:30,2026-09-11T10:56:00.997650+05:30,,recovered,auto_retry,4122900,+919900698932,saanvi.das22@rediffmail.com,,,,,,41229.0,41229.0
61adaa10-c23b-41b3-8c01-69dd37952d2a,payment,pay_jsTc9g9V3UVImt,order_3LernANnBbku1v,,,cust_KbOUuRFLAaC0Ig,4080900,INR,netbanking,,BAD_REQUEST_ERROR,gateway,payment_authorization,payment_failed,Payment was declined by the bank.,technical,,1,3,2026-09-02T13:56:56.997650+05:30,2026-09-10T10:56:56.997650+05:30,,recovered,auto_retry,4080900,+919988954423,sanjay.dey267@yahoo.co.in,,,,,,40809.0,40809.0
ddeeb5a5-11b4-46ca-ad19-d14d2026033b,payment,pay_pzF4VqW0CojG3n,order_swvSrq1MNK4uXy,,,cust_aHYDoS6TSiLEue,74700,INR,card,visa,BAD_REQUEST_ERROR,customer,payment_initiation,incorrect_cvv,Incorrect CVV entered.,soft,,1,3,2026-09-02T14:31:12.997650+05:30,2026-09-24T10:31:12.997650+05:30,,recovered,auto_retry,74700,+917788808713,amit.pillai230@outlook.com,,,,,,747.0,747.0
b91ac21f-01af-4f4e-8630-f2d5ed7e386e,checkout_drop_off,pay_JcApeuUPOxqPHk,order_x1OZUiueORCVSu,,,cust_uHSnj7hYQtbuEd,240000,INR,upi,visa,CHECKOUT_DROP_OFF,customer,checkout_funnel,preferred_bank_missing,Abandoned at payment_method_selected: preferred_bank_missing,soft,,0,3,2026-09-02T14:51:00.997650+05:30,2026-09-02T14:51:00.997650+05:30,,recovered,payment_link,240000,+919876081496,meera.shah404@gmail.com,,,,,payment_method_selected,2400.0,2400.0
6349d69c-1621-4441-8921-57b582d5eb0e,payment,pay_03LKh2Osnq29fN,order_T73KrjN2sNCvaB,,,cust_qxLabKzwGVlLOj,92000,INR,card,amex,BAD_REQUEST_ERROR,gateway,payment_authorization,payment_failed,Payment was declined by the bank.,technical,,3,3,2026-09-02T14:55:23.997650+05:30,2026-09-29T10:55:23.997650+05:30,,recovered,auto_retry,92000,+919988805839,nisha.sharma320@yahoo.co.in,,,,,,920.0,920.0
fd708aa7-84ad-4c13-8bfe-02e63e004007,b2b_receivable,,order_r1hVzdR8wqh9KL,,,cust_F1D5K2HbRb8Tfy,6000000,INR,netbanking,,INVOICE_PAYMENT_OVERDUE,corporate_buyer,accounts_payable_settlement,invoice_overdue_31_60_days,Corporate invoice overdue by 55 days (31_60_days).,soft,,0,3,2026-09-02T15:07:54.997650+05:30,2026-09-02T15:07:54.997650+05:30,,escalated,voice,0,+919900685554,ap@sigma.com,inv_IkADoDdBR7tBA4,Sigma Heavy Equipment Ltd,33BCAEB2653O9ZZ,31_60_days,,60000.0,0.0
7001dd0b-bfb8-4eea-9640-0e5cc44bb9bf,checkout_drop_off,,order_93kD134W2rxhHL,,,cust_izalPik13PVTee,122400,INR,card,rupay,CHECKOUT_DROP_OFF,customer,checkout_funnel,unexpected_shipping_fees,Abandoned at address_submitted: unexpected_shipping_fees,soft,,0,3,2026-09-02T15:11:24.997650+05:30,2026-09-02T15:11:24.997650+05:30,,closed,payment_link,0,+917766620470,diya.dey421@gmail.com,,,,,address_submitted,1224.0,0.0
d1a9cec8-22c4-402c-88ea-d9df43fa0299,b2b_receivable,,order_b6LUV8vQxPeVva,,,cust_bdrJORBTrrwiAw,5600000,INR,netbanking,,INVOICE_PAYMENT_OVERDUE,corporate_buyer,accounts_payable_settlement,invoice_overdue_current,Corporate invoice overdue by 0 days (current).,soft,,0,3,2026-09-02T15:18:01.997650+05:30,2026-09-02T15:18:01.997650+05:30,,recovered,email,5600000,+919123917753,ap@trident.com,inv_Nn4BdJw7f5w8VR,Trident Agro Exports Pvt Ltd,33CDEBB6925T6ZB,current,,56000.0,56000.0
4e8b511d-a80e-417b-81fd-e3804b406119,b2b_receivable,,order_NenAQQfbIstEO4,,,cust_8gqhwPnWtHuszH,5800000,INR,netbanking,,INVOICE_PAYMENT_OVERDUE,corporate_buyer,accounts_payable_settlement,invoice_overdue_31_60_days,Corporate invoice overdue by 49 days (31_60_days).,soft,,0,3,2026-09-02T16:05:53.997650+05:30,2026-09-02T16:05:53.997650+05:30,,recovered,voice,5800000,+919900069534,ap@aura.com,inv_e7MkpI28CMUjPJ,Aura Consumer Goods Pvt Ltd,06EACBD8354O9Z2,31_60_days,,58000.0,58000.0
2000d03a-c997-4271-9a7f-940679b1792f,b2b_receivable,,order_BsrM3Ho8cyQyJs,,,cust_VCQLvCYos8dJce,5800000,INR,netbanking,,INVOICE_PAYMENT_OVERDUE,corporate_buyer,accounts_payable_settlement,invoice_overdue_current,Corporate invoice overdue by 0 days (current).,soft,,0,3,2026-09-02T16:06:56.997650+05:30,2026-09-02T16:06:56.997650+05:30,,recovered,email,5800000,+918899655050,ap@trident.com,inv_H71L8UvqU2VH5N,Trident Agro Exports Pvt Ltd,19EACDB8636Q5ZO,current,,58000.0,58000.0
ca708ec2-89d6-4d18-82c4-2d969cd487da,payment,pay_15ARIxbRvtFZO7,order_tBlpvxlZEzsQpr,,,cust_795JsvJLLiKgj6,212300,INR,upi,,BAD_REQUEST_ERROR,customer,payment_authentication,payment_timed_out,Your payment could not be completed due to a temporary issue. Try again later.,soft,,3,3,2026-09-02T16:57:21.997650+05:30,2026-09-26T12:57:21.997650+05:30,,escalated,voice,0,+919988400464,rohan.dey541@gmail.com,,,,,,2123.0,0.0
29d96ca1-ba28-48a6-bdef-e47a2dda3918,subscription,pay_YO9bpao8AtVpy8,order_siSVZKQjM9FgTs,sub_LTj1TyssX7VWJc,token_lQ8n7Qedvd91Ah,cust_986RlkabfmC7rZ,261900,INR,card,diners,GATEWAY_ERROR,gateway,payment_authorization,gateway_technical_error,Payment did not go through due to a temporary issue.,technical,active,1,3,2026-09-02T17:58:59.997650+05:30,2026-09-18T10:58:59.997650+05:30,,recovered,auto_retry,261900,+917788520169,neha.banerjee603@gmail.com,,,,,,2619.0,2619.0
eb8c23dd-503e-4e92-b6a9-237f798b8915,payment,pay_enhEQXhR9HEuwx,order_mAyXw7Bb0rDono,,,cust_DcbnGWCqP9YtrI,37700,INR,card,visa,BAD_REQUEST_ERROR,customer,payment_initiation,incorrect_cvv,Incorrect CVV entered.,soft,,3,3,2026-09-02T19:16:07.997650+05:30,2026-10-05T14:16:07.997650+05:30,,escalated,voice,0,+919123286690,aditya.thakur187@rediffmail.com,,,,,,377.0,0.0
16641200-a64f-4981-bb55-7b0f8f557614,payment,pay_KA0qGGur6yfNto,order_9LCn0uqFuIR4Eq,,,cust_bZ6v92iyxSxpz3,401100,INR,upi,,BAD_REQUEST_ERROR,gateway,payment_authorization,insufficient_funds,Your payment could not be completed due to insufficient account balance.,soft,,3,3,2026-09-02T19:52:42.997650+05:30,2026-09-29T12:52:42.997650+05:30,,escalated,voice,0,+917788442036,rohan.patel493@gmail.com,,,,,,4011.0,0.0
02edd3ec-e300-418e-8b8e-b158cdfc62ed,checkout_drop_off,pay_7gFlczjXdRm3lA,order_3mkA4brmkbe5tT,,,cust_SzHKdYTYmhd7cD,258300,INR,card,rupay,CHECKOUT_DROP_OFF,customer,checkout_funnel,preferred_bank_missing,Abandoned at payment_method_selected: preferred_bank_missing,soft,,0,3,2026-09-02T20:03:57.997650+05:30,2026-09-02T20:03:57.997650+05:30,,closed,payment_link,0,+919900129566,krishna.joshi252@outlook.com,,,,,payment_method_selected,2583.0,0.0
8a68dba3-0ea2-49f4-9589-3357fd603ed5,payment,pay_P27y56FuN0d8z2,order_Gf9Imcycp4UihQ,,,cust_IJD7uB9Q4Fql4j,23100,INR,netbanking,,BAD_REQUEST_ERROR,customer,payment_initiation,card_number_invalid,You have entered an incorrect card number. Try again.,hard,,0,0,2026-09-02T20:26:35.997650+05:30,2026-09-02T20:26:35.997650+05:30,,closed,manual,0,+919900731312,aditi.das208@gmail.com,,,,,,231.0,0.0
ac23e619-bbeb-4861-a754-3b3b4d9159a6,payment,pay_SpjsQmoLHp6cDq,order_453uZpMNENRTQU,,,cust_gtei2Efr6PHxg2,1246500,INR,upi,,GATEWAY_ERROR,gateway,payment_authentication,authentication_failed,Payment could not be completed due to incorrect OTP or verification details.,soft,,3,3,2026-09-02T21:17:27.997650+05:30,2026-09-08T13:17:27.997650+05:30,,escalated,voice,0,+919900156849,aditya.bose695@yahoo.co.in,,,,,,12465.0,0.0
717a4239-d124-4ed8-845d-f1d0b71b795a,payment,pay_5pKhfkNBC1RP2B,order_Neuy4gHr3jvSFE,,,cust_qL6ietwZWxghdt,1384300,INR,card,rupay,BAD_REQUEST_ERROR,gateway,payment_authorization,insufficient_funds,Your payment could not be completed due to insufficient account balance.,soft,,3,3,2026-09-02T21:26:16.997650+05:30,2026-09-14T10:26:16.997650+05:30,,recovered,auto_retry,1384300,+918877405536,aadhya.reddy514@outlook.com,,,,,,13843.0,13843.0
eb8cb5a8-69c9-4baf-bd91-6a0e9ac7e88d,payment,pay_6cKBvYlm8GFf6i,order_D4VckvslDGjIB9,,,cust_AAnPkZra0kfOeJ,640900,INR,netbanking,,BAD_REQUEST_ERROR,customer,payment_authentication,payment_cancelled,Your payment has been cancelled.,soft,,3,3,2026-09-02T21:30:29.997650+05:30,2026-10-04T14:30:29.997650+05:30,,escalated,voice,0,+918899594284,arjun.joshi276@yahoo.co.in,,,,,,6409.0,0.0
708dc17a-1ea2-40f5-ba5e-f842ef266d20,checkout_drop_off,pay_9SeKla1WkPcgpo,order_yf0JdLEUxWyGbU,,,cust_odCrm67wevfiEK,211400,INR,upi,rupay,CHECKOUT_DROP_OFF,customer,checkout_funnel,bank_page_latency_timeout,Abandoned at otp_abandoned: bank_page_latency_timeout,soft,,0,3,2026-09-02T21:43:00.997650+05:30,2026-09-02T21:43:00.997650+05:30,,closed,payment_link,0,+917766091742,sanjay.mehta753@gmail.com,,,,,otp_abandoned,2114.0,0.0
8d8961d7-9f65-4909-9f25-4839618bb250,payment,pay_hT31zK6jHm8VFU,order_Pzp0pyB9P5uLjg,,,cust_vK1XugCGKlb8iC,386200,INR,emandate,,GATEWAY_ERROR,gateway,payment_authentication,authentication_failed,Payment could not be completed due to incorrect OTP or verification details.,soft,,3,3,2026-09-02T22:14:36.997650+05:30,2026-09-18T15:14:36.997650+05:30,,escalated,voice,0,+918899205660,reyansh.dey711@outlook.com,,,,,,3862.0,0.0
85c30ecb-2039-46fb-9a1d-787068712e99,payment,pay_OD4VnHtu06WjU5,order_7X5mLNx6EoR9d4,,,cust_mfDhaz47mytUKW,894700,INR,upi,,BAD_REQUEST_ERROR,gateway,payment_authorization,insufficient_funds,Your payment could not be completed due to insufficient account balance.,soft,,3,3,2026-09-02T23:40:23.997650+05:30,2026-09-29T12:40:23.997650+05:30,,escalated,voice,0,+919876181757,pooja.singh763@rediffmail.com,,,,,,8947.0,0.0
ddd2d6a0-8a30-4752-a8a3-936eb8a81ed0,payment,pay_cUZQHbdEQy78x5,order_s4UOTxQDFKAMem,,,cust_YTjHsLHSLkU8ZQ,404700,INR,card,rupay,BAD_REQUEST_ERROR,customer,payment_authentication,payment_cancelled,Your payment has been cancelled.,soft,,1,3,2026-09-02T23:52:13.997650+05:30,2026-09-22T10:52:13.997650+05:30,,recovered,auto_retry,404700,+917788033257,aditya.dey710@gmail.com,,,,,,4047.0,4047.0
0b080816-d3df-4083-882e-637ae4323fec,mandate,pay_02L5OuAl3MkaIC,order_O2JKV6zX0UmDma,,token_nEzBcFx6FN7C20,cust_tHPbvaH8FItppX,103300,INR,card,visa,BAD_REQUEST_ERROR,gateway,payment_authorization,insufficient_funds,Your payment could not be completed due to insufficient account balance.,soft,,1,3,2026-09-03T04:08:44.997650+05:30,2026-09-23T10:08:44.997650+05:30,,recovered,auto_retry,103300,+917766522007,rahul.shah643@outlook.com,,,,,,1033.0,1033.0
94da7325-a501-462f-92be-96c3fb368393,mandate,pay_O6etct08teP5q2,order_7dobnamkqn3hOH,,token_2pMEZgtRGfEsy9,cust_cH5o58Yp4Npcwa,142000,INR,upi,,GATEWAY_ERROR,gateway,payment_authentication,authentication_failed,Payment could not be completed due to incorrect OTP or verification details.,soft,,3,3,2026-09-03T04:15:19.997650+05:30,2026-09-10T15:15:19.997650+05:30,,escalated,voice,0,+919900717395,saanvi.pillai749@yahoo.co.in,,,,,,1420.0,0.0
98169d48-7c3a-4422-a310-b081f05e34ca,mandate,pay_SrbuwlLfINKOUr,order_oePJEoYdpBczL8,,token_wfiwFPmjwuNY0K,cust_eEMmA8hOCTscFN,421900,INR,upi,,BAD_REQUEST_ERROR,gateway,payment_authorization,insufficient_funds,Your payment could not be completed due to insufficient account balance.,soft,,3,3,2026-09-03T04:59:24.997650+05:30,2026-09-25T11:59:24.997650+05:30,,escalated,voice,0,+917788265637,rohan.banerjee752@hotmail.com,,,,,,4219.0,0.0
6fffc509-103b-4401-964a-7765a2c5d194,subscription,pay_8MkvuzBybLHQXu,order_qEtvP2sZiV2OrY,sub_VunNsrLbuXAqF6,token_7ayrBa8ba1vi9B,cust_x4vg1NNoeykZLF,55200,INR,wallet,,BAD_REQUEST_ERROR,issuer_bank,card_enrollment_check,card_not_enrolled,Your card is not enabled for online payments.,hard,pending,0,0,2026-09-03T05:19:06.997650+05:30,2026-09-03T05:19:06.997650+05:30,,closed,manual,0,+919876186114,aadhya.sharma120@outlook.com,,,,,,552.0,0.0
b4406b38-214e-4547-9594-caa0153d9d16,subscription,pay_ALeYollQrBKmxV,order_AhTUbVjPr92Dve,sub_Ve6miGpDlEeMTq,token_iW6bcsrcWmXEV8,cust_8VHvWOlVNx9Ol7,1430900,INR,card,mastercard,GATEWAY_ERROR,gateway,payment_authentication,authentication_failed,Payment could not be completed due to incorrect OTP or verification details.,soft,halted,3,3,2026-09-03T05:20:50.997650+05:30,2026-09-23T12:20:50.997650+05:30,,escalated,voice,0,+918899967398,pradeep.verma190@outlook.com,,,,,,14309.0,0.0
f575e066-7bbf-442b-8422-d24c56181f5e,subscription,pay_DKhDPtvVDK26pz,order_KX5ABTcJxZ2KJB,sub_z056o9N7zsxyz6,token_sGl48MyHlvHbHv,cust_rCkaMYij87jmb2,1073800,INR,card,mastercard,BAD_REQUEST_ERROR,gateway,payment_authorization,insufficient_funds,Your payment could not be completed due to insufficient account balance.,soft,active,1,3,2026-09-03T06:11:32.997650+05:30,2026-09-09T10:11:32.997650+05:30,,recovered,auto_retry,1073800,+918877399339,ayaan.pillai229@yahoo.co.in,,,,,,10738.0,10738.0
634bf8c6-38d2-4473-87ef-97589903c148,subscription,pay_UA2tHliTIK54Vz,order_Nc9i71XJ8Mhri0,sub_1CiZNmpvnz1PFB,token_LjVydH1W4ccCSl,cust_oeiDxQREEC3FgX,89300,INR,card,visa,BAD_REQUEST_ERROR,gateway,payment_authorization,insufficient_funds,Your payment could not be completed due to insufficient account balance.,soft,halted,3,3,2026-09-03T06:17:52.997650+05:30,2026-09-27T14:17:52.997650+05:30,,escalated,voice,0,+919123684389,aadhya.banerjee258@outlook.com,,,,,,893.0,0.0
e2e3eae2-a271-41d4-af1a-d137b197e8df,subscription,pay_iGL2KubdIg4Lup,order_npuBRq0C3M42OO,sub_9j8GeItOegLqdO,token_JkwGHu9K6MHLJO,cust_OkR6vtZKeoaMsG,158000,INR,upi,,BAD_REQUEST_ERROR,gateway,payment_authorization,insufficient_funds,Your payment could not be completed due to insufficient account balance.,soft,active,3,3,2026-09-03T07:27:27.997650+05:30,2026-10-04T18:53:27.997650+05:30,,recovered,voice,158000,+918877690466,reyansh.verma719@rediffmail.com,,,,,,1580.0,1580.0
36a296ce-07aa-4a69-992d-7ed054d716db,mandate,pay_TJshaGfdGCfL4r,order_RrJ2WxHo5fXHh0,,token_lv1z6CMs5gedxK,cust_qzSFtgeGjGnG8m,414900,INR,upi,,GATEWAY_ERROR,gateway,payment_authentication,authentication_failed,Payment could not be completed due to incorrect OTP or verification details.,soft,,3,3,2026-09-03T07:49:21.997650+05:30,2026-09-10T13:49:21.997650+05:30,,escalated,voice,0,+917766124413,vikram.chauhan361@rediffmail.com,,,,,,4149.0,0.0
bf188b02-21a5-4494-ab32-e3e6c381d2b0,mandate,pay_xAr24RzEjnXkqp,order_KFEgN8Bj38olur,,token_c24QjQR40rmX7G,cust_ZgEWq6UCFBW8hW,1348200,INR,netbanking,,BAD_REQUEST_ERROR,customer,payment_authentication,payment_cancelled,Your payment has been cancelled.,soft,,3,3,2026-09-03T08:37:58.997650+05:30,2026-09-15T12:37:58.997650+05:30,,escalated,voice,0,+919876628642,suresh.thakur535@yahoo.co.in,,,,,,13482.0,0.0
1e52e3bb-2fac-4d47-8871-3f812dbafbe8,mandate,pay_z4LiQfYrOCXYzE,order_8hsKokcoLNe640,,token_SZgjuqjfQaOdPj,cust_o4RX5eM0D6p1MR,109500,INR,netbanking,,BAD_REQUEST_ERROR,customer,payment_authentication,payment_cancelled,Your payment has been cancelled.,soft,,3,3,2026-09-03T10:09:07.997650+05:30,2026-09-19T14:09:07.997650+05:30,,escalated,voice,0,+918899514821,sanjay.thakur145@gmail.com,,,,,,1095.0,0.0
653c9549-3569-424e-8cf4-c5e815a8c05c,mandate,pay_CcAAIlcmg8kUby,order_dOfJBkjZLiEofE,,token_i8ccNSNoNN3WBC,cust_8naDCfoWChmHmT,465300,INR,card,visa,BAD_REQUEST_ERROR,customer,payment_authentication,payment_timed_out,Your payment could not be completed due to a temporary issue. Try again later.,soft,,2,3,2026-09-03T10:10:44.997650+05:30,2026-10-03T10:10:44.997650+05:30,,recovered,auto_retry,465300,+918899395001,ayaan.das70@hotmail.com,,,,,,4653.0,4653.0
4929bfd0-90b3-4907-a1b6-a99919f01eee,b2b_receivable,,order_Xe8tGfWWM3JjKG,,,cust_ghti0PBrGiTsr2,9900000,INR,netbanking,,INVOICE_PAYMENT_OVERDUE,corporate_buyer,accounts_payable_settlement,invoice_overdue_1_15_days,Corporate invoice overdue by 10 days (1_15_days).,soft,,0,3,2026-09-03T10:19:01.997650+05:30,2026-09-03T10:19:01.997650+05:30,,closed,email,0,+919988407118,ap@paramount.com,inv_u4V0MltLR9ZWsV,Paramount Engineering Works,19BDDCB6623L5Z7,1_15_days,,99000.0,0.0
acdb4220-2f2c-452f-8be5-361ec71a3652,subscription,pay_paR7siGx7DoC8v,order_1JmEoprXFBvRZJ,sub_damop4BwxgVvYC,token_y49XI0vrplzDjm,cust_KSP4avqgoynOGJ,1446000,INR,card,diners,GATEWAY_ERROR,issuer_bank,payment_authorization,bank_technical_error,Bank downtime. Please try again later.,technical,halted,3,3,2026-09-03T10:26:55.997650+05:30,2026-09-09T12:26:55.997650+05:30,,escalated,voice,0,+917788081521,neha.mahanty324@gmail.com,,,,,,14460.0,0.0
2d446424-5400-41c2-b458-e6bff9b6b989,mandate,pay_Q1KC7ixT3D9RLp,order_vaAymMEhG3PfJD,,token_m4pdvvGuKzZROg,cust_9f4AoaR9Nr8Mgl,486900,INR,card,mastercard,BAD_REQUEST_ERROR,customer,payment_authentication,payment_timed_out,Your payment could not be completed due to a temporary issue. Try again later.,soft,,3,3,2026-09-03T10:33:06.997650+05:30,2026-09-13T11:33:06.997650+05:30,,recovered,voice,486900,+918877818606,vivaan.mehta395@gmail.com,,,,,,4869.0,4869.0
9f7d6f00-a35b-4080-acf4-957c2ceafb60,mandate,pay_dPUstbBsJOkiyo,order_O8Ji4Jwi3NSrAy,,token_A9JZWN3TsJz7nq,cust_IUz9ZJudeCRj9u,198600,INR,upi,,BAD_REQUEST_ERROR,issuer_bank,payment_authorization,card_expired,Your card has expired. Please use another card.,hard,,0,0,2026-09-03T10:55:34.997650+05:30,2026-09-03T10:55:34.997650+05:30,,closed,manual,0,+919123616123,isha.roy274@hotmail.com,,,,,,1986.0,0.0
5eb7dea3-c779-482a-85da-968875e1a58d,b2b_receivable,,order_hxIOIGBwlk2Ygf,,,cust_DmKlOwFonD19c6,5000000,INR,netbanking,,INVOICE_PAYMENT_OVERDUE,corporate_buyer,accounts_payable_settlement,invoice_overdue_16_30_days,Corporate invoice overdue by 22 days (16_30_days).,soft,,0,3,2026-09-03T10:56:59.997650+05:30,2026-09-03T10:56:59.997650+05:30,,closed,email,0,+919876011597,ap@finmatrix.com,inv_PgdvNxqG5NoKvT,FinMatrix Consulting Pvt Ltd,06ABACE9784L2ZY,16_30_days,,50000.0,0.0
a3df637b-9f91-4653-b74a-af28ddb9455f,subscription,pay_9hHrgtEg23JO1n,order_q6p6xioiRxs0OG,sub_ndBcAc0K0dPHjU,token_hphvOXD7E6EiRR,cust_sE3tzwAqO2xnOa,1164200,INR,card,visa,BAD_REQUEST_ERROR,issuer_bank,card_enrollment_check,card_not_enrolled,Your card is not enabled for online payments.,hard,pending,0,0,2026-09-03T11:03:43.997650+05:30,2026-09-03T11:03:43.997650+05:30,,closed,manual,0,+917788224979,vikram.yadav973@outlook.com,,,,,,11642.0,0.0
3e9c210d-c2b2-4c6d-86c6-9a3c79fe2ef4,subscription,pay_toUVdBv3MUe5QU,order_HVjFh84QFc2QFf,sub_80EoEtUdr5rPx7,token_PPEKqziT2eke8Q,cust_PBaxAi0T6XUa6U,47500,INR,upi,,BAD_REQUEST_ERROR,customer,payment_initiation,card_number_invalid,You have entered an incorrect card number. Try again.,hard,pending,0,0,2026-09-03T11:42:05.997650+05:30,2026-09-03T11:42:05.997650+05:30,,closed,manual,0,+919900263422,aarav.yadav960@outlook.com,,,,,,475.0,0.0
0173956e-22d5-429a-9cb0-854dd2f50663,checkout_drop_off,,order_iAmBxp0Spxvz1I,,,cust_bAdDNSDNllPtQe,114800,INR,card,visa,CHECKOUT_DROP_OFF,customer,checkout_funnel,window_shopping_exit,Abandoned at cart_abandoned: window_shopping_exit,soft,,0,3,2026-09-03T12:57:11.997650+05:30,2026-09-03T12:57:11.997650+05:30,,closed,payment_link,0,+919876262223,aadhya.nair135@outlook.com,,,,,cart_abandoned,1148.0,0.0
a725c484-2c74-4caf-b39f-7f74174821cb,payment,pay_QhVk2Hzb1REWaN,order_ZNrKTD8tzaQHDv,,,cust_aTLVldAxcIVvik,85900,INR,card,visa,BAD_REQUEST_ERROR,gateway,payment_authorization,insufficient_funds,Your payment could not be completed due to insufficient account balance.,soft,,2,3,2026-09-03T12:59:54.997650+05:30,2026-10-03T10:59:54.997650+05:30,,recovered,auto_retry,85900,+919988624295,vivaan.ghosh378@outlook.com,,,,,,859.0,859.0
d8f48ba3-5ce5-4485-ba9b-f76bb510444d,payment,pay_yPxEo30MVy06uB,order_xpuJvz8cT5bACU,,,cust_YmsXOV0XPhs8Jq,322800,INR,netbanking,,BAD_REQUEST_ERROR,issuer_bank,payment_authorization,card_expired,Your card has expired. Please use another card.,hard,,0,0,2026-09-03T13:10:03.997650+05:30,2026-09-03T13:10:03.997650+05:30,,closed,manual,0,+918877038862,deepak.joshi920@gmail.com,,,,,,3228.0,0.0
c1150118-2f04-4cb1-9be5-da8fce33c5af,checkout_drop_off,,order_ajVUOFzA57RgHj,,,cust_azgMJiWqE5joV1,191200,INR,upi,visa,CHECKOUT_DROP_OFF,customer,checkout_funnel,delivery_time_too_long,Abandoned at address_submitted: delivery_time_too_long,soft,,0,3,2026-09-03T13:12:04.997650+05:30,2026-09-03T13:12:04.997650+05:30,,closed,payment_link,0,+919988252915,pooja.mahanty809@outlook.com,,,,,address_submitted,1912.0,0.0
45d4936c-a43e-40d1-ac85-99ff8437db37,checkout_drop_off,,order_tQospbIXxz4hOS,,,cust_X7RmQcR9rvEbRY,73300,INR,upi,rupay,CHECKOUT_DROP_OFF,customer,checkout_funnel,window_shopping_exit,Abandoned at cart_abandoned: window_shopping_exit,soft,,0,3,2026-09-03T13:35:43.997650+05:30,2026-09-03T13:35:43.997650+05:30,,closed,payment_link,0,+918877617044,vihaan.reddy225@hotmail.com,,,,,cart_abandoned,733.0,0.0
f2b9359b-235b-4187-8d14-41920c824753,payment,pay_7V85WVanvDPyYB,order_rXC439jS7AwRQG,,,cust_buMahiFDnb2soA,383300,INR,upi,,BAD_REQUEST_ERROR,issuer_bank,payment_authorization,debit_instrument_inactive,Your card is currently inactive.,technical,,4,3,2026-09-03T13:49:36.997650+05:30,2026-10-10T16:49:36.997650+05:30,,recovered,sms,383300,+919988160156,vivaan.yadav241@outlook.com,,,,,,3833.0,3833.0
55e2d6ee-b277-4570-a46b-adbce115b644,b2b_receivable,,order_v5kI8WhudpfqNg,,,cust_FLf6rAepMJH4KE,7300000,INR,netbanking,,INVOICE_PAYMENT_OVERDUE,corporate_buyer,accounts_payable_settlement,invoice_overdue_16_30_days,Corporate invoice overdue by 19 days (16_30_days).,soft,,0,3,2026-09-03T13:57:56.997650+05:30,2026-09-03T13:57:56.997650+05:30,,closed,email,0,+919988522853,ap@finmatrix.com,inv_vkonHmwCAUSrdX,FinMatrix Consulting Pvt Ltd,07ABEAA2065E4ZM,16_30_days,,73000.0,0.0
6bd934fc-ac67-4e11-bc3c-6c69eb932ff1,payment,pay_ht4YYomWpDcESM,order_IOOyLqVk4Xb1lg,,,cust_7mO8w1KuwqUMjt,404700,INR,netbanking,,BAD_REQUEST_ERROR,gateway,payment_authorization,insufficient_funds,Your payment could not be completed due to insufficient account balance.,soft,,3,3,2026-09-03T14:01:56.997650+05:30,2026-09-14T12:01:56.997650+05:30,,escalated,voice,0,+917788845661,rajesh.reddy786@gmail.com,,,,,,4047.0,0.0
13b54d14-8dcb-420f-b4e5-adc78f619275,payment,pay_VhFUxXbI0sau49,order_pcdj2IGbGDdvxX,,,cust_6KOf9quasff9Uq,327700,INR,card,mastercard,GATEWAY_ERROR,issuer_bank,payment_authorization,bank_technical_error,Bank downtime. Please try again later.,technical,,1,3,2026-09-03T14:32:50.997650+05:30,2026-09-29T10:32:50.997650+05:30,,recovered,auto_retry,327700,+917766331518,vihaan.thakur108@gmail.com,,,,,,3277.0,3277.0
4412094c-a3d9-48a2-ac50-e1efdd916a7e,payment,pay_v3FT3ClxdP1gaN,order_MUyXUpd9f43bpm,,,cust_IkYviugHiCcppv,47200,INR,card,amex,BAD_REQUEST_ERROR,gateway,payment_authorization,insufficient_funds,Your payment could not be completed due to insufficient account balance.,soft,,3,3,2026-09-03T14:53:32.997650+05:30,2026-09-11T10:53:32.997650+05:30,,recovered,auto_retry,47200,+918877200364,saanvi.patel223@yahoo.co.in,,,,,,472.0,472.0
62d5cbb7-761a-444a-8683-cffc479d20fd,b2b_receivable,,order_nFDeg7OXad8v45,,,cust_SCQsiB4KWGhLKu,6500000,INR,netbanking,,INVOICE_PAYMENT_OVERDUE,corporate_buyer,accounts_payable_settlement,invoice_overdue_current,Corporate invoice overdue by 0 days (current).,soft,,0,3,2026-09-03T14:54:26.997650+05:30,2026-09-03T14:54:26.997650+05:30,,recovered,email,6500000,+919876801869,ap@quantalytics.com,inv_EBQLXbPzIbp1BV,Quantalytics Data Systems LLP,24DEEDB9965F1ZW,current,,65000.0,65000.0
8f920dd7-9146-4174-88eb-e87ed7bf1c4f,checkout_drop_off,pay_e41cNXif5erVtU,order_KtftkQa9OCCCzb,,,cust_rCNymAhNq4q85O,157500,INR,card,visa,CHECKOUT_DROP_OFF,customer,checkout_funnel,preferred_bank_missing,Abandoned at payment_method_selected: preferred_bank_missing,soft,,0,3,2026-09-03T15:30:37.997650+05:30,2026-09-03T15:30:37.997650+05:30,,closed,payment_link,0,+917788600715,aditya.roy83@gmail.com,,,,,payment_method_selected,1575.0,0.0
e6863212-56e8-4d90-9b10-99516d06f727,mandate,pay_ydHcMHVdgeb2h4,order_RoYZfb8nLH1Bax,,token_S8bLXc0oIPo1Dk,cust_LsOFT3buOT6k6U,67800,INR,netbanking,,GATEWAY_ERROR,issuer_bank,payment_authorization,bank_technical_error,Bank downtime. Please try again later.,technical,,1,3,2026-09-03T15:48:39.997650+05:30,2026-09-12T10:48:39.997650+05:30,,recovered,auto_retry,67800,+919876952147,ishaan.bose142@rediffmail.com,,,,,,678.0,678.0
84747e27-73d7-4a66-b854-17d3009f5f3a,checkout_drop_off,,order_Bau3QWdIYyn27O,,,cust_0cjNbdECYQX8ny,515600,INR,upi,rupay,CHECKOUT_DROP_OFF,customer,checkout_funnel,window_shopping_exit,Abandoned at cart_abandoned: window_shopping_exit,soft,,0,3,2026-09-03T15:53:40.997650+05:30,2026-09-03T15:53:40.997650+05:30,,recovered,payment_link,515600,+919900185108,kavita.pillai3@outlook.com,,,,,cart_abandoned,5156.0,5156.0
10c7a956-e207-47a4-a6f7-c74d38b7c71a,checkout_drop_off,pay_nIGId1GdtDhgJG,order_egltj1nvkzwNAo,,,cust_Ha7ZrCFM8FWtZV,222100,INR,card,visa,CHECKOUT_DROP_OFF,customer,checkout_funnel,upi_intent_app_switch_failed,Abandoned at payment_method_selected: upi_intent_app_switch_failed,soft,,0,3,2026-09-03T17:50:19.997650+05:30,2026-09-03T17:50:19.997650+05:30,,closed,payment_link,0,+919123794765,kavita.iyer904@gmail.com,,,,,payment_method_selected,2221.0,0.0
588f345f-7b90-4df3-9fb8-e05d7cb07b42,payment,pay_71ToLftzH5uMJ1,order_jzJKYeOogEYx65,,,cust_IqKlBmXnLQzPEJ,96500,INR,upi,,BAD_REQUEST_ERROR,issuer_bank,payment_authorization,card_disabled_for_online_payments,Your card is disabled for online payments.,hard,,0,0,2026-09-03T19:06:13.997650+05:30,2026-09-03T19:06:13.997650+05:30,,closed,manual,0,+919876941010,aanya.reddy644@yahoo.co.in,,,,,,965.0,0.0
08ba7501-41d7-478c-85a9-0ee5eb9778d2,payment,pay_YFBVKglNzI2bXw,order_Xjmt7HzqAZH6MA,,,cust_GFw5rLbnYiCCc6,855200,INR,wallet,,GATEWAY_ERROR,gateway,payment_authentication,authentication_failed,Payment could not be completed due to incorrect OTP or verification details.,soft,,3,3,2026-09-03T19:33:27.997650+05:30,2026-09-18T15:33:27.997650+05:30,,escalated,voice,0,+919988925531,krishna.shah998@rediffmail.com,,,,,,8552.0,0.0
393fb4af-19b7-4ddf-b21f-20b9ba6da08a,subscription,pay_jooVzHNf1YdgtF,order_TRwVrmlqRiwN7Z,sub_n1TUTaWEhgbBOA,token_tBkyHY9lRd09G4,cust_nBqOcKSmI3c4HY,1113900,INR,upi,,GATEWAY_ERROR,issuer_bank,payment_authorization,bank_technical_error,Bank downtime. Please try again later.,technical,active,1,3,2026-09-03T19:33:43.997650+05:30,2026-09-23T10:33:43.997650+05:30,,recovered,auto_retry,1113900,+918877942321,vihaan.patel423@rediffmail.com,,,,,,11139.0,11139.0
1d5e584c-6b39-48df-91cc-5a047d55b356,checkout_drop_off,pay_BrAl2GwvrIiBCJ,order_NNk2Mvd4BFKGtv,,,cust_XO9lA84OhLhj1J,94100,INR,card,rupay,CHECKOUT_DROP_OFF,customer,checkout_funnel,bank_page_latency_timeout,Abandoned at otp_abandoned: bank_page_latency_timeout,soft,,0,3,2026-09-03T20:55:53.997650+05:30,2026-09-03T20:55:53.997650+05:30,,closed,payment_link,0,+918899749033,krishna.gupta130@rediffmail.com,,,,,otp_abandoned,941.0,0.0
ffa97b47-ed64-45ca-bebf-cc943f495deb,payment,pay_Yp03301hGpXxcm,order_9JjTO6Fl3tqmaI,,,cust_XLPKSdLcku2K7B,459700,INR,card,visa,BAD_REQUEST_ERROR,issuer_bank,payment_authorization,transaction_limit_exceeded,Maximum transaction limit exceeded for the day.,soft,,3,3,2026-09-03T21:06:22.997650+05:30,2026-09-28T10:06:22.997650+05:30,,recovered,auto_retry,459700,+919988821181,sanjay.roy531@outlook.com,,,,,,4597.0,4597.0
ea9da133-a5d7-4c7e-b34d-65e8b3d4bde1,payment,pay_U8aUfUWSeWxXPi,order_jjp45tAKMZkjCK,,,cust_nXLtQ4HZQ5sN0i,1181700,INR,upi,,GATEWAY_ERROR,gateway,payment_authentication,authentication_failed,Payment could not be completed due to incorrect OTP or verification details.,soft,,1,3,2026-09-03T21:12:24.997650+05:30,2026-09-06T10:12:24.997650+05:30,,recovered,auto_retry,1181700,+919988561007,aadhya.mukherjee443@yahoo.co.in,,,,,,11817.0,11817.0
f9d64c31-aa34-44f4-bf94-373d82d917f7,payment,pay_7UqcnDPXaEgKhj,order_NmVY1srkjtxVwA,,,cust_6PkOnDfDyBtvYn,1404400,INR,emandate,,GATEWAY_ERROR,issuer_bank,payment_authorization,bank_technical_error,Bank downtime. Please try again later.,technical,,1,3,2026-09-03T21:45:32.997650+05:30,2026-09-17T10:45:32.997650+05:30,,recovered,auto_retry,1404400,+919988280919,rahul.reddy480@gmail.com,,,,,,14044.0,14044.0
e3155f6b-0a8c-4d1d-93da-f53010dd72d6,checkout_drop_off,pay_oFEZWhmbSj9VgR,order_mLLV1j2nNdcKYm,,,cust_9OAobtTHRxMw2H,159000,INR,upi,rupay,CHECKOUT_DROP_OFF,customer,checkout_funnel,upi_intent_app_switch_failed,Abandoned at payment_method_selected: upi_intent_app_switch_failed,soft,,0,3,2026-09-03T22:06:17.997650+05:30,2026-09-03T22:06:17.997650+05:30,,closed,payment_link,0,+919123708518,krishna.thakur264@gmail.com,,,,,payment_method_selected,1590.0,0.0
c4679d0a-eafb-4a31-9e4e-45572614215e,checkout_drop_off,,order_EwTrR5zhycLdCs,,,cust_B3oVXEkm2qjWxH,223400,INR,card,rupay,CHECKOUT_DROP_OFF,customer,checkout_funnel,accidental_tab_close,Abandoned at cart_abandoned: accidental_tab_close,soft,,0,3,2026-09-03T23:00:48.997650+05:30,2026-09-03T23:00:48.997650+05:30,,closed,payment_link,0,+918899675833,nisha.roy528@yahoo.co.in,,,,,cart_abandoned,2234.0,0.0
682ca6c7-35ac-45b1-8ff2-bb8c8f479f27,checkout_drop_off,,order_CTuigk2HJpyPPs,,,cust_6xjz7s36ItUyfk,109000,INR,card,rupay,CHECKOUT_DROP_OFF,customer,checkout_funnel,unexpected_shipping_fees,Abandoned at address_submitted: unexpected_shipping_fees,soft,,0,3,2026-09-03T23:41:50.997650+05:30,2026-09-03T23:41:50.997650+05:30,,recovered,payment_link,109000,+917788363173,priya.patel675@outlook.com,,,,,address_submitted,1090.0,1090.0
ecd09bcb-0a63-48d4-9172-c004fdf5d567,payment,pay_73sBvGt7Wg21LF,order_gBfyNYz4QJAMIS,,,cust_JEIhA0kfGJ4kOb,812100,INR,card,mastercard,BAD_REQUEST_ERROR,customer,payment_initiation,incorrect_cvv,Incorrect CVV entered.,soft,,3,3,2026-09-03T23:58:25.997650+05:30,2026-09-16T11:58:25.997650+05:30,,escalated,voice,0,+919900047842,arjun.ghosh455@gmail.com,,,,,,8121.0,0.0
